,Unnamed: 0,id,link,type,title,text,area_text,area_name,num_areas,city,clean_text,predicted_category
0,0,160,https://districtr.org/COI/12742,coi,University City 3rd Ward,"Housing Values, bringing resources to traditionally underserved community and reducing segregation","This is the neighborhoods generally north of Olive Blvd in University City - the dividing line of Olive Boulevard has traditionally segregated between the black neighborhoods and the white neighborhoods, and between the lower socioeconomic classes and the more affluent. In particular, housing values drop sharply when you go north of Olive even for homes very similar to those south of Olive. The 3rd Ward Community shares an interest in bringing resources to invest in this part of U City to increase housing values, preserve generational wealth, and increase opportunities for working families to live in mixed-race and socioeconomically diverse neighborhood.",University City 3rd Ward,1.0,St. Louis,"Housing Values , bringing resources to traditionally underserved community and reducing segregation",Vulnerable populations
1,1,152,https://districtr.org/COI/12745,coi,Webster Groves Area,"School District (most), shopping districts, Webster University.This community is currently split between Congressional Districts; the residents to the north (currently in CD-1) interact on a daily basis -school, shopping, community development - with other residents in CD-2",,Community 1,1.0,Webster Groves,"( most ) , shopping districts , Webster University . This community is currently split between Congressional Districts ; the residents to the north ( currently in CD-1 ) interact on a daily basis -school , shopping , community development - with other residents in CD-2",University
2,2,156,https://districtr.org/COI/13234,coi,Romanelli West,"Single-family homes, multigenerational","Romanelli West is outlined by these streets:
N: 64th Terrace
S: Gregory/71st
E: Ward Parkway
W: State Line Road
One-family homes. 
Multigenerational, a mix of single owners, families and older owners.
",Romanelli West ,1.0,Kansas City,"Single - family homes , multigenerational",Family and Children
3,3,148,https://districtr.org/COI/13234,coi,Romanelli West,"Single-family homes, multigenerational","Romanelli West is outlined by these streets:
N: 64th Terrace
S: Gregory/71st
E: Ward Parkway
W: State Line Road
One-family homes. 
Multigenerational, a mix of single owners, families and older owners.
",Romanelli West ,1.0,Kansas City,"Single - family homes , multigenerational",Family and Children
4,4,143,https://districtr.org/COI/16818,coi,Westside Neighborhood,"Gentrification, family issues, autonomy from Downtown KC. Our neighborhood is truly a residential area, but tends to be over-taken by the Crossroads and Downtown areas, which causes many issues amongst residents and city officials.","This community sits just West of Downtown Kansas City, and has many diverse residents, including Hispanic, Black and White citizens.",Westside Neighborhood- KCMO,1.0,Kansas City,"Gentrification , family issues , autonomy from Downtown . Our neighborhood is truly a residential area , but tends to be over - taken by the Crossroads and Downtown areas , which causes many issues amongst residents and city officials .",Named neighborhood
5,6,150,https://districtr.org/COI/17227,coi,west & south count,Same School District,,AAPI west & south county,1.0,St. Louis,Same School District,K-12 Education
6,7,145,https://districtr.org/COI/17993,coi,Mark Twain Neighborhood,"parks, walkability, green space, nature, pedestrian safety, sidewalks, streetlights, noise, car theft. The Greenways trail system that runs through this neighborhood along South Creek is amazing. It is bicycle and walk-friendly and stretches from East to West Springfield. It's important to keep this trail maintained and safe, as many people and families use this trail for recreational activities.","Beautiful Greenways trails, Nathaniel Greene Park/Close Memorial Garden, walk and bicycle-friendly along Greenways trails in the neighborhood, Has a registered neighborhood association that is active",Mark Twain Neighborhood,1.0,Springfield,"parks , walkability , green space , nature , pedestrian safety , sidewalks , streetlights , noise , car theft . The Greenways trail system that runs through this neighborhood along is amazing . It is bicycle and walk - friendly and stretches from to West Springfield . It 's important to keep this trail maintained and safe , as many people and families use this trail for recreational activities .",Community engagement
7,8,157,https://districtr.org/COI/17998,coi,Rental area in Springfield,"Residents who live here live in small, older homes, or in an affordable housing unit with multiple apartments.  Many of the residents are physically or mental handicapped.",This area contains small rental older homes and an affordable housing unit with approximately 35 apartments.  Many of the residents are physically handicapped .,Group of renters,1.0,Springfield,"Residents who live here live in small , older homes , or in an affordable housing unit with multiple apartments .   Many of the residents are physically or mental handicapped .",Vulnerable populations
8,9,159,https://districtr.org/COI/18001,coi,Spanish Lake,Distinct unincorporated community to preserve whole.,A much-maligned corner of St Louis County,Spanish Lake,1.0,Florissant,Distinct unincorporated community to preserve whole .,Diversity
9,10,144,https://districtr.org/COI/18115,coi,Downtown Loft District,"high density, many renters, business district",Downtown neighborhood where most residential property is high rise buildings,Downtown Loft District,1.0,St Louis,"high density , many renters , business district",Named neighborhood
10,11,146,https://districtr.org/COI/20551,coi,Near Southwest/Central St. Louis County,"housing type, suburban but impacted by central city, some economic similarity, cultural similarity. Just my opinion based on lived experience. Trying to keep school districts and municipalities intact points up the absurdity of some boundaries.","Suburbs related by housing density, school districts to the extent possible, and some degree of economic and cultural similarity.",Near Southwest/Central St. Louis County,1.0,St. Louis,"housing type , suburban but impacted by central city , some economic similarity , cultural similarity . Just my opinion based on lived experience . Trying to keep school districts and municipalities intact points up the absurdity of some boundaries .",Suburbs
11,12,142,https://districtr.org/COI/21374,coi,"Webster Groves, MO",A community,"People that live in Webster Groves and parts of Shrewsbury, Rock Hill and Glendale.",Webster Groves,1.0,St. Louis,A community,Named neighborhood
12,13,155,https://districtr.org/COI/21375,coi,Webster Groves School District,Families lives in Webster Groves School District,,Community 1,1.0,Webster Groves,Families lives in Webster Groves School District,Family and Children
13,14,161,https://districtr.org/COI/21376,coi,Historic North Webster,This neighborhood represents the historically black community of Webster Groves and Rock Hill.,,Community 1,1.0,Webster Groves,This neighborhood represents the historically black community of Webster Groves and Rock Hill .,Named neighborhood
14,15,147,https://districtr.org/COI/21378,coi,Inner TGP,"A mix of older deeply religious people and younger, very progressive people. Varies house by house. Mostly liberal, mostly on the wealthier side for South City",Wealthier section bordering tower grove park,Inner TGP,1.0,St. Louis,"A mix of older deeply religious people and younger , very progressive people . Varies house by house . Mostly liberal , mostly on the wealthier side for",Religion
15,16,154,https://districtr.org/COI/21380,coi,"Student Population Kirksville, MO","These districts primarily consist of students from AT Still and Truman State University. This gives them common interests in regards to renter rights, student loan policy, and other issues concerning student needs.","These areas of Kirksville, MO are primarily rental properties that house 
AT Still University and Truman 
State University Students. ",Student Housing- ATSU and Truman State University,1.0,Kirksville,"These districts primarily consist of students from AT Still and Truman State University . This gives them common interests in regards to renter rights , student loan policy , and other issues concerning student needs .",University
16,17,151,https://districtr.org/COI/21381,coi,Jefferson Township,"Many share schools, community events, sports interests, literate generally",,Jefferson Township StLCO,1.0,Webster Groves,"Many share schools , community events , sports interests , literate generally",Community engagement
17,18,153,https://districtr.org/COI/21382,coi,Webster Groves/Rock Hill/Shrewsbury - WG,"same school district, same shopping, areas of worship, schools. This area has been split up, sometimes racially, in the past between CDs and state and senate district",,Community 1,1.0,Webster Groves,"same school district , same shopping , areas of worship , schools . This area has been split up , sometimes racially , in the past between CDs and state and senate district",Community engagement
18,19,162,https://districtr.org/COI/21385,coi,City of Webster Groves,Common municipality,Rough outline of municipality of Webster Groves.,City of Webster Groves,1.0,Webster Groves,Common municipality,Cities
19,20,138,https://districtr.org/COI/21972,coi,Kirkwood Webster Groves,The School Districts are very involved with each other.,Kirkwood & Webster Groves School Districts,Community 1,1.0,Kirkwood,The School Districts are very involved with each other .,Community engagement
20,21,134,https://districtr.org/COI/22008,coi,Fulton area,Largest employer in the area is the state prison/hospital. many folks in surrounding towns drive to fulton to work there.,Largest employer in the area is the Fulton prison & state hospital. Many people drive from outside of town to work there.,Fulton Area,1.0,Kansas City,Largest employer in the area is the state prison / hospital . many folks in surrounding towns drive to to work there .,Diversity
21,22,163,https://districtr.org/COI/22525,coi,Palmyra Community,"Palmyra is a strong and vibrant rural community largely centered around the local public schools. Many residents work in farming-related jobs, light manufacturing,  the service sector, health care, and education. ","Palmyra is a strong and vibrant rural community largely centered around the local public schools. Many residents work in farming-related jobs, light manufacturing,  the service sector, health care, and education. ",Palmyra Community,1.0,Lee's Summit,"Palmyra is a strong and vibrant rural community largely centered around the local public schools . Many residents work in farming - related jobs , light manufacturing ,   the service sector , health care , and education .",Named neighborhood
22,23,141,https://districtr.org/COI/22781,coi,North Columbia,"Working families in northern Columbia, many with kids who attend Derby Ridge and Blue Ridge schools ","Working families in northern Columbia, many with kids who attend Derby Ridge and Blue Ridge schools ",North Columbia ,1.0,Columbia,"Working families in northern , many with kids who attend and schools",Family and Children
23,24,140,https://districtr.org/COI/22831,coi,"Hyde Park, some Rockhill & Southmoreland","Hyde Park, plus Rockhill and Southmoreland neighborhoods north of  47th and east of Oak in order to include the census tract in which the southernmost part of Hyde Park is located, is a diverse community of older (100+ years) houses with some duplexes and apartments (many in tall buildings on Armour Blvd and some in smaller apt. buildings in north and south Hyde Park and Southmoreland).  Many of the apt. buildings on Armour Blvd were 100% Section 8 until Mac Properties started turning them into market rate apartments probably less than 10 years ago, and only two 100% Section 8 buildings remain.  Mac is building 3 new apt. buildings on Armour (also market rate), and there is already not enough off-street parking.  Although a nursing home and a group home for people with developmental disabilities have been returned to large single family homes in the last several years, there are still houses and buildings that serve as transitional housing for people in substance abuse recovery, families experiencing homelessness, and people with mental health concerns.  There are 3 liberal mainline Protestant Churches, two of which provide office space for worker's rights nonprofit organizations, and all three provide services to low income people in the community and also welcome people who identify as LGBT.  Al-Inshirah Islamic Center is in this community.  Kansas City Public Schools are improving, but that's not well known, and charter and private schools still draw students away from KCPS.  Academie Lafayette French Immersion Charter School and Notre Dame de Sion Lower School are in the community.  The Nelson Atkins Museum of Art is in the generally affluent Rockhill neighborhood.  Houses in North and South Hyde Park and Southmoreland seem to be increasingly owner-occupied and more families with young children seem to be living in the neighborhoods.  Although housing prices are going up, homes in the area are still significantly less expensive than parts of Kansas City to the southwest.  60% of housing is renter-occupied.   2% of resdients have identified as Asian, 3% as more than one race, 8% as Hispanic, 30% as black, and 57% as white. Median income is  about $50,000.  Residents generally support expanding access to health care and the rights of workers, women, people with disabilities, and members of ethnic and racial minority groups.  LGBT homeowners and immigrants have been welcome in the community for decades. The community is located on the historically white side of the (artificially created) dividing line between black and white Kansas City--Troost Avenue, but the divide is being broken down.  ","This community has mostly older houses (100+ years). ""Urban pioneers"" moved to Central Hyde Park (Armour to 39th) in the '70s and rehabbed houses, returning houses that had been divided into apartments after WWII back into single family homes.  The neighborhood association became hyper vigilant about ""density,"" but there have always been apartments and duplexes throughout Hyde Park, mostly in North and South Hyde Park. In the last decade or so more houses in N and S Hyde Park seem to have become owner-occupied, and more have small children.  Historically, real estate agents steered home buyers away, citing Public School challenges and bias against ""Midtown,"" code for black and lower income people in the neighborhoods or nearby.  Housing prices are increasing.  Armour Blvd had many 100% Section 8 apartment buildings in the '80s, now all but 2 are market rate, as Mac Properties has invested heavily. A new large apartment building is about to open on Armour Blvd. and three more apartment buildings are being built on Armour Blvd and Troost. All of these are market rate rentals, and there's already a parking shortage for existing Armour Blvd. apartment dwellers).  Crime at Armour and Troost, and west to Gillham, has been problematic but seems to be improving in recent years. The neighborhoods have been welcoming to LGBT people for decades and homeowning neighbors have taken pride in being a diverse community that welcomes people of color and immigrants. Residents are generally politically liberal, in terms of supporting health care and the rights of workers, women, racial minorities.  Rockhill north of 47th was put in this community due to census tracts;  it's a generally affluent neighborhood in which the Nelson Atkins Museum of Art is located.  Part of Southmoreland is also in this community;  also old homes, many rehabbed in recent years. ",Hyde Park and parts of Rockhill and Southmoreland North of 47th and east of Oak,1.0,Jackson,"Hyde Park , plus Rockhill and Southmoreland neighborhoods north of   47th and east of in order to include the census tract in which the southernmost part of is located , is a diverse community of older ( 100 + years ) houses with some duplexes and apartments ( many in tall buildings on Armour Blvd and some in smaller apt . buildings in north and south Hyde Park and ) .   Many of the apt . buildings on Armour Blvd were 100 % Section 8 until Mac Properties started turning them into market rate apartments probably less than 10 years ago , and only two 100 % Section 8 buildings remain .   Mac is building 3 new apt . buildings on Armour ( also market rate ) , and there is already not enough off - street parking .   Although a nursing home and a group home for people with developmental disabilities have been returned to large single family homes in the last several years , there are still houses and buildings that serve as transitional housing for people in substance abuse recovery , families experiencing homelessness , and people with mental health concerns .   There are 3 liberal mainline Protestant Churches , two of which provide office space for worker 's rights nonprofit organizations , and all three provide services to low income people in the community and also welcome people who identify as LGBT .   Al - Inshirah Islamic Center is in this community .   Kansas City Public Schools are improving , but that 's not well known , and charter and private schools still draw students away from KCPS .   Academie Lafayette French Immersion Charter School and Notre Dame de Sion Lower School are in the community .   The Nelson Atkins Museum of Art is in the generally affluent Rockhill neighborhood .   Houses in and seem to be increasingly owner - occupied and more families with young children seem to be living in the neighborhoods .   Although housing prices are going up , homes in the area are still significantly less expensive than parts of to the southwest .   60 % of housing is renter - occupied .    2 % of resdients have identified as Asian , 3 % as more than one race , 8 % as Hispanic , 30 % as black , and 57 % as white . Median income is   about $ 50,000 .   Residents generally support expanding access to health care and the rights of workers , women , people with disabilities , and members of ethnic and racial minority groups .   LGBT homeowners and immigrants have been welcome in the community for decades . The community is located on the historically white side of the ( artificially created ) dividing line between black and white -- Troost Avenue , but the divide is being broken down .  ",Vulnerable populations
24,25,139,https://districtr.org/COI/22878,coi,University City Eruv,An eruv is a symbolic enclosure that surrounds the Jewish community.,An eruv is a symbolic enclosure that surrounds the Jewish community.,University City Eruv,1.0,St. Louis,An eruv is a symbolic enclosure that surrounds the Jewish community .,Religion
25,26,137,https://districtr.org/COI/22939,coi,Columbia-Old SW,"This is a community of families who care about their neighborhood (several neighborhood associations), education and schools, hospitals and health care. The community is involved in government at the local, state, and federal levels and votes at a high rate.","This is a community of families who care about their neighborhood (several neighborhood associations),  education and schools, hospitals and health care. The community is involved in government at the local, state, and federal levels and votes at a high rate.",Columbia-Old SW,1.0,Columbia,"This is a community of families who care about their neighborhood ( several neighborhood associations ) , education and schools , hospitals and health care . The community is involved in government at the local , state , and federal levels and votes at a high rate .",Community engagement
26,27,136,https://districtr.org/COI/22940,coi,Blue Springs Lees Summit Indep KC crssrd,An area in the Kansas City Metro where four cities meet around main highway and shopping. A mix of middle income homeowners and renters. There is a higher percentage of hispanic voters than Missouri overall.,An area in the Kansas City Metro where four cities meet around main highway and shopping. A mix of middle income homeowners and renters. There is a higher percentage of hispanic voters than Missouri overall.,"Blue Springs, Lees Summit, Indep, KC crossroad",1.0,Independence,An area in the Metro where four cities meet around main highway and shopping . A mix of middle income homeowners and renters . There is a higher percentage of hispanic voters than overall .,Cities
27,28,135,https://districtr.org/COI/23356,coi,Westside North KC,"The North End of the historic Westside neighborhood in KCMO. Common interests include concerns around safety, homelessness, and neighborhood preservation. Of the entire Westside, this area has experienced the most gentrification, bringing some unique issues to the table. Short term rentals, preserving the neighborhood environment, rising taxes, etc. Tends to skew higher income than the rest of the Westside with higher population of white Americans as well.",The North End of the historic Westside neighborhood in KCMO,Westside North,1.0,Kansas City,"The North End of the historic Westside neighborhood in KCMO . Common interests include concerns around safety , homelessness , and neighborhood preservation . Of the entire Westside , this area has experienced the most gentrification , bringing some unique issues to the table . Short term rentals , preserving the neighborhood environment , rising taxes , etc . Tends to skew higher income than the rest of the Westside with higher population of white Americans as well .",Vulnerable populations
28,29,133,https://districtr.org/COI/23652,coi,Greater Sullivan Area,"This is the area of the city of Sullivan and the surrounding areas that are centered around Sullivan High School. The high school services 3 k-8 schools in the area. People in this area also often interact with organizations and businesses in the city of Sullivan. This creates common interests in terms of education policy, city infrastructure, and economic development. The area is primarily composed of long term farmers and property owners, and also commuters to the city of St. Louis. ","This is the area of the city of Sullivan and the surrounding areas that are centered around Sullivan High School. The high school services 3 k-8 schools in the area. People in this area also often interact with organizations and businesses in the city of Sullivan. This creates common interests in terms of education policy, city infrastructure, and economic development. The area is primarily composed of long term farmers and property owners, and also commuters to the city of St. Louis. ",Greater Sullivan Area,1.0,Sullivan,"This is the area of the city of Sullivan and the surrounding areas that are centered around Sullivan High School . The high school services 3 k-8 schools in the area . People in this area also often interact with organizations and businesses in the city of Sullivan . This creates common interests in terms of education policy , city infrastructure , and economic development . The area is primarily composed of long term farmers and property owners , and also commuters to the city of .",Community engagement
29,30,132,https://districtr.org/COI/23906,coi,St Louis Region - Race & Ethnicity,"St Louis Region - Race, Ethnicity & School Districts","Multi Ethnic
",St Louis,1.0,St Louis,", Ethnicity & School Districts",Diversity
30,31,131,https://districtr.org/COI/24118,coi,"Rural Franklin, Jefferson, Washington Co","Rural section of SE Franklin County, SW Jefferson County, & N Washington County. Mostly farms & owner-occupied single family homes. Mostly white Voting Age Population. Median income $40-45k. ","Rural section of SE Franklin County, SW Jefferson County, & N Washington County. Mostly farms & owner-occupied single family homes. Mostly white Voting Age Population. Median income $40-45k. ","Rural Franklin, Jefferson, Washington Counties",1.0,Lonedell,"Rural section of SE , SW , & N . Mostly farms & owner - occupied single family homes . Mostly white Voting Age Population . Median income $ 40 - 45k .",Named neighborhood
31,32,38,https://districtr.org/COI/24216,coi,Kribs Southmoreland Community Highlights,"We are a family with 2 young kids, so we marked the places that we frequent or that affect us most significantly.","A community with a diverse array of housing types (rental apartments, condos, single family houses, large historic houses), green spaces, artistic centers, and some businesses. The population seems to range from unhoused, struggling young people to wealthy professionals, with every category in between.",Southmoreland,1.0,Kansas City,"We are a family with 2 young kids , so we marked the places that we frequent or that affect us most significantly .",Family and Children
32,33,130,https://districtr.org/COI/24693,coi,Southwest Kansas City,"This map includes an area of 33,590 residents who mostly share community interests. I believe the wealthiest and least wealthy people on the map would have a community issue to discuss if they struck up a conversation in the grocery store.","This community of 33.590, which includes a mix of retirees, families with children and young professionals, prides itself on home ownership and beautification and strong public involvement. While rental properties are concentrated in the southern tracts, my canvassing makes it clear that the renters share community interests. They include close attention  to state and local issues, as evidenced by strong turnouts at town hall and community meetings hosted by elected officials and community leaders. Infrastructure is a major issue because broken sidewalks or no sidewalks proliferate, and potholes appear regularly on the streets. There is intense interest in public, charter and private education and close attention to the Kansas City Public School District, even from neighbors who don't have children there. A committed group of parents worked hard for the reopening of a public K-5 school a few years ago and it has been a huge success. There is strong advocacy for good public transit and strong support for the extension of the downtown trolley line, which will now extend to the University of Missouri-Kansas City. Many educators and graduates of this this four-year school live in the community. The Trolley Trail, which runs the length of the map, is popular among runners, joggers, walkers, bicyclists and dog walkers. Faith is important as houses of worship of several religions and denominations are represented.  Residents would like the state Legislature to be more considerate of urban problems, such as gun violence, health care, lack of affordable housing and the need for local control of the Kansas City Police Department.  ",Southwest Kansas City,1.0,"Kansas City, MO","This map includes an area of 33,590 residents who mostly share community interests . I believe the wealthiest and least wealthy people on the map would have a community issue to discuss if they struck up a conversation in the grocery store .",Community engagement
33,34,57,https://districtr.org/COI/24822,coi,Roanoke Neighborhood,"Historic neighborhood 77% white professional (lawyers, MD, architects), family-oriented Approx 100 homes, single family (per covenant) Long term residents (30+ years) Socially and politically active, community-oriented, strong neighborhood traditions with numerous annual events","Historic neighborhood
77% white professional (lawyers, MD, architects), family-oriented
Approx 100 homes, single family (per covenant)
Long term residents (30+ years)
Socially and politically active, community-oriented, strong neighborhood traditions with numerous annual events",Roanoke Neighborhood,1.0,Kansas City,"Historic neighborhood 77 % white professional ( lawyers , , architects ) , family - oriented 100 homes , single family ( per covenant ) Long term residents ( 30 + years ) Socially and politically active , community - oriented , strong neighborhood traditions with numerous annual events",Community engagement
34,35,58,https://districtr.org/COI/24823,coi,Coleman-Highlands,"Established neighborhood with mixed age housing Majority white and hispanic families More than 90% owner-occupied homes Long term residents  Socially and politically active, community-oriented, strong neighborhood traditions ","Established neighborhood with mixed age housing
Majority white and hispanic families
More than 90% owner-occupied homes
Long term residents 
Socially and politically active, community-oriented, strong neighborhood traditions ",Coleman-Highlands,1.0,Kansas City,"Established neighborhood with mixed age housing Majority white and hispanic families More than 90 % owner - occupied homes Long term residents   Socially and politically active , community - oriented , strong neighborhood traditions",Community engagement
35,36,59,https://districtr.org/COI/24824,coi,Valentine Neighborhood,"Established neighborhood with some historic homes and some newly re-purposed (ie Norman School is now apts) Majority white (67%), some black (17%) and hispanic (11%) families More than 80% rental properties Socially and politically active, community-oriented, strong neighborhood traditions ","Established neighborhood with some historic homes and some newly re-purposed (ie Norman School is now apts)
Majority white (67%), some black (17%) and hispanic (11%) families
More than 80% rental properties
Socially and politically active, community-oriented, strong neighborhood traditions ",Valentine Neighborhood,1.0,Kansas City,"Established neighborhood with some historic homes and some newly re - purposed ( ie Norman School is now apts ) Majority white ( 67 % ) , some black ( 17 % ) and hispanic ( 11 % ) families More than 80 % rental properties Socially and politically active , community - oriented , strong neighborhood traditions",Community engagement
36,37,65,https://districtr.org/COI/24982,coi,schools sports work and travel,This more real of the communties that are in work travel shopping and school sports. ,common sports regions for schools as well as work travel and shopping,everyday places,1.0,Houstonia,This more real of the communties that are in work travel shopping and school sports .,Community engagement
37,38,129,https://districtr.org/COI/24986,coi,Old Main Street St. Charles,"Businesses here, some live & work in the same space.  Tourist dollars very important to this area but also all the activities wear on residents.  Older homes many historic in nature. ","Businesses here, some live & work in the same space.  Tourist dollars very important to this area but also all the activities wear on residents.  Older homes many historic in nature.  ",Old Main Street St. Charles,1.0,FORISTELL,"Businesses here , some live & work in the same space .   Tourist dollars very important to this area but also all the activities wear on residents .   Older homes many historic in nature .",Economy and Commerce
38,40,128,https://districtr.org/COI/25408,coi,Greater South County Area,"This map includes the 116,000 residents of the Greater South County area who share a lot of commonalities. They share neighboring school districts which gives them a shared interest in the education of their children. The majority of the residents are working middle class homeowners which gives them the same sort of economic issues to deal with. They also share the experience of being close to both the St Louis metro area and a variety of rich Missouri natural areas which lends a unique experience of a snapshot of everything Missouri has to offer.","This map includes the 116,000 residents of the Greater South County area who share a lot of commonalities. They share neighboring school districts which gives them a shared interest in the education of their children. The majority of the residents are working middle class homeowners which gives them the same sort of economic issues to deal with. They also share the experience of being close to both the St Louis metro area and a variety of rich Missouri natural areas which lends a unique experience of a snapshot of everything Missouri has to offer. ",Greater South County Area,1.0,Affton,"This map includes the 116,000 residents of area who share a lot of commonalities . They share neighboring school districts which gives them a shared interest in the education of their children . The majority of the residents are working middle class homeowners which gives them the same sort of economic issues to deal with . They also share the experience of being close to both the metro area and a variety of rich natural areas which lends a unique experience of a snapshot of everything has to offer .",Community engagement
39,41,103,https://districtr.org/COI/25506,coi,Northland KC BurlingtonCreek,Northland KC  - west of I-29 along the 64th street corridor ,Middle class families; majority Caucasian; work outside their home base; conservative. concerned about schools; infrastructure; lots of new housing being built for the increase in population that is occurring. Lots of new younger folks/families moving into the area.  The convening place is church; kids sports. ,KC North - Northwest Prairie View Dr/Burlington Creek,1.0,KC Platte County ,Northland KC   - west of I-29 along the 64th street corridor,Named neighborhood
40,43,113,https://districtr.org/COI/25651,coi,West Central Springfield,"a local brewery, restaurants, bars; high number of rentals due to downtown area and proximity to Missouri State University; McGregor Elementary; Campbell Early Childhood Center; a large number of vacant and nuisance properties; lack of available affordable housing; West Central Neighborhood Association; poverty an issue","Downtown Springfield; Lots of local shops, a local brewery, restaurants, bars; high number of rentals due to downtown area and proximity to Missouri State University; McGregor Elementary; Campbell Early Childhood Center; a large number of vacant and nuisance properties; lack of available affordable housing; West Central Neighborhood Association; poverty an issue",West Central Springfield,1.0,Springfield,"a local brewery , restaurants , bars ; high number of rentals due to downtown area and proximity to Missouri State University ; McGregor Elementary ; Campbell Early Childhood Center ; a large number of vacant and nuisance properties ; lack of available affordable housing ; West Central Neighborhood Association ; poverty an issue",Family and Children
41,44,164,https://districtr.org/COI/25986,coi,City of Hazelwood,"Currently served by three different fire departments, in discussions about how to proceed in future","Currently served by three different fire districts, in discussions about whether this continues in future",City of Hazelwood,1.0,,"Currently served by three different fire departments , in discussions about how to proceed in future",Community engagement
42,45,167,https://districtr.org/COI/26069,coi,"Springfield, Mo College Community","This is the area of Springfield, MO that houses the three largest college campuses. There is housing and shopping all directed towards college students here. ","This is the area the represents the college campuses in Springfield, MO. This area has large apartment complexes, shops, and stores directed at college students. ",College Community,1.0,Springfield,"This is the area of , that houses the three largest college campuses . There is housing and shopping all directed towards college students here .",Named neighborhood
43,46,168,https://districtr.org/COI/26074,coi,"Medical Mile - Springfield, MO",This area is referred to as the Medical Mile in Springfield. This stretch of community is where the two largest hospitals and their smaller clinics also reside providing patients access to all aspects of medical care. ,This area is referred to as the Medical Mile in Springfield. This stretch of community is where the two largest hospitals and their smaller clinics also reside providing patients access to all aspects of medical care. ,Medical Mile,1.0,,This area is referred to as the Medical Mile in . This stretch of community is where the two largest hospitals and their smaller clinics also reside providing patients access to all aspects of medical care .,Community engagement
44,47,190,https://districtr.org/COI/26144,coi,South Center City Springfield,"This community contains Missouri State University campus to the North and Mercy Hospital to the east.  The community consists of middle to lower middle class single home dwellings, senior citizens to young families, student housing and apartment complexes.  Common concerns consist of student housing, crowded streets, narrow streets , and traffic problems.","This community contains Missouri State University campus to the North and Mercy Hospital to the east.  The community consists of middle to lower middle class single home dwellings, student housing and apartment complexes.  Common concerns consist of student housing, crowded streets, narrow streets , and traffic problems.",South Center City Springfield,1.0,Springfield,"This community contains Missouri State University campus to the North and Mercy Hospital to the east .   The community consists of middle to lower middle class single home dwellings , senior citizens to young families , student housing and apartment complexes .   Common concerns consist of student housing , crowded streets , narrow streets , and traffic problems .",University
45,48,191,https://districtr.org/COI/26149,coi,Retired and Working Seniors,"Retired community, working seniors, downsizing, affordable rent, access to healthcare, access to public transportation, accessible housing",,Community 1,1.0,Springfield,"Retired community , working seniors , downsizing , affordable rent , access to healthcare , access to public transportation , accessible housing",Elderly
46,49,193,https://districtr.org/COI/26154,coi,Greater Nixa,"Greater Nixa is anchored by an outstanding public school system, which is the focus of my map.","There's strong support for Nixa's public school district; bond issues as well as tax levies are consistently successful. School system attracts quality teachers, board of education has won several statewide awards for its leadership. Nixa was formerly a sleepy, small town but for last 35 years has grown to a mix of ""hometowners"" and people who work in Springfield, about nine miles to the north. This growth is due to excellent public schools and rapid housing development  In the 1990s Nixa school district was fastest growing school district in Missouri. Today, growth has slowed a bit--but not much. City government has been future oriented: Nixa Public Building Corporation was established about 1990 to issue bonds for a much-needed new City Hall; a fee was created whereby landlords pay for a city inspection each time the tenant changes making sure the rental is safe and meets building codes; Nixa City Council imposed a facial mask requirement during Covid that withstood some public opposition. County government has a history of cooperation with Nixa, one of the two largest cities in the county, especially in the area of economic development. City of Nixa has successfully courted gigabit speed internet for residents and business. The City purchases power from a 72-acre solar farm constructed in 2017. Nixa struggles to attract new business though a newly reenergized Chamber of Commerce is helping. The Nixa region considers itself autonomous in spite of its dependence on Springfield and Greene County for health care, higher education and entertainment. Residents of the Nixa region are proud to be Christian Countians. In spite of progressive accomplishments, residents are solidly conservative in politics and most are likely church-goers who declare as Christians.",Greater Nixa,1.0,Nixa/Christian,"Greater Nixa is anchored by an outstanding public school system , which is the focus of my map .",K-12 Education
47,50,210,https://districtr.org/COI/26536,coi,Southwest Kansas City,"This part of southwest Kansas City includes quiet neighborhoods with ranch-style homes, an increasing number of apartments, shopping areas and Burns&McDonnell global engineering company. Bordered by I-435 on the south, State Line Road on the West, Holmes on the east and 85th Street on the north. It seems to be transitioning from an older population of home-owners to younger and more diverse owners and renters. ","This part of southwest Kansas City includes quiet neighborhoods with ranch-style homes, an increasing number of apartments, shopping areas and Burns&McDonnell global engineering company. Bordered by I-435 on the south, State Line Road on the West, Holmes on the east and 85th Street on the north.
It seems to be transitioning from an older population of home-owners to younger and more diverse owners and renters. ",Southwest Kansas City,1.0,Kansas City,"This part of southwest includes quiet neighborhoods with ranch - style homes , an increasing number of apartments , shopping areas and Burns&McDonnell global engineering company . Bordered by I-435 on the south , State Line Road on the West , Holmes on the east and 85th Street on the north . It seems to be transitioning from an older population of home - owners to younger and more diverse owners and renters .",Diversity
48,51,211,https://districtr.org/COI/26571,coi,Shawnee park ,,People who used and work at St. Francis Medical Center.,St. Francis medical center,1.0,Cape Girardeau,,Unknown
49,52,212,https://districtr.org/COI/26571,coi,st Francis medical center,very influential community,People who used and work at St. Francis Medical Center.,St. Francis medical center,1.0,Cape Girardeau,very influential community,Named neighborhood
50,53,213,https://districtr.org/COI/26574,coi,Severe earthquake danger to residences,,This area is especially vulnerable to earthquake damage but neither the city nor the state has in place any program to help people retrofit their homes for seismic resistance.  It is not only older homes that are inadequate.  The city of Cape Girardeau exempts new residential building from the construction standards which are meant for regions of high seismic risk such as ours.,Highly endangered in case of earthquake,1.0,"City of Cape Girardeau, Cape Girardeau County ",,Unknown
51,54,215,https://districtr.org/COI/26577,coi,North Cape,"People who use trails, fitness center, ","people who use trails, fitness center,  restaurants, banks",county park,1.0,Cape  Girardeau,"People who use trails , fitness center ,",Community engagement
52,55,214,https://districtr.org/COI/26578,coi,CDurgan lower income cape,Rented homes and lower income area,People with low income and high percentage of families in rented homes,Lower-income Cape,1.0,Cape Girardeau,Rented homes and lower income area,Poverty
53,56,218,https://districtr.org/COI/26658,coi,West Plains R7 School District,These are the people who are affected by the level of school funding in the West Plains R7 school district. People don't want to approve a local tax increase for the school district because of their economic circumstances. This is the largest population grouping in the county.  The income is relatively high for the area.,These are the people who are affected by the level of school funding in the West Plains R7 school district. People don't want to approve a local tax increase for the school district because of their economic circumstances. This is the largest population grouping in the county.  The income is relatively high for the area.,West Plains R7 School District,1.0,"West Plains, Howell County",These are the people who are affected by the level of school funding in the West Plains R7 school district . People do n't want to approve a local tax increase for the school district because of their economic circumstances . This is the largest population grouping in the county .   The income is relatively high for the area .,K-12 Education
54,57,220,https://districtr.org/COI/26662,coi,Good Samaritan Care Clinic,"Since the Missouri legislature refused to implement Medicaid expansion, people continue to rely on free medical and dental care at Good Samaritan Care Clinic.","Since Republicans blocked Medicaid Expansion against voter wishes, this community is people who might rely on the Good Samaritan Care Clinic in Mountain View Missouri for some semblance of health care. ",Good Samaritan Care Clinic,1.0,WillowSprings,"Since the legislature refused to implement Medicaid expansion , people continue to rely on free medical and dental care at Good Samaritan Care Clinic .",Community engagement
55,58,227,https://districtr.org/COI/26662,coi,Low-Income Rural School Districts,School districts that border Arkansas where people struggle to survive from day-to-day.,"Since Republicans blocked Medicaid Expansion against voter wishes, this community is people who might rely on the Good Samaritan Care Clinic in Mountain View Missouri for some semblance of health care. ",Good Samaritan Care Clinic,1.0,"West Plains, Howell County",School districts that border where people struggle to survive from day - to - day .,Vulnerable populations
56,59,223,https://districtr.org/COI/26669,coi,Douglas and no. Howell County,community of people with limited access to health care,health care access ,Douglas and no. Howell,1.0,Willow Springs,community of people with limited access to health care,Vulnerable populations
57,60,226,https://districtr.org/COI/26672,coi,"Outfitters, campgrounds, hunting tourism","The watersheds of the Bryant Creek and Northfork River are side by side and filled with horsetrails, hiking trails, floatable rivers, fishing, campgrounds and cabins  - all sources of income. The owners of these businesses often work together as needed.","The Northfork River and the Bryant Creek Watersheds are side by side and much the same in area. In our Karst topography, the Bryant is a losing stream, while the Northfork is fed by many springs. There are multiple outfitters, trout fishing, campgrounds, hiking and horseback trails including the Ozark Trail. In fall and spring,  hunters fill the woods.",River and camping tourism,1.0,West Plains,"The watersheds of the Bryant Creek and are side by side and filled with horsetrails , hiking trails , floatable rivers , fishing , campgrounds and cabins   - all sources of income . The owners of these businesses often work together as needed .",Recreation and Tourism
58,61,221,https://districtr.org/COI/26673,coi,West Plains Area,Lower income area of West Plains,Highlights generally older houses and properties.,Lower Income Residences in West Plains,1.0,West Plains,Lower income area of,Poverty
59,63,222,https://districtr.org/COI/26676,coi,Rural Riverways 1,"This community includes land owners who have property along sections of  the Current, Jack's Fork, and Eleven Point Riverways. They share common issues related to land ownership and regulations by the Mo Department of Conservation, the National Park Service, and the US Forest Service. This community is also impacted by Tourism. ","This community includes land owners who have property along sections of  the Current, Jack's Fork, and Eleven Point Riverways. They share common issues related to land ownership and regulations by the Mo Department of Conservation, the National Park Service, and the US Forest Service. This community is also impacted by Tourism. ",Rural Riverways 1,1.0,Willow Springs,"This community includes land owners who have property along sections of   the Current , Jack 's Fork , and Eleven Point Riverways . They share common issues related to land ownership and regulations by the Mo Department of Conservation , the National Park Service , and the US Forest Service . This community is also impacted by Tourism .",Recreation and Tourism
60,64,224,https://districtr.org/COI/26677,coi,Cattle farming area of S Central Mo,,Family owned cattle farm operations,Cattle farming,1.0,Howell co,,Unknown
61,65,228,https://districtr.org/COI/26694,coi,"Springfield, MO Galloway Trail Community",Galloway Creek and adjacent Galloway Trail are features that bring surrounding blocks together both to socialize as community and to fight common issues. ,"Southeast Springfield surrounding Galloway Trail including Glendale High School, Pershing Elementary and Middle School, Wilder Elem School, and Sequiota Elem School. Many in the neighborhood have a strong interest in walking , running, bicycling, nature, and community preservation and/or sustainability. Twice the neighborhood has sought to prevent development, once by purchasing a vacant tract adjacent to the trail and recently by petitioning an election to overturn a zoning decision (which the court said is unconstitutional). The neighborhood is primarily single family residences, some nearly a century old and most in subdivisions from 1955 to present surrounded by commercial and multifamily properties along Sunshine Street, Battlefield Road, Glenstone Avenue, and US Highway 65 freeway. In the center of the community is a quarry and adjacent industrial area that in the past included agricultural lime manufacturing, a concrete plant,  and a concrete vault manufacturer. 
Adjacent to the quarry is Sequiota Spring and Park and Galloway Village, both stops on the Chadwick Flyer railroad active from about 1910 to 2010. In the last 10 years much of the industrial land has become neighborhood commercial and multifamily residential which is a community center for many and an invasion of traffic and ""renters"" into the peaceful neighborhood for others. The occupancy rate for both commercial and residential properties remains high and new businesses increase the variety and community gathering places available in the neighborhood.",Galloway Trail,1.0,Springfield,and adjacent Galloway Trail are features that bring surrounding blocks together both to socialize as community and to fight common issues .,Community engagement
62,66,229,https://districtr.org/COI/26696,coi,Hospitals that closed in southeast MO,Hospitals that closed causing the loss of jobs as well as access local access to healthcare.,Hospitals that have closed in Rural counties of South East Missouri,Verna Fuller,1.0,Willow Springs,Hospitals that closed causing the loss of jobs as well as access local access to healthcare .,Vulnerable populations
63,67,230,https://districtr.org/COI/26700,coi,MUNCH food pantry,MUNCH provides low income families and individuals with allotment of food.  Volunteers from the community work together to help out. ,Low income individuals and families living in Howell county who depend on monthly allotments of food from the MUNCH food pantry in Willow Springs.  Changes to funding by the state and federal government could affect the program.  ,MUNCH Food pantry,1.0,Willow Springs,MUNCH provides low income families and individuals with allotment of food .   Volunteers from the community work together to help out .,Community engagement
64,68,232,https://districtr.org/COI/26737,coi,St. Louis Neighborhood,,"We love our community because our community is uniquely diverse.  We have residents with varying levels of income and who share different racial and ethnic backgrounds.  We come together in our beautiful parks, educational and cultural institutions, irrespective of age, ethnicity, who we love or the different array of beautiful homes in which we reside.  Prior to the pandemic, we had many opportunities for work, for small and medium-sized businesses and for entertainment.  Post-pandemic, and with the lessons learned, we expect to improve upon our previous successes.  Visitors are welcome, we thrive both professionally and socially, and we work closely in many different organizations to help each other and to resolve our socio-economic and public safety issues.  But we know that we still have a lot of work to do, so it is our desire that our community remain intact.  ",St. Louis Neighborhood,1.0,St Louis,,Unknown
65,69,235,https://districtr.org/COI/26738,coi,Seminole-Holland Neighborhood Area,One of 34 Neighborhood service areas in as defined by the Springfield Vision 2020 process.  ,One of 34 Neighborhood service areas in as defined by the Springfield Vision 2020 process.  ,Seminole-Holland Neighborhood Service Area,1.0,Springfield/Greene County,One of 34 Neighborhood service areas in as defined by the Springfield Vision 2020 process .  ,Named neighborhood
66,70,247,https://districtr.org/COI/26770,coi,Volker/Mellier Place,"Volker, its surrounding neighborhoods including 39th Street Restaurant District, Westport, and across the state line - Kansas University Hospital system. Historically, a working class neighborhood with older homes and apartments, and populated with diverse, old and young people. We care about city history and the older buildings in our district. Access to I-35 is a major traffic flow, on older streets. Both the restaurant district and the freeway, mean many non-residents travel regularly through the neighborhood. Many traffic calming efforts are underway - not very attractive to longer-term residents. There has a been a rash of rapid-built 5 over 1 buildings that are not a fit for the neighborhood - longer residents and home owners don’t care for them as they are changing the face of the neighborhood. Has a hidden wooded trail, and the neighborhood has a lot of walkers and dogs. Common interests include walking, patronizing non-chain stores/restaurants, and the arts. ","Volker, its surrounding neighborhoods including 39th Street Restaurant District, Westport, and across the state line - Kansas University Hospital system. Historically, a working class neighborhood with older homes and apartments, and populated with diverse, old and young people. We care about city history and the older buildings in our district. Access to I-35 is a major traffic flow, on older streets. Both the restaurant district and the freeway, mean many non-residents travel regularly through the neighborhood. Many traffic calming efforts are underway - not very attractive to longer-term residents. There has a been a rash of rapid-built 5 over 1 buildings that are not a fit for the neighborhood - longer residents and home owners don’t care for them as they are changing the face of the neighborhood. Has a hidden wooded trail, and the neighborhood has a lot of walkers and dogs. Common interests include walking, patronizing non-chain stores/restaurants, and the arts. 

#HAP (Heartland Alliance for Progress) ",Volker/Mellier Place,1.0,Kansas City/Jackson County,"Volker , its surrounding neighborhoods including 39th Street Restaurant District , Westport , and across the state line - Kansas University Hospital system . Historically , a working class neighborhood with older homes and apartments , and populated with diverse , old and young people . We care about city history and the older buildings in our district . Access to I-35 is a major traffic flow , on older streets . Both the restaurant district and the freeway , mean many non - residents travel regularly through the neighborhood . Many traffic calming efforts are underway - not very attractive to longer - term residents . There has a been a rash of rapid - built 5 over 1 buildings that are not a fit for the neighborhood - longer residents and home owners do n’t care for them as they are changing the face of the neighborhood . Has a hidden wooded trail , and the neighborhood has a lot of walkers and dogs . Common interests include walking , patronizing non - chain stores / restaurants , and the arts .",Diversity
67,71,250,https://districtr.org/COI/26783,coi,BroadScott,BroadScott community is a single-family residential area with young families up to retirees that is located is a newly developing area of town. Limited access to major traffic arteries.,"Residential, similarly priced single-family homes, young families to retirees. Professionals. Limited access to major highways.",BroadScott,1.0,"Columbia,MO",BroadScott community is a single - family residential area with young families up to retirees that is located is a newly developing area of town . Limited access to major traffic arteries .,Named neighborhood
68,72,253,https://districtr.org/COI/26830,coi,Single Parent Households,"Single mothers, young kids, pre-K-12. Most likely on support, including Salvation Army and the food bank. Also often asking for help on Facebook.","Single mothers, young kids, pre-K-12. Most likely on support, including Salvation Army and the food bank. Also often asking for help on Facebook.",Single Parent Households,1.0,"Bolivar, Polk County","Single mothers , young kids , pre - K-12 . Most likely on support , including Salvation Army and the food bank . Also often asking for help on Facebook .",Vulnerable populations
69,73,254,https://districtr.org/COI/26846,coi,school community,I play with my friends. ,,Community 1,1.0,,I play with my friends .,Community engagement
70,74,256,https://districtr.org/COI/26861,coi,David’s Brookside Map,A Midtown community with a long history. ,"Brookside is a south Midtown community that is family oriented and invested in local small businesses. Many people in this community are business owners or entrepreneurs. Common concerns are being a safe place to walk or bike, and being able to work with neighbors on non-profit efforts to increase equity and help children. ",Brookside ,1.0,Kansas City,A Midtown community with a long history .,Named neighborhood
71,75,257,https://districtr.org/COI/26864,coi,West End Neighborhood,"West End Neighborhood. City limits, western edge. Majority African American with incomes that span the range. Historic homes. Many were built in the late 1800s.","Historic Neighborhood - Homes were built in the late 1800s. Many have been rehabbed and others are in need of repair.
Amenities - Walking paths and parks. Location is close to major highways and Universities.",West End Neighborhood,1.0,St. Louis,"West End Neighborhood . City limits , western edge . Majority African American with incomes that span the range . Historic homes . Many were built in the late 1800s .",Named neighborhood
72,76,267,https://districtr.org/COI/26996,coi,Neighborhoods Surrounding MSU,"These neighborhoods border the main Missouri State University campus and extend to Sunshine, Jefferson, Elm and Fremont. Many of these areas have active and engaged neighborhood associations. Home values range from $100,000 to $500,000. Residents include many college-educated professionals and working-class homeowners and renters, co-existing with 20,000+ students.  These residents share commitments to preserving the multicultural diversity of the citizenry. They also value the area’s amenities including Phelps Grove Park, Springfield Art Museum, Water Wise Garden, and the University itself.  Issues of concern they need political representation for:  •	negotiations to manage the university’s growth and incursion into neighborhoods;  •	negotiations to manage the city’s expansion of the museum and parks;  •	crime/safety;  •	congestion;  •	property values;  •	and expanding commercial development. ","These neighborhoods border the main Missouri State University campus and extend to Sunshine, Jefferson, Elm and Fremont. Many of these areas have active and engaged
neighborhood associations. Home values range from $100,000 to $500,000. Residents include many college-educated professionals and working-class homeowners and renters, co-existing with 20,000+ students.

These residents share commitments to preserving the multicultural diversity of the citizenry. They also value the area’s amenities including Phelps Grove Park, Springfield Art Museum, Water Wise Garden, and the University itself.

Issues of concern they need political representation for: 
•	negotiations to manage the university’s growth and incursion into neighborhoods; 
•	negotiations to manage the city’s expansion of the museum and parks; 
•	crime/safety; 
•	congestion; 
•	property values; 
•	and expanding commercial development.
",Neighborhoods Surrounding MSU,1.0,Greene,"These neighborhoods border the main Missouri State University campus and extend to , Jefferson , and . Many of these areas have active and engaged neighborhood associations . Home values range from $ 100,000 to $ 500,000 . Residents include many college - educated professionals and working - class homeowners and renters , co - existing with 20,000 + students .   These residents share commitments to preserving the multicultural diversity of the citizenry . They also value the area ’s amenities including Phelps Grove Park , Springfield Art Museum , Water Wise Garden , and the University itself .   Issues of concern they need political representation for :   • 	 negotiations to manage the university ’s growth and incursion into neighborhoods ;   • 	 negotiations to manage the city ’s expansion of the museum and parks ;   • 	 crime / safety ;   • 	 congestion ;   • 	 property values ;   • 	 and expanding commercial development .",Community engagement
73,77,268,https://districtr.org/COI/27008,coi,East Lee's Summit,"Suburban households who are all within the same city and face the same city issues, including transportation, infrastructure, and education.","Suburban households who are all within the same city and face the same city issues, including transportation, infrastructure, and education.",Lee's Summit,1.0,Lee's Summit,"Suburban households who are all within the same city and face the same city issues , including transportation , infrastructure , and education .",Suburbs
74,78,269,https://districtr.org/COI/27020,coi,North of Colborn,"Community that faces similar issues related to the airport, industrial area, and lake area.","Community that faces similar issues related to the airport, industrial area, and lake area.",North of  Colborn ,1.0,Lees Summit,"Community that faces similar issues related to the airport , industrial area , and lake area .",Named neighborhood
75,79,270,https://districtr.org/COI/27022,coi,Free and Reduced Housing Populations,"Lee's Summit suburban Free and Reduced Housing Populations with concerns relating to transportation, affordable housing, food insecurity, crime and safety.",,Community 1,1.0,Lee's Summit/Jackson,"Lee 's Summit suburban Free and Reduced Housing Populations with concerns relating to transportation , affordable housing , food insecurity , crime and safety .",Suburbs
76,80,271,https://districtr.org/COI/27028,coi,Age 60+ with transportation needs,Age 60+ relying on highways and transportation for elderly. ,,Age 60+ relying on highways and transportation for elderly,1.0,"Lee's Summit, Jackson",Age 60 + relying on highways and transportation for elderly .,Elderly
77,81,272,https://districtr.org/COI/27031,coi,lees summit residence in water 13,people on city sewer and district 13 water getting 2 water bills,,Community 1,1.0,"Lee's Summit, Jackson County",people on city sewer and district 13 water getting 2 water bills,Cities
78,82,274,https://districtr.org/COI/27049,coi,Northwest Columbia,Northwest Columbia,"This community is on the far western and northern fringe of Columbia.  It is bordered on the east by L.A. Nickell Golf Course and Cosmo Park and Route E (Stadium Blvd.).  Along Stadium are some light industries and small businesses.  Boone Quarry occasionally blasts (a few times a month) which shakes the nearby houses.  Small businesses along Stadium Blvd (Route E) include a hair salon, a Break Time, a Knights of Columbus hall, an Eagles hall, and others.  Columbia Independent School is in this area.  The population consists of a mixture of home owners and renters.   Monterey Hills is a subdivision of approx. 124 homes including couples with school age children, retirees, and professionals.  Many people in the area have affiliations with the construction trade, HVAC, University of Missouri, and state or local government.  Several homes in the area have solar arrays and there is increasing interest in equipping houses with solar arrays.  The residents are currently part of a state legislative district which includes Rocheport and more rural areas to the north of Columbia.  Residents of Columbia tend to favor gun safety measures.  They also greatly appreciate Columbia's trail system and access to non-motorized transportation.  This area is bounded on the south by I-70.  Traffic noise from I-70 is considered a problem to some who live in this area.  #mizzou #como ",Northwest Columbia,1.0,Columbia,,Unknown
79,83,275,https://districtr.org/COI/27052,coi,West Ash Neighborhood - Columbia,West Ash neighborhood - Columbia,"This is a diverse neighborhood racially and age-wise with many community minded people.  The neighborhood is interested in native plant gardening and wants that to be allowed.  The neighborhood does a lot of bartering and helps each other out.  Neighborhood is a mixture of owned homes and rentals.  Storm water control and infrastructure (sewer and street repairs) are important b/c this is an older part of the city.  Often traffic is a problem with people cutting through north-south at high rates of speed.  The neighborhood has a number older homes and many people have restored, repaired, and improved these older properties.  ",Central Columbia - West Ash Neighborhood,1.0,Columbia,neighborhood - Columbia,Named neighborhood
80,84,276,https://districtr.org/COI/27056,coi,Southwest Columbia - Fairview Park Area,Information about southwest Columbia near Fairview Park.  ,"Residents of this community enjoy access to nearby trails and parks, including Bonnie View Nature Sanctuary and MKT Trail to the south.  Many people in this community have affiliations to the University of Missouri, the Columbia public schools, and healthcare institutions such as Boone Hospital or MU Healthcare.  The area has a community garden.  People in this area enjoy using bicycles for commuting and recreation.  ",Columbia - Fairview Park area,1.0,Columbia,Information about southwest Columbia near .  ,Named neighborhood
81,85,277,https://districtr.org/COI/27084,coi,KCMO Area of Greatest Need,"Roughly the areas of KCMO (south of the river, east of Troost, west of Raytown, and north of Grandview) that experience the greatest challenges. Median household income of <$30k, affordable housing in poor condition, infrastructure issues, and fewer comprehensive grocery options than the rest of the city.  ",,Community 1,1.0,Jackson (KCMO),"Roughly the areas of KCMO ( south of the river , east of , west of Raytown , and north of Grandview ) that experience the greatest challenges . Median household income of < $ 30k , affordable housing in poor condition , infrastructure issues , and fewer comprehensive grocery options than the rest of the city .  ",Vulnerable populations
82,86,280,https://districtr.org/COI/27100,coi,Belton City Proper,This map describes the community of Belton and the things that need to be addressed:   1. Crumbling Infrasture  2. Commuting Community 3.  Rising Crime 4. Lack of Affordable Housing (rental and purchase)  5. Need for strong and financed public education   6. Growing Diversity,"1. Crumbling Infrasture 
a.  water drainage a huge concern in the NW part of the community close to the old airbase
b.  internet service is not available to all residents who live just outside the city
2. Commuting Community
3.  Rising Crime
4. Lack of Affordable Housing (rental and purchase) 
5. Need for strong and financed public education  
6. Growing Diversity
",Belton City Proper,1.0,Belton,This map describes the community of Belton and the things that need to be addressed :    1 . Crumbling Infrasture   2 . Commuting Community 3 .   Rising Crime 4 . Lack of Affordable Housing ( rental and purchase )   5 . Need for strong and financed public education    6 . Growing Diversity,Named neighborhood
83,87,283,https://districtr.org/COI/27152,coi,"Warsaw, Missouri","Rather than complete a map on Benton County overall, individual maps of towns will be done because of unique differences.","*Aging infrastructure
*Becoming increasingly a retirement town
*Commuter community
*Public School
*Good deal of income comes from tourism 
*Mostly outdoor recreation (hunting, fishing, boating)
*Little or no industrial work
*Some agribusiness
*Most HS graduates leave for better paying jobs in other cities",Warsaw,1.0,Warsaw,"Rather than complete a map on overall , individual maps of towns will be done because of unique differences .",Diversity
84,88,284,https://districtr.org/COI/27168,coi,"Brookside, Kansas City",,"middle to upper income, mostly homeowners. Concerns include education (both public K-12 and university), climate change, recycling, and gun violence.","Brookside, Kansas City",1.0,Kansas City,,Unknown
85,89,290,https://districtr.org/COI/27213,coi,Meramec River Flood Prone Area,This is a map of the area of south STL County and north Jefferson County that is often underwater when the Meramec river floods due to the Mississippi backing up or because of heavy rains upstream.  This area is greatly affected by upstream levies.,flood prone area in south STL county and Northern Jefferson County.  Streets have been closed for months at a time due to back up of Mississippi river.  Short-term flooding for days due to local and nearby heavy rain.  All these areas greatly affected by upstream levies as well.,Meramec flood prone area,1.0,St. Louis,This is a map of the area of south and that is often underwater when the Meramec river floods due to the backing up or because of heavy rains upstream .   This area is greatly affected by upstream levies .,Environment
86,90,293,https://districtr.org/COI/27262,coi,"Warrensburg, MO","The city of Warrensburg, MO, located in central Johnson County, MO. A college down with deep agricultural roots, Warrensburg has upward trending population numbers and an increasingly vibrant business district. I believe the town should be considered in its entirety.",,Community 1,1.0,Jackson,"The city of , , located in central , . A college down with deep agricultural roots , has upward trending population numbers and an increasingly vibrant business district . I believe the town should be considered in its entirety .",Cities
87,91,296,https://districtr.org/COI/27317,coi,Old Hyde Park,,"1910s historic architectural district, with dozens of 100+ year-old houses; mixed income, mixed home owners and renters; mixed residential with businesses on the margins. It's a walkable neighborhood, with access to multiple transit routes within 2-6 blocks; moderately expensive grocery, entertainment, and locally owned restaurants within 6-12 blocks. Bounded by the under-construction trolley car expansion, so prices are escalating, fairly rapidly; adjacent, in the Valentine neighborhood a massive apartment building is under construction, creating increased noise pollution, traffic density, and parking pressure. One land speculator bought a 1909 three-story brick building two years ago and painted the brick, against the historic building codes; another tried to get a zoning exemption to house 11 people in a previously-zoned single family home, on a quiet mostly single-family, mostly owner-occupied block .  Dramatic increase in gun fire within ear shot in the past year.",Old Hyde Park,1.0,Kansas City,,Unknown
88,92,298,https://districtr.org/COI/27321,coi,West Plaza Neighborhood,Development pressure and the effect on affordable housing is changing my neighborhood and not for the better.,"My neighborhood does not go south of 49th St. although the census district does. West Plaza has been a neighborhhood of mostly middle class bungalows. Many of the units are rentals. but not all. In the last few years the neighborhood has become more racially diverse which has been very positive. Unfortunately developers are coming in and buying up houses as teardowns. They build new houses distinctly out of character with the neighborhood. The houses are built to all the setbacks and have garages that face the street. Thus far, the people that are buying these very expensive houses are not becoming part of the neighborhood as they don't have to interact when they are coming or going. The affordable housing is being replaced and the people are pushed out. The county is not helping as they increased real estate taxes far beyond the 15% allowable by state law. The developers are not paying real estate tax at the same rate, as they are assessed after the teardown and before the new house is built. Sometimes they do not pay any real estate tax. They are creating infrastructure problems without increasing density and the idea of community is only for PR purposes. ",West Plaza,1.0,Kansas City,Development pressure and the effect on affordable housing is changing my neighborhood and not for the better .,Named neighborhood
89,93,297,https://districtr.org/COI/27322,coi,"Southmoreland, Kansas City, Missouri",,"Southmoreland is a diverse neighborhood of mid to upper income families.  Some lower income and idle, unoccupied homes do exist.  Many of these are being purchased by home flippers and are now bringing in higher income homeowners.  A few investment/ multi-family businesses own many parcels which are transient apartment dwellers.  Most of these are middle income renters that are fundamentally well settled and not loud raucous people.  This is an artful commingling of peoples; due to the presence of the Kansas City Art Institute, the Nelson Atkins Museum of Art,  the Kemper Gallery of Modern art and the near proximity to the Country Club Plaza commercial district.  Amenities here abound and create a well rounded community that is progressive, not afraid of change but is interested in historic preservation of older properties.  To protect the ongoing new developments along Main Street and Broadway this neighborhood should be established as a Local Kansas City Historic District.  This would help to alleviate the growing friction between new construction  and the older housing/ commercial building fabric of the neighborhood.   ",Community 1,1.0,Kansas City,,Unknown
90,94,299,https://districtr.org/COI/27329,coi,U City North neighborhoods,"This area is mostly single family homes.  People are concerned about crime, gunshots, property value and the inability to get mortgages or home improvement loans.  Concerns about public schools and the condition of roads and sidewalks and business disinvestment on Olive and Page aves.","Concerned about increase in crime,  gunshots, housing values and inability to get mortgages or home improvement loans.  Concerned about schools.",U City North,1.0,Saint Louis,"This area is mostly single family homes .   People are concerned about crime , gunshots , property value and the inability to get mortgages or home improvement loans .   about public schools and the condition of roads and sidewalks and business disinvestment on Olive and Page aves .",Violence
91,95,300,https://districtr.org/COI/27331,coi,U City South neighborhoods,"Middle to affluent single family homes who are mostly homeowners. Concern but less investment in public schools.  Concern about property values, crime, and basic city services.  Some concern about the impact of Washington U on the community and state of the commercial corridor.","Middle to affluent single family homes who are mostly homeowners. Concern but less investment in public schools.  Concern about property values, crime, and basic city services.  Some concern about the impact of Washington U on the community and state of the commercial corridor.",U City South,1.0,Saint Louis,"Middle to affluent single family homes who are mostly homeowners . Concern but less investment in public schools .   Concern about property values , crime , and basic city services .   Some concern about the impact of U on the community and state of the commercial corridor .",K-12 Education
92,96,304,https://districtr.org/COI/27490,coi,Raymore,,"Commuter community. Most local jobs are with the school district, retirement homes, and low-wage in retail and restaurants. Population growth due to educational opportunities in a public school system.  Good access to healthcare and amenities due to proximity to KC metro. Shortage of rental property. Traffic flow becoming an issue as infrastructure hasn't kept up with population growth. ",Raymore,1.0,Belton,,Unknown
93,97,305,https://districtr.org/COI/27505,coi,Rural Cass County ,Area outside of the major towns and cities in Cass County. ,"School Districts main employer. Poor internet service. Agricultural. Family farms, but also Big Ag. The population is aging. Small towns have many abandoned and buildings crumbling. ",Rural Cass County,1.0,Belton,Area outside of the major towns and cities in .,Suburbs
94,98,306,https://districtr.org/COI/27581,coi,Harrisonville,"A struggling school district, mostly minimum wage employment, long-distance commuters, and old infrastructure. ","A struggling school district, mostly minimum wage employment, long-distance commuters, and old infrastructure. ",Harrisonville,1.0,Belton,"A struggling school district , mostly minimum wage employment , long - distance commuters , and old infrastructure .",Vulnerable populations
95,99,351,https://districtr.org/COI/27889,coi,KC Westside Neighborhoods,"KC Westside neighborhoods in an area of census tracts  principally south of Brush Creek, East of State Line, north of I-435 and west of Holmes. Includes neighborhood associations of the same. Is principally within the borders of the KC School District and wholly inside of the city of Kansas City. Includes commercial areas important to the neighborhoods, including those on State Line, Ward Parkway and I-435. ","Community including Kansas City west-side neighborhoods south of Brush Creek, West of Holmes, East of State Line and North of I-435. Includes home associations associated with those neighborhoods; principally in the KC School District and wholly within the city of Kansas City. Includes important commercial zones along Ward Parkway, State Line and I-435.",Kansas City Westside Neighborhoods,1.0,Kansas City,"KC Westside neighborhoods in an area of census tracts   principally south of , East of State Line , north of I-435 and west of . Includes neighborhood associations of the same . Is principally within the borders of the KC School District and wholly inside of the city of . Includes commercial areas important to the neighborhoods , including those on State Line , Ward Parkway and I-435 .",Named neighborhood
96,100,368,https://districtr.org/COI/27955,coi,South Lee's Summit,area suburban and rural with transportation needs,area suburban and rural areas with transportation needds,South Lee's Summit,1.0,Lee's Summit,area suburban and rural with transportation needs,Suburbs
97,101,485,https://districtr.org/COI/28032,coi,Main Cape Area,Main area of Cape Girardeau,,Community 1,1.0,Cape Girardeau,Main area of,Named neighborhood
98,102,677,https://districtr.org/COI/28075,coi,"Northeast Page (Overland, St.  Ann)",,"Largely African American community, concerns about crime, public school, ",Northeast Page,1.0,St. Louis,,Unknown
99,103,706,https://districtr.org/COI/28082,coi,Commercial Chinatown - STL County,Residential and commercial district that encompasses the area where Asian American newspapers and businesses moved after historic downtown Chinatown (Hop Alley) was demolished. ,A commercial and residential strip that constitutes where Asian American small businesses related after the historic downtown Chinatown (Hop Alley) was demolished to make way for a Busch Stadium parking. ,Commercial Chinatown,1.0,,Residential and commercial district that encompasses the area where Asian American newspapers and businesses moved after historic downtown Chinatown ( Hop Alley ) was demolished .,Named neighborhood
100,104,1153,https://districtr.org/COI/28487,coi,Tower Grove Park Area,"The highlighted area includes the neighborhoods of Tower Grove Heights, Tower Grove East, Southwest Garden, Shaw and parts of broader Tower Grove South. Residents in these areas use Tower Grove Park and the MO Botanical Garden as their backyards. Homes & apartment buildings are dense and yards are small. Use of the park seems universal - it is used by renters and homeowners, immigrants and people born in the US.  Accessibility and safety for pedestrian & bike traffic is important to most people. ","The highlighted area includes the neighborhoods of Tower Grove Heights, Tower Grove East, Southwest Garden, Shaw and parts of broader Tower Grove South. Residents in these areas use Tower Grove Park and the MO Botanical Garden as their backyards - renters and homeowners, immigrants and people born in the US.  Accessibility and safety for pedestrian & bike traffic is important to most people. ",Tower Grove Park Area,1.0,Saint Louis,"The highlighted area includes the neighborhoods of Tower Grove Heights , Tower Grove East , , Shaw and parts of broader Tower Grove South . Residents in these areas use Tower Grove Park and the MO Botanical Garden as their backyards . Homes & apartment buildings are dense and yards are small . Use of the park seems universal - it is used by renters and homeowners , immigrants and people born in the .   Accessibility and safety for pedestrian & bike traffic is important to most people .",Named neighborhood
101,105,1154,https://districtr.org/COI/28490,coi,Centralia ,Centralia proper. This is where folks live in & around Centralia (this also contains Hallsville.) These folks have been working at AB Chance (now Hubbell) for generations and generally have a strong history of collective bargaining & trade unionism that strongly differs from the rest of rural Boone County & mid-MO. ,Centralia proper. These folks live in & around Centralia & Hallsville. These folks work in blue collar/factory work primarily -- working at Hubbell in town. This is a community of folks who have been primarily supported by Hubbell (what used to be called AB Chance) sincerely the early 1900s. They have a strong tradition of collective bargaining that dates before the passage of the NLRA. ,Centralia,1.0,Boone,Centralia proper . This is where folks live in & around Centralia ( this also contains Hallsville . ) These folks have been working at AB Chance ( now Hubbell ) for generations and generally have a strong history of collective bargaining & trade unionism that strongly differs from the rest of rural Boone County & mid - MO .,Named neighborhood
102,106,1156,https://districtr.org/COI/28506,coi,katie's plaza/west plaza,"the plaza /west plaza area is a mix of homes and apartment living.   north of Brush Creek the home are smaller and many rental units.  The southern  area has larger homes - many owner occupied.   The eastern border  abut the university  area and has greater diversity.  Major  commerce,  Country Club Plaza,  UMKC, Mid-West Research Instiutue, Russell Stover Candies,  Lockton Insurance,   two luxury hotels.   High tourist areas.   many galleries and shops.  High Walkability.",,plaza,1.0,Kansas  City,"the plaza is a mix of homes and apartment living .    north of Brush Creek the home are smaller and many rental units .   The southern   area has larger homes - many owner occupied .    The eastern border   abut the university   area and has greater diversity .   Major   commerce ,   Country Club Plaza ,   UMKC , Mid - West Research Instiutue , Russell Stover Candies ,   Lockton Insurance ,    two luxury hotels .    High tourist areas .    many galleries and shops .   High Walkability .",Economy and Commerce
103,107,1170,https://districtr.org/COI/28615,coi,Lambert South - Hispanic,"Blue collar workers, large Hispanic community that has expanded since 2010 Census. ","Blue collar workers, heavily Hispanic. Has expanded since 2010 Census. Centered around Rock Rd, extends to Hwy 170, down to Page. ",Hispanic St. Ann-Overland area south of Lambert,1.0,Florissant,"Blue collar workers , large Hispanic community that has expanded since 2010 Census .",Diversity
104,108,1222,https://districtr.org/COI/28989,coi,Public School Advocates in St L Suburbs,"Most families in this area support public education and are concerned about charter schools. Legislative Advocacy Committee members from Webster Groves, Kirkwood, Clayton, University City and Maplewood school districts believe good schools in these districts support high property values. Residents share concern about availability of quality child care. Shortage of affordable housing is a growing concern in this area.","Most families in this area support public education and are concerned about charter schools. Districts include Webster Groves, Kirkwood, Clayton, University City and Maplewood. Legislative Advocacy Committee members believe good schools in these districts support high property values. Residents share concern about availability of quality child care. Shortage of affordable housing is a growing concern in this area.",Public School Advocates in St. Louis Suburbs,1.0,Saint Louis,"Most families in this area support public education and are concerned about charter schools . Legislative Advocacy Committee members from Webster Groves , Kirkwood , Clayton , and school districts believe good schools in these districts support high property values . Residents share concern about availability of quality child care . Shortage of affordable housing is a growing concern in this area .",K-12 Education
105,109,1231,https://districtr.org/COI/29057,coi,North Columbia,Northern/Western Columbia. This is lots of homeowners that have a similar culture & feeling. There aren't many easily accessible sidewalks -- although there is close access to Cosmo park. There is a lot of heavy traffic from dump-trucks that wear down the streets. It's a diverse mix of white & black residents -- primarily homeowners -- that are significantly different in culture & SES than the inner city. ,"Middle class. Mostly homeowners. Some apartments. Primarily white but still a mix of white & black folks. 

Lots of folks go to the dog park & trails. Very few sidewalks -- very car heavy. No public transit. Tons of dump truck traffic on creasy springs. Good amount of public workers and building trades. 

",North Columbia,1.0,Columbia,Northern / Western Columbia . This is lots of homeowners that have a similar culture & feeling . There are n't many easily accessible sidewalks -- although there is close access to Cosmo park . There is a lot of heavy traffic from dump - trucks that wear down the streets . It 's a diverse mix of white & black residents -- primarily homeowners -- that are significantly different in culture & SES than the inner city .,Culture
106,110,1232,https://districtr.org/COI/29058,coi,Beaumont / Derby Ridge,Lots of sidewalks & parks. Folks go to the Oakland park & swimming pool.   There is a pretty firm dividing line between Smiley Ln -- however -- that the census tract does not adequately cover. North of Smiley is considerably different than south of Smiley. ,"Middle class homeowners. Arcadia area. Primarily white. Lot of families sending their kids to Derby Ridge. Kids walk to Derby Ridge. Lots of retirees and families. 

Lots of sidewalks & parks. Folks go to the Oakland park & swimming pool. 

There is a pretty firm dividing line between Smiley Ln -- however -- that the census tract does not adequately cover. North of Smiley is considerably different than south of Smiley. ",Derby Ridge / Beaumont Village,1.0,Columbia,Lots of sidewalks & parks . Folks go to the Oakland park & swimming pool .    There is a pretty firm dividing line between Smiley Ln -- however -- that the census tract does not adequately cover . North of Smiley is considerably different than south of .,Named neighborhood
107,111,1242,https://districtr.org/COI/29150,coi,Innsbrook - SD10,"Popular summer vacation spot with mix of year-round residences and summer homes around Alpine Lake,  Aspen Lake and several smaller lakes. Many residents rent out their chalets, cabins or condos in the summer.  Home owners around these lakes are more affluent than most rural Missourians and many vote in other parts of the state.","Popular summer vacation spot with mix of year-round residences and summer homes around Alpine Lake,  Aspen Lake and several smaller lakes. Many residents rent out their chalets, cabins or condos in the summer.  Home owners around these lakes are more affluent than most rural Missourians and may vote elsewhere.",Innsbrook ,1.0,St. Louis,"Popular summer vacation spot with mix of year - round residences and summer homes around Alpine Lake ,   Aspen Lake and several smaller lakes . Many residents rent out their chalets , cabins or condos in the summer .   Home owners around these lakes are more affluent than most rural Missourians and many vote in other parts of the state .",Diversity
108,112,1245,https://districtr.org/COI/29162,coi,Community Map of the Hill,,"This is includes spaces, resources, places I often visit in my community of SD 4&5. ",My Community in SD 4&5,1.0,St Louis,,Unknown
109,113,1261,https://districtr.org/COI/29281,coi,Ruth's Southeast St/ Louis City,,This community shares high density neighborhoods with a mix of rental and owner-occupied housing stock.  Heavy reliance on bus transportation and walking. Most folks leave the neighborhood to work. Large number of refugees and immigrants. Common grocery stores and worship places. The map north boundaries should be I-64. The census tract lines would not allow me to indicate this.,Community Southeast st. Louis,1.0,St. Louis,,Unknown
110,114,1260,https://districtr.org/COI/29285,coi,Ashley's Heart of Springfield,,"Important: good paying jobs, affordable housing, education, parks, healthcare that is welcoming and inclusive of diverse populations, especially LGBTQ folks. ",Heart of Springfield,1.0,Springfield,,Unknown
111,115,1281,https://districtr.org/COI/29417,coi,Alice's 'Independence Square' Map,,"Mixed-income community that is predominantly working-class. Community concerns include lack of public transport, green space, and diversified amenities that are accessible and affordable to the working-class community who lives here. ",Independence Square,1.0,Independence,,Unknown
112,116,1283,https://districtr.org/COI/29417,coi,Alice's 'Independence Square' Map,,"Mixed-income community that is predominantly working-class. Community concerns include lack of public transport, green space, and diversified amenities that are accessible and affordable to the working-class community who lives here. ",Independence Square,1.0,Independence,,Unknown
113,117,1304,https://districtr.org/COI/29691,coi,Mansfield Hartville Healthcare,"This area people raise cattle, work out of the area.  The issue of healthcare is lack of emergency care in the area, forcing people to go to Springfield.   The majority of people in the area work minimum wage jobs, and don't have access to affordable healthcare, and it is often not provided by their employer.  It is a rural area, and when an emergency arises, and medivac is needed, it is unafordable.   ",Mansfield Hartville Healthcare,Mansfield Hartville Healthcare,1.0,Hartville,"This area people raise cattle , work out of the area .   The issue of healthcare is lack of emergency care in the area , forcing people to go to .    The majority of people in the area work minimum wage jobs , and do n't have access to affordable healthcare , and it is often not provided by their employer .   It is a rural area , and when an emergency arises , and medivac is needed , it is unafordable .   ",Agriculture
114,118,1303,https://districtr.org/COI/29714,coi,Healthcare availability,"healthcare, hospitals, urgent care are all far from the people between Springfield, Lebanon, Houston, and West Plains.  Too many are over an hour away.","healthcare, hospitals, urgent care are all far from the people between Springfield, Lebanon, Houston, and West Plains.  Too many are over an hour away.",Healthcare availability,1.0,"Hartville, Wright County","healthcare , hospitals , urgent care are all far from the people between , , , and .   Too many are over an hour away .",Vulnerable populations
115,119,1305,https://districtr.org/COI/29716,coi,Clean environment,"This is primarily an agrarian community, crops and cattle.  Clean water is an essential ingredient and we would like to see it protected from any kind of potential damage eg: runoff from factory farms.  We should have control over what kind of industry or cafo moves into our neighborhood.",,Community Clean Environment,1.0,Mansfield,"This is primarily an agrarian community , crops and cattle .   Clean water is an essential ingredient and we would like to see it protected from any kind of potential damage eg : runoff from factory farms .   We should have control over what kind of industry or cafo moves into our neighborhood .",Agriculture
116,120,1306,https://districtr.org/COI/29718,coi,Infrastructure,People in rural areas have difficulty during lengthy  power outages.  We need increased rural high speed internet.  We need our miles of gravel roads improved.  They are in poor condition.,,Infrastructure,1.0,Mansfield,People in rural areas have difficulty during lengthy   power outages .   We need increased rural high speed internet .   We need our miles of gravel roads improved .   They are in poor condition .,Vulnerable populations
117,121,1307,https://districtr.org/COI/29719,coi,Jobs,Community jobs for high school graduates to keep students in their home areas.,Community jobs for high school graduates to keep students in their home areas.,Jobs,1.0,"Hartville, Wright County",Community jobs for high school graduates to keep students in their home areas .,Community engagement
118,122,1308,https://districtr.org/COI/29726,coi,Broadband,,"Lack of consistant and reliable broadband for students and businesses.
",Community Broadband,1.0,Mansfield,,Unknown
119,123,1309,https://districtr.org/COI/29727,coi,City Sidewalks,Sidewalks in the towns are in dangerous condition.  Needs improvement for safety.,Sidewalks in the towns are in dangerous condition.  Needs improvement for safety.,City Sidewalks,1.0,"Hartville, Wright County",Sidewalks in the towns are in dangerous condition .   Needs improvement for safety .,Environment
120,124,1315,https://districtr.org/COI/29815,coi,Eureka High School - SD15 and 26,"Families with students that attend Eureka High School in Rockwood School District are currently divided into two Senate Districts. More than half of the students come from LaSalle Springs Middle School, with a large portion of the rest coming from Wildwood Middle School. The racial makeup of the school is 87.7% white, 6.0% black, and 1.9% Hispanic. Residents value quality public education.  ","Families with students that attend Eureka High School in Rockwood School District. More than half of the students come from LaSalle Springs Middle School, with a large portion of the rest coming from Wildwood Middle School. The racial makeup of the school is 87.7% white, 6.0% black, and 1.9% Hispanic. Residents value  quality public education.

",Eureka High School,1.0,Saint Louis,"Families with students that attend Eureka High School in Rockwood School District are currently divided into two Senate Districts . More than half of the students come from LaSalle Springs Middle School , with a large portion of the rest coming from Wildwood Middle School . The racial makeup of the school is 87.7 % white , 6.0 % black , and 1.9 % Hispanic . Residents value quality public education .  ",Family and Children
121,125,1316,https://districtr.org/COI/29818,coi,Lafayette High School,"Families with students that attend Lafayette High School in Wildwood, the more affluent part of the Rockwood School District. They are currently divided into two Senate Districts, SD 15 and SD26. The racial makeup of the 1,794 students 76.4% White, 11.4% Black, 7.5% Asian, and 3.1% Hispanic. Roads are hilly and many students have long bus rides to school.","Families with students that attend Lafayette High School in Wildwood, the more affluent part of the Rockwood School District. 1,794 students. The racial makeup of the school is 76.4% White, 11.4% Black, 7.5% Asian, and 3.1% Hispanic. Roads are hilly and many students have long bus rides to school.",Lafayette High School - SD15,1.0,Saint Louis,"Families with students that attend Lafayette High School in , the more affluent part of the Rockwood School District . They are currently divided into two Senate Districts , SD 15 and SD26 . The racial makeup of the 1,794 students 76.4 % White , 11.4 % Black , 7.5 % Asian , and 3.1 % Hispanic . Roads are hilly and many students have long bus rides to school .",Family and Children
122,127,1319,https://districtr.org/COI/29836,coi,Connected to Springfield Events Downtown,"People who live and work in these areas are connected strongly to the Springfield downtown area. There are numerous community events that happen in the vicinity that people are able to walk to that really binds the area together. Some of these are ArtsFest, Events on the Square, Cider Days, and MSU Events. In addition there are a lot of eateries in these areas that we all frequent. While other people will drive in the close connection with these businesses and events drives people into wanting to live and work in these locations.  ","People who live and work in these areas are connected strongly to the Springfield downtown area. There are numerous community events that happen in the vicinity that people are able to walk to that really binds the area together. Some of these are ArtsFest, Events on the Square, Cider Days, and MSU Events. In addition there are a lot of eateries in these areas that we all frequent. While other people will drive in the close connection with these businesses and events drives people into wanting to live and work in these locations.  ",Connected to Springfield Events Downtown and MSU,1.0,Springfield,"People who live and work in these areas are connected strongly to the downtown area . There are numerous community events that happen in the vicinity that people are able to walk to that really binds the area together . Some of these are ArtsFest , Events on the Square , Cider Days , and MSU Events . In addition there are a lot of eateries in these areas that we all frequent . While other people will drive in the close connection with these businesses and events drives people into wanting to live and work in these locations .  ",Community engagement
123,128,1426,https://districtr.org/COI/29840,coi,LWVSTL - SD10 Fulton Men's Prison,Area near Fulton Reception & Diagnostic Center. Prison brings jobs but also unique concerns for nearby residents.,Area near Fulton Reception & Diagnostic Center. Prison brings jobs but also unique concerns for nearby residents,Area near Fulton Prison,1.0,,Area near Fulton Reception & Diagnostic Center . Prison brings jobs but also unique concerns for nearby residents .,Named neighborhood
124,129,1322,https://districtr.org/COI/29859,coi,LWVSTL - Affton Intermediate school,"The Affton school district has about 30% free and reduced lunches.  This community will have needs that probably include access to subsidized childcare, low cost health services, and groceries at reduced prices.",Gotsch intermediate school has about 30% of students that qualify for free and reduced lunches.  Many of these families will need extra resources to be able to care for their families.,Affton school district,1.0,St. Louis,"The school district has about 30 % free and reduced lunches .   This community will have needs that probably include access to subsidized childcare , low cost health services , and groceries at reduced prices .",Family and Children
125,130,1332,https://districtr.org/COI/29860,coi,"MSU, Parkview, Sunshine, Rountree ","MSU students/ faculty, Parkview high school, Rountree, Sunshine elementary schools, mix of renter/ owner occupied housing, park central branch library and Schweitzer Brentwood branch library, people who work and shop in downtown Springfield ","MSU students/ faculty, Parkview high school, rountree, sunshine elementary schools, mix of renter/ owner occupied housing, park central branch library and schweitzer brentwood branch library, people who work and shop in downtown springfield ","MSU, Parkview HIgh School + sunshine and rountree elementary",1.0,Springfield,"MSU students/ faculty , Parkview high school , , Sunshine elementary schools , mix of renter/ owner occupied housing , park central branch library and Schweitzer Brentwood branch library , people who work and shop in downtown",University
126,131,1328,https://districtr.org/COI/29863,coi,Webster Groves Community Map,This is part of Webster Groves that is bounded by Watson Rd on the South and Manchester on the North. This part of Webster is centered by the Recreation Complex Center at 44 and Elm and the businesses and restaurants on Lockwood. People in this community walk this neighborhood regularly and our kids go to elementary schools together and play in the same parks. ,This is part of Webster Groves that is bounded by Watson Rd on the South and Manchester on the North. This part of Webster is centered by the Recreation Complex Center at 44 and Elm and the businesses and restaurants on Lockwood. People in this community walk this neighborhood regularly and our kids go to elementary schools together and play in the same parks. ,Webster Groves,1.0,St. Louis,This is part of Webster Groves that is bounded by Watson Rd on the and Manchester on the . This part of Webster is centered by the Recreation Complex Center at 44 and Elm and the businesses and restaurants on . People in this community walk this neighborhood regularly and our kids go to elementary schools together and play in the same parks .,Named neighborhood
127,132,1325,https://districtr.org/COI/29863,coi,Tower Grove community map,This is part of Webster Groves that is bounded by Watson Rd on the South and Manchester on the North. This part of Webster is centered by the Recreation Complex Center at 44 and Elm and the businesses and restaurants on Lockwood. People in this community walk this neighborhood regularly and our kids go to elementary schools together and play in the same parks. ,This is part of Webster Groves that is bounded by Watson Rd on the South and Manchester on the North. This part of Webster is centered by the Recreation Complex Center at 44 and Elm and the businesses and restaurants on Lockwood. People in this community walk this neighborhood regularly and our kids go to elementary schools together and play in the same parks. ,Webster Groves,1.0,St Louis,This is part of Webster Groves that is bounded by Watson Rd on the and Manchester on the . This part of Webster is centered by the Recreation Complex Center at 44 and Elm and the businesses and restaurants on . People in this community walk this neighborhood regularly and our kids go to elementary schools together and play in the same parks .,Named neighborhood
128,133,1329,https://districtr.org/COI/29866,coi,Ashli Bolden,STL City Community with same HH income and a good of renters and home owner balance.,STL City Community with same HH income and a good of renters and home owner balance.,Community 1,1.0,St.Louis,STL City Community with same HH income and a good of renters and home owner balance .,Cities
129,134,1326,https://districtr.org/COI/29867,coi,St. Louis Public School District Funding,"Families with children in the City of St. Louis deal with an ever shrinking pot of money for public schools. TIFs and other incentives to businesses take property taxes out of the tax base, which negatively impacts public school funding. St. Louis Public Schools and publicly-funded charter schools often compete for students, money and staff. This leads to a disjointed education system and pits families and school systems against one another for limited resources, while many in the MO Legislature want to dismantle public school systems all together.","Families with children in the City of St. Louis deal with an ever shrinking pot of money for public schools. TIFs and other incentives to businesses take property taxes out of the tax base, which negatively impacts public school funding. St. Louis Public Schools and publicly-funded charter schools often compete for students, money and staff. This leads to a disjointed education system and pits families and school systems against one another for limited resources, while many in the MO Legislature want to dismantle public school systems all together.",St. Louis Public School District Funding,1.0,Saint Louis,"Families with children in deal with an ever shrinking pot of money for public schools . TIFs and other incentives to businesses take property taxes out of the tax base , which negatively impacts public school funding . St. Louis Public Schools and publicly - funded charter schools often compete for students , money and staff . This leads to a disjointed education system and pits families and school systems against one another for limited resources , while many in the MO Legislature want to dismantle public school systems all together .",Family and Children
130,135,1330,https://districtr.org/COI/29868,coi,Tower Grove community map,This is a community centered around Tower Grove Park and the South Grand Business district. People here use the park regularly and many are younger families. Most would utilize the South Grand business district for meals.  ,This is a community centered around Tower Grove Park and the South Grand Business district. People here use the park regularly and many are younger families. Most would utilize the South Grand business district for meals.  ,Tower Grove South,1.0,St. Louis,This is a community centered around Tower Grove Park and the South Grand Business district . People here use the park regularly and many are younger families . Most would utilize the business district for meals .  ,Community engagement
131,136,1324,https://districtr.org/COI/29869,coi,Jameson W. ,"This is a working class area filled with students, young professionals and longtime residents. It's a walkable neighborhood that has been an affordable place for a cross section of young and old folks to live. Folks share open spaces, like the Westport high school well and have a real attachment to not seeing these spaces overrun by developers. There is certainly a shared interest/fear in seeing the community remain affordable and liveable. ","This is a working class area filled with students, young professionals and longtime residents. It's a walkable neighborhood that has been an affordable place for a cross section of young and old folks to live. Folks share open spaces, like the Westport high school well and have a real attachment to not seeing these spaces overrun by developers. There is certainly a shared interest/fear in seeing the community remain affordable and liveable. ",Westport Residential ,1.0,Kansas City,"This is a working class area filled with students , young professionals and longtime residents . It 's a walkable neighborhood that has been an affordable place for a cross section of young and old folks to live . Folks share open spaces , like the Westport high school well and have a real attachment to not seeing these spaces overrun by developers . There is certainly a shared interest / fear in seeing the community remain affordable and liveable .",Diversity
132,137,1327,https://districtr.org/COI/29871,coi,LWVSTL - Sappington Elementary,"Sappington Elementary school in Lindbergh SD.  This school has 32% free and reduced lunches but almost no renters.  So these are homeowners who are likely to experience trouble making a house payment and rely on help with childcare, health services, and low-cost groceries.",Sappington elementary has about a 32% free and reduced lunch,Sappington Elementary school,1.0,St. Louis,"Sappington Elementary school in Lindbergh SD .   This school has 32 % free and reduced lunches but almost no renters .   So these are homeowners who are likely to experience trouble making a house payment and rely on help with childcare , health services , and low - cost groceries .",K-12 Education
133,138,1333,https://districtr.org/COI/29877,coi,Southwest St. Louis County People ,"This is a map of an area of Southwest St. Louis County that the people have similar  concern, care and pride in their communities, and their school districts. They participate and support their community functions and  festivals.","This is a map of an area of Southwest St. Louis County that the people have similar  concern, care and pride in their communities, and their school districts. They participate and support their community functions and  festivals.",Southwest St. Louis County People that care about their communities and school districts,1.0,Saint Louis,"This is a map of an area of that the people have similar   concern , care and pride in their communities , and their school districts . They participate and support their community functions and   festivals .",Community engagement
134,139,1334,https://districtr.org/COI/29879,coi,Springfield and the broader metropolitan,"On a macro level, all of these places are areas that I would consider to be a part of Springfield and its broader community/metropolitan. The population of each of the highlighted cities outside of Springfield interacts with Springfield in many important ways. They work in Springfield, they go to Springfield for entertainment, they all use the Springfield hospital system, the schools interact really closely, many of the students of the surrounding areas hang out in Springfield, etc... Springfield is so sprawled out that, if anything, the surrounding cities almost just feel like Springfield suburbs. None of them are typically more than a 20 minute drive out.","On a macro level, all of these places are areas that I would consider to be a part of Springfield and its broader community/metropolitan. The population of each of the highlighted cities outside of Springfield interacts with Springfield in many important ways. They work in Springfield, they go to Springfield for entertainment, they all use the Springfield hospital system, the schools interact really closely, many of the students of the surrounding areas hang out in Springfield, etc... Springfield is so sprawled out that, if anything, the surrounding cities almost just feel like Springfield suburbs. None of them are typically more than a 20 minute drive out.",Springfield and the broader metropolitan area,1.0,Springfield,"On a macro level , all of these places are areas that I would consider to be a part of and its broader community / metropolitan . The population of each of the highlighted cities outside of interacts with in many important ways . They work in , they go to for entertainment , they all use the hospital system , the schools interact really closely , many of the students of the surrounding areas hang out in , etc ... is so sprawled out that , if anything , the surrounding cities almost just feel like suburbs . None of them are typically more than a 20 minute drive out .",Community engagement
135,140,1335,https://districtr.org/COI/29881,coi,LWVSTL - Crestwood Elementary School,"Crestwood Elementary school in the Lindbergh SD.  This school has 30% free and reduced lunches, but almost no renters.  So these are parent homeowners who are likely to experience trouble making a house payment and rely on help with childcare, health services, and low-cost groceries.",30% of kids at Crestwood Elementary get free and reduced lunches.,Crestwood Elementary,1.0,St. Louis,"Crestwood Elementary school in the Lindbergh SD .   This school has 30 % free and reduced lunches , but almost no renters .   So these are parent homeowners who are likely to experience trouble making a house payment and rely on help with childcare , health services , and low - cost groceries .",K-12 Education
136,141,1339,https://districtr.org/COI/29892,coi,LWVSTL - Kellison Elementary - Rockwood ,"Kellison Elementary school in Rockwood SD. This school has 29% free and reduced lunches, but almost no renters. So these are parent homeowners who are likely to experience trouble making a house payment and rely on help with childcare, health services, and low-cost groceries.  The census boundaries do not describe the boundary of this school well.",This elementary school in Fenton is in the Rockwood school district and has a free and reduced lunch rate of 29%. ,Kellison Elementary - Rockwood,1.0,St. Louis,"Kellison Elementary school in Rockwood SD . This school has 29 % free and reduced lunches , but almost no renters . So these are parent homeowners who are likely to experience trouble making a house payment and rely on help with childcare , health services , and low - cost groceries .   The census boundaries do not describe the boundary of this school well .",K-12 Education
137,142,1342,https://districtr.org/COI/29942,coi,LWVSTL - Clyde Hamrick Elementary,"Clyde Hamrick Elementary school in Fox SD. This Fox SD elementary school has a high number of students qualified for free or reduced lunch- 51%.  The region for this group is not contiguous because the elementary school boundary is not contiguous.  It is mostly homeowners who are likely to experience trouble making a house payment and rely on help with childcare, health services, and low-cost groceries.",This elementary school in Jefferson County has a free and reduced lunch rate of 51%.,Clyde Hamrick Elementary - Fox SD,1.0,St. Louis,"Clyde Hamrick Elementary school in Fox SD . This Fox SD elementary school has a high number of students qualified for free or reduced lunch- 51 % .   The region for this group is not contiguous because the elementary school boundary is not contiguous .   It is mostly homeowners who are likely to experience trouble making a house payment and rely on help with childcare , health services , and low - cost groceries .",Vulnerable populations
138,143,1343,https://districtr.org/COI/29951,coi,"LWVSTL -Meramec Heights elementary, Fox ","Meramec Heights Elementary school is in the Fox SD. This elementary school in the Fox school district has a 52% free and reduced lunch rate.  They are mostly homeowners , not renters, who are going to need some assistance to meet their needs.","This elementary school in the Fox school district has a 52% free and reduced lunch rate.  They are mostly homeowners , not renters, who are going to need some assistance to meet their needs.",Meramec Heights Elementary,1.0,St. Louis,"Meramec Heights Elementary school is in the Fox SD . This elementary school in the Fox school district has a 52 % free and reduced lunch rate .   They are mostly homeowners , not renters , who are going to need some assistance to meet their needs .",Vulnerable populations
139,144,1344,https://districtr.org/COI/29957,coi,LWVSTL - Fox Elementary - Fox SD,"Fox elementary has 42% free and reduced lunch rate.  It is in the Fox SD.  Students would be greatly affected by flooding of the Meramec River.  It is mostly homeowners who are likely to experience trouble making a house payment and rely on help with childcare, health services, and low-cost groceries.","Fox elementary has 42% free and reduced lunch rate.  It is in the Fox SD.  
Students would be greatly affected by flooding of the Meramec River.  It is mostly homeowners who are likely to experience trouble making a house payment and rely on help with childcare, health services, and low-cost groceries.",Fox Elementary school - Fox SD,1.0,St. Louis,"Fox elementary has 42 % free and reduced lunch rate .   It is in the Fox SD .   Students would be greatly affected by flooding of .   It is mostly homeowners who are likely to experience trouble making a house payment and rely on help with childcare , health services , and low - cost groceries .",Vulnerable populations
140,145,1351,https://districtr.org/COI/29976,coi,Northern Jefferson County ,"Includes Barnhart and Imperial  suburban bedroom community with numerous subdivisions including Village of Jefferson and Parkton  Shared concerns are crime, traffic congestion and noise from I-55, Windsor C-1 School district","Includes Barnhart and Imperial

suburban bedroom community with numerous subdivisions including Village of Jefferson and Parkton

Shared concerns are crime, traffic congestion and noise from I-55, Windsor C-1 School district",Northern Jefferson County,1.0,Columbia,"Includes Barnhart and Imperial   suburban bedroom community with numerous subdivisions including Village of Jefferson and Parkton   Shared concerns are crime , traffic congestion and noise from I-55 , Windsor C-1 School district",Suburbs
141,146,1354,https://districtr.org/COI/29985,coi,Southern Saline County and adjacent,"S/SE Saline County, NW Cooper, N Pettis Counties.  Includes the towns of Marshall, Sweet Springs, Arrow Rock, Blackwater, Glasgow, Slater.  Cohesive population centers surrounded and separated by large tracts of row-cropping.  Shared interests include tourism, historical preservation, education and youth activities, infrastructure, community spaces (e.g., parks, YMCA), local hospital, concern for flooding, hunting/fishing.  Some concern for social/racial justice. ","S/SE Saline County, NW Cooper, N Pettis Counties.  Includes the towns of Marshall, Sweet Springs, Arrow Rock, Blackwater, Glasgow, Slater.  Cohesive population centers surrounded and separated by large tracts of row-cropping.  Shared interests include tourism, historical preservation, education and youth activities, infrastructure, community spaces (e.g., parks, YMCA), local hospital, concern for flooding, hunting/fishing.  Some concern for social/racial justice. ",Southern Saline County and adjacent,1.0,Marshall/Saline,"S / SE Saline County , NW Cooper , N Pettis Counties .   Includes the towns of Marshall , Sweet Springs , , Blackwater , Glasgow , Slater .   Cohesive population centers surrounded and separated by large tracts of row - cropping .   Shared interests include tourism , historical preservation , education and youth activities , infrastructure , community spaces ( e.g. , parks , YMCA ) , local hospital , concern for flooding , hunting / fishing .   Some concern for social / racial justice .",Recreation and Tourism
142,147,1356,https://districtr.org/COI/29991,coi,West Central Jefferson City,"'west central  Jefferson City. Residential  and business district, restaurants, middle class homes. Many people employed with State of MO, and local hospitals. Concerns with schools, effects of blasting at local quarry , businesses developing in area.","'west central  Jefferson City. Residential  and business district, restaurants, middle class homes. Many people employed with State of MO, and local hospitals. Concerns with schools, effects of blasting at local quarry , businesses developing in area.",West Central Jefferson City ,1.0,Jefferson City,"' west central   . Residential   and business district , restaurants , middle class homes . Many people employed with State of , and local hospitals . Concerns with schools , effects of blasting at local quarry , businesses developing in area .",Named neighborhood
143,148,1358,https://districtr.org/COI/30003,coi,Crestwood/Affton Area Map,,"The area includes the Affton/Crestwood area.  Residents in these areas use Grant’s trail extensively.  Watson Rd runs through the area and used to be home to Crestwood Mall and many other businesses, which have now mostly all closed.  This has left some empty buildings/strip malls and has pushed people further south and into the Kirkwood area to shop. Seems to be a lot of retired residents in this community, but slowly seeing turnover to younger families.",Rachel - Affton/Crestwood Area,1.0,Saint Louis,,Unknown
144,149,1362,https://districtr.org/COI/30008,coi,LWVSTL - Trautwein Elementary - Mehville,"Trautwein Elementary school has a free and reduced lunch rate of 39%.  It is in the Mehlville school district.    There are areas of homeowners and renters within this community that are likely to experience trouble meeting their needs and rely on help with childcare, health services, and low-cost groceries.",This elementary school has a free and reduced lunch rate of 39%.  It is in the Mehlville school district.  ,Trautwein Elementary,1.0,St. Louis,"Trautwein Elementary school has a free and reduced lunch rate of 39 % .   It is in the school district .     There are areas of homeowners and renters within this community that are likely to experience trouble meeting their needs and rely on help with childcare , health services , and low - cost groceries .",K-12 Education
145,150,1363,https://districtr.org/COI/30010,coi,LWVSTL - Beasley Elem - Mehlville SD,"Beasley Elementary is in the Mehlville SD and has a 50% free and reduced lunch rate among the students.   The elementary school boundary includes most of Jefferson Barracks. There are areas of homeowners and renters within this community that are likely to experience trouble meeting their needs and rely on help with childcare, health services, and low-cost groceries.   ",Beasley Elementary is in the Mehlville SD and has a 50% free and reduced lunch rate among the students.   The elementary school boundary includes most of Jefferson Barracks,Beasley Elementary - Mehlville SD,1.0,St. Louis,"Beasley Elementary is in the Mehlville SD and has a 50 % free and reduced lunch rate among the students .    The elementary school boundary includes most of Jefferson Barracks . There are areas of homeowners and renters within this community that are likely to experience trouble meeting their needs and rely on help with childcare , health services , and low - cost groceries .   ",Vulnerable populations
146,151,1364,https://districtr.org/COI/30015,coi,LWVSTL - Forder elem - Mehlville SD,"Forder elementary is in the Mehlville SD.  There is a free and reduced lunch rate of 41% in this school.   These are mostly homeowners; and parents within this community may experience trouble meeting their needs and rely on help with childcare, health services, and low-cost groceries.  Forder Elem, Beasley Elem, and Bierbaum Elem are in SD 1, separating these three schools from the senate district that the rest of the Mehlville SD is in.  ","Forder elementary is in the Mehlville SD.  There is a free and reduced lunch rate of 41% in this school.   These are mostly  homeowners; and parents within this community  may experience trouble meeting their needs and rely on help with childcare, health services, and low-cost groceries.  Forder Elem, Beasley Elem and Bierbaum Elem are in SD 1, separating these three schools from the senate district that the rest of the Mehlville SD is in.  ",Forder Elementary - Mehlville SD,1.0,St. Louis,"Forder elementary is in the Mehlville SD .   There is a free and reduced lunch rate of 41 % in this school .    These are mostly homeowners ; and parents within this community may experience trouble meeting their needs and rely on help with childcare , health services , and low - cost groceries .   Forder Elem , Beasley Elem , and Bierbaum Elem are in SD 1 , separating these three schools from the senate district that the rest of the Mehlville SD is in .  ",K-12 Education
147,152,1365,https://districtr.org/COI/30017,coi,LWVSTL - Bierbaum Elem - Mehlville SD,"Bierbaum Elem is in Mehlville SD and has a free and reduced lunch rate at 49%.   These are mostly homeowners and a pocket of renters; and parents within this community may experience trouble meeting their needs and rely on help with childcare, health services, and low-cost groceries.  Forder Elem, Beasley Elem, and Bierbaum Elem are in SD 1, separating these three schools from the senate district that the rest of the Mehlville SD is in.  ","Bierbaum Elem is in Mehlville SD and has a free and reduced lunch rate at 49%.   These are mostly homeowners and a pocket of renters; and parents within this community may experience trouble meeting their needs and rely on help with childcare, health services, and low-cost groceries.  Forder Elem, Beasley Elem, and Bierbaum Elem are in SD 1, separating these three schools from the senate district that the rest of the Mehlville SD is in.  ",Bierbaum Elementary - Mehlville SD,1.0,St. Louis,"Bierbaum Elem is in Mehlville SD and has a free and reduced lunch rate at 49 % .    These are mostly homeowners and a pocket of renters ; and parents within this community may experience trouble meeting their needs and rely on help with childcare , health services , and low - cost groceries .   Forder Elem , Beasley Elem , and Bierbaum Elem are in SD 1 , separating these three schools from the senate district that the rest of the Mehlville SD is in .  ",Vulnerable populations
148,153,1366,https://districtr.org/COI/30055,coi,Arcadia - North Columbia,North of Smiley Ln is considerably different than south of Smiley lane.  The eastern part of this census tract -- north of Smiley -- is considerably different than the western part. There is a firm line of separation around Derby Ridge Dr between homeowners & renters. ,"North of Smiley Ln is considerably different than south of Smiley lane.

The eastern part of this census tract -- north of Smiley -- is considerably different than the western part. There is a firm line of separation around Derby Ridge Dr between homeowners & renters.

There are lot of retirees throughout the neighborhood. There are a few families and you do see kids playing. The majority of the families are white. ",Arcadia - North Columbia,1.0,Boone,North of Smiley Ln is considerably different than south of Smiley lane .   The eastern part of this census tract -- north of Smiley -- is considerably different than the western part . There is a firm line of separation around Dr between homeowners & renters .,Diversity
149,154,1368,https://districtr.org/COI/30091,coi,Brandon B Map,This is the community I live in.,,Community 1,1.0,Kansas City,This is the community I live in .,Named neighborhood
150,155,1369,https://districtr.org/COI/30101,coi,Tower Grove,This is an area with ample outdoor space for children and adults alike. I see familiar people almost anytime I venture outside. The grocery store is frequented by neighborhood residents and is the kind of place where cashiers recognize me and my family. This community is walkable and boasts numerous local shops and restaurants.,This is an area with ample outdoor space for children and adults alike. I see familiar people almost anytime I venture outside. The grocery store is frequented by neighborhood residents and is the kind of place where cashiers recognize me and my family. This community is walkable and boasts numerous local shops and restaurants.,Tower Grove,1.0,,This is an area with ample outdoor space for children and adults alike . I see familiar people almost anytime I venture outside . The grocery store is frequented by neighborhood residents and is the kind of place where cashiers recognize me and my family . This community is walkable and boasts numerous local shops and restaurants .,Community engagement
151,156,1428,https://districtr.org/COI/30107 ,coi,LWVSTL - SD10 Recreation areas nr Fulton,"Part of Mark Twain National Forest - Recreation areas, campgrounds etc","Part of Mark Twain National Forest - Recreation areas, campgrounds",LWVSTL - SD10 Recreation areas,1.0,,"Part of Mark Twain National Forest - Recreation areas , campgrounds etc",Recreation and Tourism
152,157,1429,https://districtr.org/COI/30109,coi,LWVSTL - SD10 Troy Toyota Plant,Manufacturing plant - - provides 900 jobs,Manufacturing plant - 900 jobs,LWVSTL - SD10 Troy Toyota Plant,1.0,,Manufacturing plant - - provides 900 jobs,Economy and Commerce
153,158,1431, https://districtr.org/COI/30115 ,coi,LWVSTL - SD10 Lincoln Co Egg Farm (CAFO),"Area around Lincoln County Egg Farm. This is a large CAFO,  class 1A. Provides jobs, but nearby residents have environmental concerns, for example runoff into the ground water, odors.","CAFO class 1A. Provides jobs, but also environmental concerns",LWVSTL - SD10 Lincoln County Egg Farm,1.0,,"Area around Lincoln County Egg Farm . This is a large CAFO ,   class 1A. Provides jobs , but nearby residents have environmental concerns , for example runoff into the ground water , odors .",Agriculture
154,159,1373,https://districtr.org/COI/30127,coi,Kail Northland Area,"The Northland area includes many commonalities: housing, employment, school districts, lack of public transport, many infrastructure needs.  There is a variety of people, served by many businesses and institutions.  All face burgeoning development and the challenges presented.","This area includes home-owners, renters, and institutions dealing with increasing development.  School districts are very similar in needs, challenges and opportunities.  Public transportation is limited -- the automobile rules!  Relations with ""the city"" of KCMO can be problematic.",Kail Northland area,1.0,Kansas City,"The Northland area includes many commonalities : housing , employment , school districts , lack of public transport , many infrastructure needs .   There is a variety of people , served by many businesses and institutions .   All face burgeoning development and the challenges presented .",Named neighborhood
155,160,1372,https://districtr.org/COI/30128,coi,Columbia north of Broadway,"This community North of Broadway and South of I-70 includes Columbia College and Stephen's Lake Park, both of which attracts a lot of student renters and some home buyers, specifically graduate students and other younger professionals. Three main grocery stores--Gerbes, Walmart, and Hyvee--provide essentials for this community. Lots of local businesses in this community find support in the residents in this area who spend a lot of time at local events like the farmer's market, first fridays, and fun activities like music. Public schools like Ridgeway Elementary and Hickman High School attract settling families and kids to the area, bringing more support for local businesses.","This community North of Broadway and South of I-70 includes Columbia College and Stephen's Lake Park, both of which attracts a lot of student renters and some home buyers, specifically graduate students and other younger professionals. Three main grocery stores--Gerbes, Walmart, and Hyvee--provide essentials for this community. Lots of local businesses in this community find support in the residents in this area who spend a lot of time at local events like the farmer's market, first fridays, and fun activities like music. Public schools like Ridgeway Elementary and Hickman High School attract settling families and kids to the area, bringing more support for local businesses.",Columbia North of Broadway,1.0,COLUMBIA,"This community and South of includes Columbia College and 's , both of which attracts a lot of student renters and some home buyers , specifically graduate students and other younger professionals . Three main grocery stores -- Gerbes , Walmart , and Hyvee -- provide essentials for this community . Lots of local businesses in this community find support in the residents in this area who spend a lot of time at local events like the farmer 's market , first fridays , and fun activities like music . Public schools like Ridgeway Elementary and Hickman High School attract settling families and kids to the area , bringing more support for local businesses .",Community engagement
156,161,1374,https://districtr.org/COI/30130,coi,Mark Twain Lake - SD10,"Residents of this rural community around Mark Twain Lake are concerned about flooding this summer. Lake levels fluctuate dramatically, affecting fishing and other tourism. Farmers in this area are worried about commodity prices. ","Residents of this rural community around Mark Twain Lake are concerned about flooding this summer. Lake levels fluctuate dramatically, affecting fishing and other tourism. Farmers in this area are worried about commodity prices. ",Mark Twain Lake - SD10,1.0,Saint Louis,"Residents of this rural community around Mark Twain Lake are concerned about flooding this summer . Lake levels fluctuate dramatically , affecting fishing and other tourism . Farmers in this area are worried about commodity prices .",Community engagement
157,162,1375,https://districtr.org/COI/30137,coi,Callaway Nuclear Power Plant,Issues of security and safety are top of mind for people living near the state's only nuclear plant producing electricity. Waste is stored on site and this area is part of the New Madrid Seismic Zone. Many think communication with government officials could be better.  ,Issues of security and safety are top of mind for people living near the state's only nuclear plant producing electricity. Waste is stored on site and this area is part of the New Madrid Seismic Zone. Many think communication with government officials could be better.  ,Callaway Nuclear Power Plant,1.0,St. Louis,Issues of security and safety are top of mind for people living near the state 's only nuclear plant producing electricity . Waste is stored on site and this area is part of the New Madrid Seismic Zone . Many think communication with government officials could be better .  ,Vulnerable populations
158,163,1578,https://districtr.org/COI/30154,coi, Wentzville Liberty High School  , Wentzville Liberty High School  St Charles County,"Communities with police stations nearby. The St. Charles County Police Department provides service to unincorporated St. Charles County and works closely with local municipal police to monitor the county’s eight patrol zones. The division also provides contract patrols in the cities of Augusta, Weldon Springs Heights, St. Paul, Flint Hill, Portage De Sioux, New Melle, and West Alton. Additionally, a full-time officer is dedicated to patrol services in the municipalities of Dardenne Praire and Weldon Spring.",St Charles County Law Enforcement Agencies,1.0,O'Fallon,  Wentzville Liberty High School   St Charles County,Community engagement
159,164,1381,https://districtr.org/COI/30161,coi,LWVSTL - Mehlville High School,"Mehlville High School. The Mehlville School district is divided into two high schools.  Mehlville HS  is fairly evenly divided between Dist 15 and 1.   This community is crossed by two major roadways I55 and I270/I255.  This community is less of a bedroom community than their rival within the same school district, Oakville HS which is mostly in Dist 1. ","Mehlville High School. The Mehlville School district is divided into two high schools.  Mehlville HS  is fairly evenly divided between Dist 15 and 1.   This community is crossed by two major roadways I55 and I270/I255.  This community is less of a bedroom community than their rival within the same school district, Oakville HS which is mostly in Dist 1.",Mehlville High school,1.0,St. Louis,"Mehlville High School . The Mehlville School district is divided into two high schools .   Mehlville HS   is fairly evenly divided between Dist 15 and 1 .    This community is crossed by two major roadways I55 and I270 / I255 .   This community is less of a bedroom community than their rival within the same school district , Oakville HS which is mostly in Dist 1 .",Named neighborhood
160,165,1382,https://districtr.org/COI/30168,coi,LWVSTL,Oakville High School.   The Mehlville School district is divided into two high schools.  Oakville HS  is more in Dist 1.    This community a bedroom community with no major interstate highways crossing the boundary.  Their rival within the same school district has more retail industry.  Oakville HS which is mostly in Dist 1. ,"Oakville High School.   The Mehlville School district is divided into two high schools.  Oakville HS  is more in Dist 1.    This community a bedroom community with no major interstate highways crossing the boundary.  Their rival within the same school district has more retail industry.  Oakville HS which is mostly in Dist 1.
",Oakville High School,1.0,St. Louis,Oakville High School .    The Mehlville School district is divided into two high schools .   Oakville HS   is more in Dist 1 .     This community a bedroom community with no major interstate highways crossing the boundary .   Their rival within the same school district has more retail industry .   Oakville HS which is mostly in Dist 1 .,Named neighborhood
161,166,1383,https://districtr.org/COI/30174,coi,Mehlville School District,Mehlville School District is located in south St. Louis County and is divided between two senate districts - 1 and 15.  All the voters here want quality schools.  The community's worries about their school district  have less weight in the legislature because they are a smaller voice in two districts rather than a bigger voice in a single district.  The voters are split between two districts. ,Mehlville School District is located in south St. Louis County and is divided between two senate districts - 1 and 15.  All the voters here want quality schools.  The community's worries about their school district  have less weight in the legislature because they are a smaller voice in two districts rather than a bigger voice in a single district.  The voters are split between two districts.,Mehlville School District,1.0,St. Louis,Mehlville School District is located in south and is divided between two senate districts - 1 and 15 .   All the voters here want quality schools .   The community 's worries about their school district   have less weight in the legislature because they are a smaller voice in two districts rather than a bigger voice in a single district .   The voters are split between two districts .,K-12 Education
162,167,1384,https://districtr.org/COI/30177,coi,St Louis County flagship library,"Walkable to St. Louis County central library and Frontenac mall. Community is upper middle class and above, concerned about education and taxes. ","Walkable to STL County library and Frontenac mall, folks are concerned about education and taxes. ",STL County Library,1.0,St. Louis,"Walkable to central library and Frontenac mall . Community is upper middle class and above , concerned about education and taxes .",Community engagement
163,168,1385,https://districtr.org/COI/30188,coi,LWVSTL - Mid-MO Catholic Community,Mid-MO Catholic Community. This community is very Catholic.  They all attend each other's church festivals and many want their children to go to Catholic School.  It is mostly a farming community.  Many families have at least one parent working for the state of Missouri in Jefferson City. ,"Mid-MO Catholic Community. This community is very Catholic.  They all attend each other's church festivals and many want their children to go to Catholic School.  It is mostly a farming community.  Many families have at least one parent working for the state of Missouri in Jefferson City.  
David Honse of Vienna, MO aided in the creation of this COI.",Mid -MO Catholic Community,1.0,St. Louis,Mid - MO Catholic Community . This community is very Catholic .   They all attend each other 's church festivals and many want their children to go to Catholic School .   It is mostly a farming community .   Many families have at least one parent working for the state of in .,Religion
164,169,1748,https://districtr.org/COI/30191,coi,Areas with Saint Charles Area Transit ,"St. Charles County does not offer bus services. However, the City of St. Charles provides in-town transportation services to various locations during select times. The Saint Charles Area Transit system, otherwise known as SCAT, consists of 5 bus routes that provide transportation to various locations within the City of Saint Charles as well as to the Metrolink North Hanley Station. All buses are equipped with wheelchair lifts. Contact SCAT at 636-949-3364.","St. Charles County does not offer bus services. However, the City of St. Charles provides in-town transportation services to various locations during select times. The Saint Charles Area Transit system, otherwise known as SCAT, consists of 5 bus routes that provide transportation to various locations within the City of Saint Charles as well as to the Metrolink North Hanley Station. All buses are equipped with wheelchair lifts. Contact SCAT at 636-949-3364.",LWV SD02 SD23 St Charles County Public Transit,1.0,O'Fallon,"does not offer bus services . However , provides in - town transportation services to various locations during select times . The Saint Charles Area Transit system , otherwise known as SCAT , consists of 5 bus routes that provide transportation to various locations within Saint Charles as well as to the Metrolink North Hanley Station . All buses are equipped with wheelchair lifts . Contact SCAT at 636 - 949 - 3364 .",Vulnerable populations
165,170,1497,https://districtr.org/COI/30193,coi,LWV SD02 SD23 St Charles County - Rural ,"Rural areas of St Charles County, some areas subject to flooding. Primarily farmland and other agricultural use","Rural areas of St Charles County, some areas subject to flooding. Primarily farmland and other agricultural use","LWV SD02 SD23 St Charles County - Rural Lower Elevation	Rural areas of St Charles County, some areas subject to flooding. Primarily farmland and other agricultural use",1.0,O'Fallon,"Rural areas of , some areas subject to flooding . Primarily farmland and other agricultural use",Agriculture
166,171,1530,https://districtr.org/COI/30197,coi,LWV SD02 SD23 St Charles County - Rural ,"Rural areas of St Charles County, in areas not subject to flooding from major rivers. Primarily wooded and undeveloped.","Rural areas of St Charles County, in areas not subject to flooding from major rivers. Primarily wooded and undeveloped.",LWV SD02 SD23 St Charles County - Rural Higher Elevation,1.0,O'Fallon,"Rural areas of , in areas not subject to flooding from major rivers . Primarily wooded and undeveloped .",Environment
167,172,1532,https://districtr.org/COI/30199,coi,LWVSTL - St Charles City,"City of St Charles, The population was 65,794 at the 2010 census","The population was 65,794 at the 2010 census",LWV SD23 St Charles City,1.0,O'Fallon,"City of St Charles , The population was 65,794 at the 2010 census",Cities
168,173,1534,https://districtr.org/COI/30205,coi,LWVSTL - St Peters City,"City of St Peters, The 2010 census showed the city's population to be 52,575 ","The 2010 census showed the city's population to be 52,575",LWV SD02 SD23 St Peters City,1.0,O'Fallon,"City of St Peters , The 2010 census showed the city 's population to be 52,575",Cities
169,174,1535,https://districtr.org/COI/30209,coi,LWVSTL - Ofallon City,"City of Ofallon. As of the 2010 census, O'Fallon had a population of 79,329","As of the 2010 census, O'Fallon had a population of 79,329",LWV SD02 SD23 Ofallon City,1.0,O'Fallon,"City of Ofallon . As of the 2010 census , O'Fallon had a population of 79,329",Cities
170,175,1536,https://districtr.org/COI/30211,coi,LWVSTL - City of Cottleville ,"City of Cottleville. The population was 3,075 at the 2010 census.","The population was 3,075 at the 2010 census.",LWV SD02 SD23 City of Cottleville ,1.0,O'Fallon,"City of . The population was 3,075 at the 2010 census .",Cities
171,176,1537,https://districtr.org/COI/30213,coi,City of Flint Hill,City of Flint Hill. The population was 525 at the 2010 census.,The population was 525 at the 2010 census.,LWV SD02 City of Flint Hill,1.0,O'Fallon,City of Flint Hill . The population was 525 at the 2010 census .,Cities
172,177,1538,https://districtr.org/COI/30216,coi,City of Dardenne Prairie ,"City of Dardenne Prairie. The population was 11,494 at the 2010 census.","The population was 11,494 at the 2010 census.",LWV SD02 City of Dardenne Prairie ,1.0,O'Fallon,"City of Dardenne Prairie . The population was 11,494 at the 2010 census .",Cities
173,178,1391,https://districtr.org/COI/30227,coi,Southwest Baptist University Off-Campus,locations where students rent off-campus apartments and duplexes,locations where students rent off-campus apartments and duplexes,Southwest Baptist University Student Rentals,1.0,Bolivar,locations where students rent off - campus apartments and duplexes,Named neighborhood
174,179,1390,https://districtr.org/COI/30228,coi,Springfield Metroplex,"An area that shares common issues of traffic, water flow, population density around MSU, economic development, poverty, and people who drive into Springfield to work, back and forth.","An area that shares common issues of traffic, water flow, population density around MSU, economic development, poverty, and people who drive into Springfield to work, back and forth.",Springfield Metroplex,1.0,"Springfield, Greene","An area that shares common issues of traffic , water flow , population density around MSU , economic development , poverty , and people who drive into to work , back and forth .",Poverty
175,180,1539,https://districtr.org/COI/30233,coi,City of Wentzville ,"City of Wentzville. As of the 2010 census, the city had a total population of 29,070","As of the 2010 census, the city had a total population of 29,070",LWV SD02 City of Wentzville ,1.0,O'Fallon,"City of . As of the 2010 census , the city had a total population of 29,070",Cities
176,181,1394,https://districtr.org/COI/30234,coi,Southeast Springfield,"Middle to upper middle class citizens, with wide range of ages, including many families as well as many retired citizens. ",,Community 1,1.0,Springfield,"Middle to upper middle class citizens , with wide range of ages , including many families as well as many retired citizens .",Diversity
177,182,1393,https://districtr.org/COI/30235,coi,East of 65 SGF,Springfield east of 65,Springfield East of 65,Community 1,1.0,Springfield Greene,east of 65,Elderly
178,183,1540,https://districtr.org/COI/30236,coi,City of Lake St Louis ,"City of Lake St Louis. The population was 14,545 as of the 2010 US Census.","The population was 14,545 as of the 2010 US Census.",LWV SD02 City of Lake St Louis ,1.0,O'Fallon,"City of . The population was 14,545 as of the 2010 US Census .",Cities
179,184,1392,https://districtr.org/COI/30238,coi,young single family,"young single family with 1-2 children, first home and first mortgage","young single family with 1-2 children, first home and first mortgage",young single family,1.0,Bolivar,"young single family with 1 - 2 children , first home and first mortgage",Family and Children
180,185,1396,https://districtr.org/COI/30240,coi,Mexico - SD10,"Small town with residents concerned about unstable Internet connections and poor roads. Salt River may cause road flooding on Hwy 54, making it difficult to get to downtown Mexico from the east side. Many residents work in Columbia or Jeff City. Audrain County Courthouse and Chamber of Commerce have nice meeting rooms. Three school districts serve this area.  Residents are concerned that Mexico has gone to 2A, with fewer children as the population has declined. Residents support the schools and paid for the Mexico high school to get artificial turf and exceptional athletic facilities.","Small town with residents concerned about unstable Internet connections and poor roads. Salt River may cause road flooding on Hwy 54, making it difficult to downtown Mexico from the east side. Many residents work in Columbia or Jeff City. Audrain County Courthouse and Chamber of Commerce have nice meeting rooms.",Mexico,1.0,Mexico,"Small town with residents concerned about unstable Internet connections and poor roads . may cause road flooding on Hwy 54 , making it difficult to get to downtown from the east side . Many residents work in or . Audrain County Courthouse and Chamber of Commerce have nice meeting rooms . Three school districts serve this area .   Residents are concerned that has gone to 2A , with fewer children as the population has declined . Residents support the schools and paid for the high school to get artificial turf and exceptional athletic facilities .",Economy and Commerce
181,186,1402,https://districtr.org/COI/30241,coi,Springfield Metroplex,People living in the greater Springfield area with similar interests.,People living in the greater Springfield area with similar interests.,Springfield Metroplex,1.0,Springfield/Greene,People living in the greater area with similar interests .,Community engagement
182,187,1541,https://districtr.org/COI/30242,coi,City of Weldon Spring ,"City of Weldon Spring. The population was 5,443 at the 2010 census.","The population was 5,443 at the 2010 census.",LWV SD23 City of Weldon Spring ,1.0,O'Fallon,"City of Weldon Spring . The population was 5,443 at the 2010 census .",Cities
183,188,1417,https://districtr.org/COI/30244,coi,Greater Raytown School District/ SE KCMO,"This map covers the historic community of Raytown, Missouri founded in the early 19th century and the parts of the Raytown C-2 school district annexed   into southeast Kansas City, Missouri and Independence, Missouri. Raytown was founded in the early 19th century as a blacksmith shop on the Santa Fe trail with a walkable mixed use community center. The map includes small parts of the quality C-2 Raytown school community that were annexed by Kansas City, Missouri and Independence, Missouri. The community is car dependent with limited transit availability and a few bike trails or sidewalks. Much of the community infrastructure is aging with water main breaks, inconsistent access to broadband, and roads torn up by utility work and water line breaks. The community is struggling with economic development issues as traditional mixed use businesses in the historic city center struggle and new strip mall developments and business chains develop on the 350 Highway corridor. The community's strong school district is a long time source of local pride and attracts new residents along with relatively affordable housing. The community has recent struggles with issues of financing it's police department and public infrastructure.",,Community 1,1.0,Kansas City/ Jackson County,"This map covers the historic community of , founded in the early 19th century and the parts of the Raytown C-2 school district annexed    into southeast , and , . Raytown was founded in the early 19th century as a blacksmith shop on the Santa Fe trail with a walkable mixed use community center . The map includes small parts of the quality C-2 Raytown school community that were annexed by , and , . The community is car dependent with limited transit availability and a few bike trails or sidewalks . Much of the community infrastructure is aging with water main breaks , inconsistent access to broadband , and roads torn up by utility work and water line breaks . The community is struggling with economic development issues as traditional mixed use businesses in the historic city center struggle and new strip mall developments and business chains develop on the 350 Highway corridor . The community 's strong school district is a long time source of local pride and attracts new residents along with relatively affordable housing . The community has recent struggles with issues of financing it 's police department and public infrastructure .",Infrastructure
184,189,1395,https://districtr.org/COI/30245,coi,homeless population,homeless and transient people will congregate around the downtown area near Salvation Army,homeless and transient people will congregate around the downtown area near Salvation Army,homeless population,1.0,BOLIVAR,homeless and transient people will congregate around the downtown area near Salvation Army,Vulnerable populations
185,190,1543,https://districtr.org/COI/30247,coi,City of Foristell,City of Foristell. The population was 505 at the 2010 census.,The population was 505 at the 2010 census.,LWV SD02 City of Foristell,1.0,O'Fallon,City of Foristell . The population was 505 at the 2010 census .,Cities
186,191,1398,https://districtr.org/COI/30248,coi,South of 60 SGF,Springfield south of 60,,Community 2,1.0,Springfield Greene,south of 60,Elderly
187,192,1397,https://districtr.org/COI/30250,coi,SBU Professor Housing,areas where SBU professors live,areas where SBU professors live,Southwest Baptist University Professor Housing,1.0,Bolivar,areas where SBU professors live,University
188,193,1399,https://districtr.org/COI/30251,coi,South Central Springfield,"Tourist attractions (Bass Pro, Wonders of Wildlife, Battlefield Mall, several restaurants). A lot of shopping, restaurants, medical facilities. Heavy traffic in this area and noisy. ","Tourist attractions (Bass Pro, Wonders of Wildlife, Battlefield Mall, several restaurants). A lot of shopping, restaurants, medical facilities. Heavy traffic in this area and noisy. ",South Central Springfield,1.0,Springfield,"Tourist attractions ( Bass Pro , Wonders of Wildlife , Battlefield Mall , several restaurants ) . A lot of shopping , restaurants , medical facilities . Heavy traffic in this area and noisy .",Recreation and Tourism
189,194,1400,https://districtr.org/COI/30252,coi,Stone and Taney County Area,Stone and Taney Counties with some portions of Christian County and Lawrence county should be in one district.,,Community 1,1.0,Cape Fair,Stone and Taney Counties with some portions of and should be in one district .,Named neighborhood
190,195,1544,https://districtr.org/COI/30253,coi,City of New Melle,City of New Melle. The population was 475 at the 2010 census.,The population was 475 at the 2010 census.,LWV SD02 City of New Melle,1.0,O'Fallon,City of New Melle . The population was 475 at the 2010 census .,Cities
191,197,1401,https://districtr.org/COI/30255,coi,Ft Leonard Wood area,This community encompasses Ft Leonard Wood and the Waynesville R6 School District.,This community encompasses Ft Leonard Wood and the Waynesville R6 School District.,Ft Leonard Wood Adjacent Community,1.0,Waynesville,This community encompasses Ft Leonard Wood and the Waynesville R6 School District .,Community engagement
192,198,1545,https://districtr.org/COI/30256,coi,City of Augusta,City of Augusta. The population was 253 at the 2010 census. ,The population was 253 at the 2010 census. ,LWV SD02 City of Augusta,1.0,O'Fallon,City of Augusta . The population was 253 at the 2010 census .,Cities
193,199,1546,https://districtr.org/COI/30257,coi,City of West Alton,City of West Alton. The population was 522 at the 2010 census. ,The population was 522 at the 2010 census. ,LWV SD23 City of West Alton,1.0,O'Fallon,City of West Alton . The population was 522 at the 2010 census .,Cities
194,200,1404,https://districtr.org/COI/30259,coi,North of 44 SGF,Springfield north of 44,,Community 3,1.0,Springfield Greene,north of 44,Named neighborhood
195,201,1547,https://districtr.org/COI/30260,coi,City of Portage Des Sioux,City of Portage Des Sioux. The population was 328 at the 2010 census,The population was 328 at the 2010 census,LWV SD23 City of Portage Des Sioux,1.0,O'Fallon,City of Portage Des Sioux . The population was 328 at the 2010 census,Cities
196,202,1406,https://districtr.org/COI/30261,coi,NE Springfield Rural Area,"This area emcompasses a portion of the Springfield School District, a portion of Springfield and a surrounding rural area.  The school is in a more isolated area.  Residents have larger lots but most work in Springfield.","This area emcompasses a portion of the Springfield School District, a portion of Springfield and a surrounding rural area.  The school is in a more isolated area.  Residents have larger lots but most work in Springfield.",NE Springfield Rural Area,1.0,"Springfield, Greene","This area emcompasses a portion of the Springfield School District , a portion of and a surrounding rural area .   The school is in a more isolated area .   Residents have larger lots but most work in .",Community engagement
197,203,1548,https://districtr.org/COI/30263,coi,City of St Paul,"City of St Paul. The population was 1,829 at the 2010 census.","The population was 1,829 at the 2010 census.",LWV SD02 City of St Paul,1.0,O'Fallon,"City of St Paul . The population was 1,829 at the 2010 census .",Cities
198,204,1408,https://districtr.org/COI/30264,coi,Deb's Springfield City and Outskirts Map,Lots of subdivisions and retail. Churches and hospitals. Colleges. Rural. Caucasion.,"Springfield, MO - rural and religious, mostly Caucasian. Lots of subdivisions, banks and gas stations.
High poverty.
",Springfield City Map,1.0,Springfield,Lots of subdivisions and retail . Churches and hospitals . Colleges . Rural . Caucasion .,Community engagement
199,205,1407,https://districtr.org/COI/30267,coi,NE Springfield,NE Soringfield,,Community 4,1.0,Springfield Greene,,Unknown
200,206,1409,https://districtr.org/COI/30269,coi,SE Springfield,SE Springfield,,Community 5,1.0,Springfield Greene,SE,Unknown
201,207,1412,https://districtr.org/COI/30270,coi,LS metro,"As LS metro becomes more urban and developed, there are community issues of land use, zoning, TIF incentives.  There are impacts on infrastructure and education.  Many issues of property taxes and different sales tax rates.","As LS metro becomes more urban and developed, there are community issues of land use, zoning, TIF incentives.  There are impacts on infrastructure and education.  Many issues of property taxes and different sales tax rates.",Lee's Summit metro,1.0,Lee's Summit,"As LS metro becomes more urban and developed , there are community issues of land use , zoning , TIF incentives .   There are impacts on infrastructure and education .   Many issues of property taxes and different sales tax rates .",Community engagement
202,208,1410,https://districtr.org/COI/30271,coi,Mexico - SD10,"Small town with residents concerned about unstable Internet connections and poor roads. Salt River may cause road flooding on Hwy 54, making it difficult to get to downtown Mexico from the east side. Many residents work in Columbia or Jeff City. Audrain County Courthouse and Chamber of Commerce have nice meeting rooms. Three school districts serve this area. Residents are concerned that Mexico has lost population.  Residents support the schools and paid for the Mexico high school to get artificial turf and exceptional athletic facilities but students now compete in 2A instead of Class 4. All students in Mexico Public Schools now get free breakfast and free lunch since more than half qualify. No longer have bus or cab service, and residents need a car to get to Walmart or Aldi's south of town. Union jobs were lost when major industries closed (FireBrick and AB Green). Mexico's paper now comes out twice a week; Audrain County has a weekly newspaper based in Vandalia. ","Small town with residents concerned about unstable Internet connections and poor roads. Salt River may cause road flooding on Hwy 54, making it difficult to downtown Mexico from the east side. Many residents work in Columbia or Jeff City. Audrain County Courthouse and Chamber of Commerce have nice meeting rooms.",Mexico,1.0,Mexico,"Small town with residents concerned about unstable Internet connections and poor roads . may cause road flooding on Hwy 54 , making it difficult to get to downtown from the east side . Many residents work in or . Audrain County Courthouse and Chamber of Commerce have nice meeting rooms . Three school districts serve this area . Residents are concerned that has lost population .   Residents support the schools and paid for the high school to get artificial turf and exceptional athletic facilities but students now compete in 2A instead of Class 4 . All students in Mexico Public Schools now get free breakfast and free lunch since more than half qualify . No longer have bus or cab service , and residents need a car to get to Walmart or Aldi 's south of town . Union jobs were lost when major industries closed ( FireBrick and AB Green ) . 's paper now comes out twice a week ; has a weekly newspaper based in .",Community engagement
203,209,1549,https://districtr.org/COI/30273,coi,Unincorporated Suburban St Charles Co,"Unincorporated Suburban areas of St Charles County, Suburban unincorporated areas, without city services","Suburban unincorporated areas, without city services",LWV SD02 SD23 Unincorporated Suburban areas of St Charles County,1.0,O'Fallon,"Unincorporated Suburban areas of , Suburban unincorporated areas , without city services",Suburbs
204,212,1413,https://districtr.org/COI/30278,coi,Frisco League,These are small districts that have common academic and sports leagues. They are a cooperative of smaller school districts,These are small districts that have common academic and sports leagues. They are a cooperative of smaller school districts,Frisco League Schools,1.0,Waynesville,These are small districts that have common academic and sports leagues . They are a cooperative of smaller school districts,Community engagement
205,213,1415,https://districtr.org/COI/30280,coi,SW Missouri Ag Community,,An agricultural community,SW Missouri,1.0,Cape Fair,,Unknown
206,214,1416,https://districtr.org/COI/30281,coi,Rolla Adjacent,This Community is Rolla and Rolla adjacent communities,This Community is Rolla and Rolla adjacent communities,Rolla Area,1.0,Waynesville,This Community is Rolla and Rolla adjacent communities,Community engagement
207,215,1419,https://districtr.org/COI/30283,coi,Lake Area Industries/ Laclede Industries,Two sheltered workshops that serve the south area of the lake. Sheltered workshops employ adults with developmental disabilities who make the choice to work in a workshop and contribute to their community and the economy.,Two sheltered workshops that serve the south area of the lake.,Lake Area Industries and Laclede Industries,1.0,Linn Creek,Two sheltered workshops that serve the south area of the lake . Sheltered workshops employ adults with developmental disabilities who make the choice to work in a workshop and contribute to their community and the economy .,Community engagement
208,216,1420,https://districtr.org/COI/30291,coi,Greater Lebanon Area ,"People in this region all consider themselves part of the Lebanon community. They work here. They shop here. They get the medical care that they can access here, but for many procedures they have to travel either to the Lake of The Ozarks or Springfield. The economy of this part of the state is wildly diverse; Lebanon is a huge manufacturing hub boasting several different types of industry, but the workers are generally underpaid, and live just above the poverty line. The community also supports a tourism economy due to its access to the Niangua River. Additionally, there is a lot of agriculture outside of the urban center of Lebanon proper. ","People in this region all consider themselves part of the Lebanon community. They work here. They shop here. They get the medical care that they can access here, but for many procedures they have to travel either to the Lake of The Ozarks or Springfield. The economy of this part of the state is wildly diverse; Lebanon is a huge manufacturing hub boasting several different types of industry, but the workers are generally underpaid, and live just above the poverty line. The community also supports a tourism economy due to its access to the Niangua River. Additionally, there is a lot of agriculture outside of the urban center of Lebanon proper. ",Greater Lebanon Community,1.0,,"People in this region all consider themselves part of the community . They work here . They shop here . They get the medical care that they can access here , but for many procedures they have to travel either to or . The economy of this part of the state is wildly diverse ; is a huge manufacturing hub boasting several different types of industry , but the workers are generally underpaid , and live just above the poverty line . The community also supports a tourism economy due to its access to . Additionally , there is a lot of agriculture outside of the urban center of proper .",Community engagement
209,217,1557,https://districtr.org/COI/30296,coi,Fort Zumwalt School District ,Fort Zumwalt School District St Charles County,Fort Zumwalt School District,LWV SD02 SD23 Fort Zumwalt School District,1.0,O'Fallon,Fort Zumwalt School District St Charles County,K-12 Education
210,218,1558,https://districtr.org/COI/30297,coi,St. Charles School District ,St. Charles School District St Charles County,St. Charles School District,LWV SD02 SD23 St. Charles School District,1.0,O'Fallon,St. Charles School District St Charles County,K-12 Education
211,219,1559,https://districtr.org/COI/30298,coi,Francis Howell School District ,Francis Howell School District St Charles County,Francis Howell School District,LWV SD02 SD23 Francis Howell School District,1.0,O'Fallon,Francis Howell School District St Charles County,K-12 Education
212,220,1560,https://districtr.org/COI/30300,coi,Wentzville School District ,Wentzville School District St Charles County,Wentzville School District,LWV SD02 Wentzville School District,1.0,O'Fallon,Wentzville School District St Charles County,K-12 Education
213,221,1562,https://districtr.org/COI/30301,coi,Orchard Farm School District ,Orchard Farm School District St Charles County,Orchard Farm School District,LWV SD23 Orchard Farm School District,1.0,O'Fallon,Orchard Farm School District St Charles County,Agriculture
214,222,1563,https://districtr.org/COI/30302,coi,Washington School District ,Washington School District St Charles County,Washington School District,LWV SD02 Washington School District,1.0,O'Fallon,School District St Charles County,K-12 Education
215,223,1564,https://districtr.org/COI/30303,coi,Lindenwood University St Charles County,Lindenwood University St Charles County,Lindenwood University Community,LWV SD23 Lindenwood University,1.0,O'Fallon,Lindenwood University St Charles County,University
216,224,1565,https://districtr.org/COI/30304,coi,Midwest University St Charles County,Midwest University St Charles County,Midwest University Community,LWV SD02 Midwest University,1.0,O'Fallon,Midwest University St Charles County,University
217,225,1566,https://districtr.org/COI/30305,coi,St. Charles Community College ,St. Charles Community College St Charles County,St. Charles Community College,LWV SD02 St. Charles Community College,1.0,O'Fallon,St. Charles Community College St Charles County,Community engagement
218,226,1567,https://districtr.org/COI/30306,coi, St Charles High School , St Charles High School St Charles County,St Charles High School,LWV SD23 St Charles High School,1.0,O'Fallon,  St Charles High School St Charles County,K-12 Education
219,227,1568,https://districtr.org/COI/30308,coi, St Charles West High School , St Charles West High School St Charles County,St Charles West High School,LWV SD23 St Charles West High School,1.0,O'Fallon,  St Charles West High School St Charles County,K-12 Education
220,228,1569,https://districtr.org/COI/30310,coi, Francis Howell North High School , Francis Howell North High School St Charles County,Francis Howell North High School,LWV SD23 Francis Howell North High School,1.0,St Louis,  Francis Howell North High School St Charles County,Community engagement
221,229,1570,https://districtr.org/COI/30312,coi,  Francis Howell Central High School ,  Francis Howell Central High School St Charles County,Francis Howell Central High School,LWV SD02 SD23 Francis Howell Central High School,1.0,O'Fallon,   Francis Howell Central High School St Charles County,K-12 Education
222,230,1571,https://districtr.org/COI/30313,coi,  Francis Howell High School ,  Francis Howell High School St Charles County,Francis Howell High School,LWV SD02 SD23 Francis Howell High School,1.0,O'Fallon,   Francis Howell High School St Charles County,Community engagement
223,231,1572,https://districtr.org/COI/30315,coi,  Fort Zumwalt East High School ,  Fort Zumwalt East High School St Charles County,Fort Zumwalt East High School,LWV SD02 SD23 Fort Zumwalt East High School,1.0,O'Fallon,   Zumwalt East High School St Charles County,K-12 Education
224,232,1573,https://districtr.org/COI/30316,coi,  Fort Zumwalt North High School ,  Fort Zumwalt North High School St Charles County,Fort Zumwalt North High School,LWV SD02 SD23 Fort Zumwalt North High School,1.0,O'Fallon,   Zumwalt North High School St Charles County,K-12 Education
225,233,1574,https://districtr.org/COI/30317,coi, Fort Zumwalt South High School , Fort Zumwalt South High School St Charles County,,Community 1,1.0,O'Fallon,  Zumwalt South High School St Charles County,K-12 Education
226,234,1575,https://districtr.org/COI/30318,coi, Fort Zumwalt West High School , Fort Zumwalt West High School St Charles County,Fort Zumwalt West High School,LWV SD02 Fort Zumwalt West High School,1.0,O'Fallon,  Zumwalt West High School St Charles County,K-12 Education
227,235,1576,https://districtr.org/COI/30320,coi, Wentzville Holt High School  , Wentzville Holt High School  St Charles County,Wentzville Holt High School ,LWV SD02 Wentzville Holt High School ,1.0,O'Fallon,  Wentzville Holt High School   St Charles County,Community engagement
228,236,1577,https://districtr.org/COI/30321,coi, Wentzville Timberland High School  , Wentzville Timberland High School  St Charles County,Wentzville Timberland High School ,LWV SD02 Wentzville Timberland High School ,1.0,O'Fallon,  Wentzville Timberland High School   St Charles County,Community engagement
229,237,1421,https://districtr.org/COI/30338,coi,Northern Kansas City Suburbs,"This map encompasses the Clay County communities of Liberty, Glenaire, Pleasant Valley, Claycomo, and Birmingham, as well as some sparsely populated areas of Kansas City itself. Liberty is the beating heart of Clay County, containing national headquarters for B&B Theatres and Ferrellgas, a Hallmark distribution center, a four year college, William Jewell, and over twenty listings in the National Register of Historic Places. Claycomo contains Ford's Kansas City Assembly Plant, which employs several thousand residents of the Kansas City metro.   There is a sense of history in these communities independent of their proximity to KCMO, as well as a feeling among residents that their needs are subordinate to those of the larger city within the governmental framework of both Clay County and the larger metro. ",,Community 1,1.0,Jackson,"This map encompasses the communities of Liberty , Glenaire , , Claycomo , and , as well as some sparsely populated areas of itself . Liberty is the beating heart of , containing national headquarters for B&B Theatres and Ferrellgas , a Hallmark distribution center , a four year college , William Jewell , and over twenty listings in the National Register of Historic Places . Claycomo contains Ford 's Kansas City Assembly Plant , which employs several thousand residents of the metro .    There is a sense of history in these communities independent of their proximity to KCMO , as well as a feeling among residents that their needs are subordinate to those of the larger city within the governmental framework of both and the larger metro .",Community engagement
230,238,1425,https://districtr.org/COI/30375,coi,LWVSTL - SD10 Area around Vandalia Women,Prison provides jobs but also brings unique concerns for nearby residents. Contains Missouri's Death Row for women.,Prison provides jobs but also brings unique concerns for nearby residents,Area surrounding Womens' Prison,1.0,,Prison provides jobs but also brings unique concerns for nearby residents . Contains 's Death Row for women .,Vulnerable populations
231,239,1427,https://districtr.org/COI/30376,coi,LWVSTL - SD10 Fulton Universities,"There are two private Liberal Arts universities in Fulton, MO.  Many students/renters, younger demographic.","There are two private Liberal Arts universities in Fulton, MO.  Many students/renters.",LWVSTL SD10 Fulton Universities,1.0,,"There are two private Liberal Arts universities in , .   Many students / renters , younger demographic .",University
232,240,1430,https://districtr.org/COI/30378,coi,Claire Testing Tags,THIS IS A TEST,,Community 1,1.0,Jackson,THIS IS A TEST,Diversity
233,241,1436,https://districtr.org/COI/30388,coi,sd 25 sikeston,"needs economic development,",Many have moved here into town they are transient  and have simular values,Community 1,1.0,Sikeston,"needs economic development ,",Economy and Commerce
234,242,1437,https://districtr.org/COI/30390,coi,LWVSTL - Hillsboro and Jefferson College,"Hillsboro and Jefferson College at Hillsboro.  Hillsboro is a small town community and is the County seat with the county courthouse and  Hillsboro high school.  City is currently in Senate District  3.  Directly north big still a major part of the community is Jefferson College and Jefferson College is currently in District 22.  Jefferson County resident, Jess Shephers, helped to draw this map.",Hillsboro is a small town community and is the County seat with the county courthouse and  Hillsboro high school.  City is currently in Senate District  3.  Directly north big still a major part of the community is Jefferson College and Jefferson College is currently in District 22.,"Hillsboro, MO",1.0,St. Louis,"and Jefferson College at .   is a small town community and is the County seat with the county courthouse and   high school .   City is currently in Senate District   3 .   Directly north big still a major part of the community is Jefferson College and Jefferson College is currently in District 22 .   resident , Jess Shephers , helped to draw this map .",Cities
235,243,1438,https://districtr.org/COI/30391,coi,Brenda Dr input,"sane house hold incomes, home owners",simular communtity. more home owners. ,Community 1,1.0,Sikeston,"sane house hold incomes , home owners",Named neighborhood
236,244,1440,https://districtr.org/COI/30395,coi,LWVSTL - Hillsboro School District,"The Hillsboro School District is a community of people who all want quality schools.  The school district is currently divided between two Senate Districts 22 and 3.  Assistance to draw this map came from Jefferson County resident, Jess Shepherd. ","The Hillsboro School District is a community of people who all want quality schools.  The school district is currently divided between two Senate Districts 22 and 3.  Assistance to draw this map came from Jefferson County resident, Jess Shepherd.",Hillsboro School District,1.0,St. Louis,"The Hillsboro School District is a community of people who all want quality schools .   The school district is currently divided between two Senate Districts 22 and 3 .   Assistance to draw this map came from resident , Jess Shepherd .",K-12 Education
237,245,1441,https://districtr.org/COI/30396,coi,Idas map ,more upscale integrated communtiy.,newer integrated community,Community 1,1.0,Sikeston,more upscale integrated communtiy .,Community engagement
238,246,1442,https://districtr.org/COI/30398,coi,MR Harris input,The black community is split  and should not be in the 149,We have been divided as a community we should all be in scott instead we are divided into new madrid,Community 1,1.0,sikeston,The black community is split   and should not be in the 149,Vulnerable populations
239,247,1443,https://districtr.org/COI/30405,coi,DeMyers map,Needs economic development!!!!!! folks are underrepresented vote and pay taxes but no benefits.,,Community 1,1.0,Charleston,Needs economic development ! ! ! ! ! ! folks are underrepresented vote and pay taxes but no benefits .,Vulnerable populations
240,248,1444,https://districtr.org/COI/30408,coi,LWVSTL - Raintree Country Club,"Raintree Country Club is a lake community just outside the city of Hillsboro, so the services that they receive would be separate from the city.   They are a gated community. This community is in Senate District 3, like the Hillsboro City but they are in a different Senate Dist than Jefferson College which is likely where a significant number of families attend.  Information for this map came from Chris Honse, a former Jefferson County resident. ","Raintree Country Club is a lake community just outside the city of Hillsboro, so the services that they receive would be separate from the city.   They are a gated community. This community is in Senate District 3, like the Hillsboro City but they are in a different Senate Dist than Jefferson College which is likely where a significant number of families attend.  Information for this map came from Chris Honse, a former Jefferson County resident.",Raintree Country Club ,1.0,St. Louis,"Raintree Country Club is a lake community just outside the city of , so the services that they receive would be separate from the city .    They are a gated community . This community is in Senate District 3 , like the but they are in a different Senate Dist than Jefferson College which is likely where a significant number of families attend .   Information for this map came from Chris Honse , a former resident .",Community engagement
241,249,1446,https://districtr.org/COI/30414,coi,Mr Micheal map semp,the local community with churches and local restaurants,church community. school district. local restaurants,Community 1,1.0,Charleston,the local community with churches and local restaurants,Community engagement
242,250,1447,https://districtr.org/COI/30418,coi,LWVSTL - Northwest School District,"The Northwest School District follows Hwy 30 from Fenton to South of Grubville.  Although most of the school district is in Senate Dist 22 that is a small fraction that is in Dist 3.  This community will want quality schools for their children and their neighbor's children.  They would also be concerned about the business and industry that grow up along  Hwy 30, while they try to keep their community separate from the suburbs of St. Louis county.  Assistance with this map came from Chris Honse, former resident of Jefferson County.","The Northwest School District follows Hwy 30 from Fenton to South of Grubville.  Although most of the school district is in Senate Dist 22 that is a small fraction that is in Dist 3.  This community will want quality schools for their children and their neighbor's children.  They would also be concerned about the business and industry that grow up along  Hwy 30, while they try to keep their community separate from the suburbs of St. Louis county.  Assistance with this map came from Chris Honse, former resident of Jefferson County.",Northwest School District,1.0,St. Louis,"The Northwest School District follows Hwy 30 from to South of .   Although most of the school district is in Senate Dist 22 that is a small fraction that is in Dist 3 .   This community will want quality schools for their children and their neighbor 's children .   They would also be concerned about the business and industry that grow up along   Hwy 30 , while they try to keep their community separate from the suburbs of county .   Assistance with this map came from Chris Honse , former resident of .",K-12 Education
243,251,1448,https://districtr.org/COI/30423,coi,Mexico East Side JB,Mexico East Side,"This area is a socioeconomic hodgepodge containing both high to mid income homeowners, low income homeowners, renters and government subsidized housing projects. This makes it a little difficult for shared identity to be well assessed. Shared interest and concerns are much easier. This side of town has a lot of concerns about poor infrastructure, especially in regards to sewers as well as under investment in our schools. Many if not all residents also feel that healthcare is inadequate despite the hospital being located here. As many residents do not have health insurance or cannot afford to use the insurance they do have, access is an issue. A further issue is the quality of care at our hospital, many folks who are able, get their medical care, especially specialist care, in Columbia or Jefferson City. Rural areas within these two census blocks have internet quality and access issues which affects many of the residents in town by proxy. It is not unusual for residents with internet access to allow their rural friends access to their passwords so that they can come download shows, do computer updates, or submit homework.  Many residents are employed in the service sector, education around town or in nearby towns and those in industrial warehouse or manufacturing jobs in the southwest part of town. Most of the higher income housing is out by the country club and over by Teal Lake. The Teal Lake area is a hodgepodge like the rest of the town. I'm not sure these census blocks are a great way group communities of shared interest as some of it is very rural and some of it is not. Rural folks have other concerns about infrastructure that is not shared by the rest of the shaded area, such as poor road quality, school transportation funding, etc.",Mexico East Side,1.0,Mexico,East Side,Named neighborhood
244,252,1449,https://districtr.org/COI/30425,coi,Olivette in Ladue schools,Portion of Olivette that is in the Ladue school district. Residents are concerned about education. Generally have less net worth than the rest of the district. Parents will buy into/ rent in this area to be able to send kids to Ladue schools. ,,Community 1,1.0,,Portion of Olivette that is in the Ladue school district . Residents are concerned about education . Generally have less net worth than the rest of the district . Parents will buy into/ rent in this area to be able to send kids to Ladue schools .,Family and Children
245,253,1450,https://districtr.org/COI/30427,coi,Ashland - LWVSTL SD10,"Ashland is a growing community with many residents commuting to Jefferson City or Columbia for work. Top concerns are how the virus is impacting jobs, schools and business; health care, and road maintenance. Employers are having difficulty filling low-wage jobs. Ashland Optimists are an active civics group. There's strong support for the public school and Hawks athletic teams. The Mark Twain Forest and nearby parks are appreciated, including the KATY bicycle trail ","Ashland is a growing community with many residents commuting to Jefferson City or Columbia for work. Top concerns are how the virus is impacting jobs, schools and business; and road maintenance. Employers are having difficulty filling low-wage jobs. Ashland Optimists are an active civics group. There's strong support for the public school and Hawks athletic teams. The Mark Twain Forest and nearby parks are popular, including the KATY bicycle trail
",Ashland - LWVSTL SD10,1.0,Ashland,"is a growing community with many residents commuting to or Columbia for work . Top concerns are how the virus is impacting jobs , schools and business ; health care , and road maintenance . Employers are having difficulty filling low - wage jobs . Ashland Optimists are an active civics group . There 's strong support for the public school and Hawks athletic teams . The Mark Twain Forest and nearby parks are appreciated , including the KATY bicycle trail",Community engagement
246,254,1453,https://districtr.org/COI/30514,coi,Brett's Independence Square Map,,"The Independence community goes beyond the historic Independence Square, with communities extending out towards major highways, most people within these areas rely on nearby local businesses. Concerns include better schools, public transportation, better roads and creating businesses that help out working class families.",Community 1,1.0,Independence,,Unknown
247,255,1454,https://districtr.org/COI/30515,coi,LWVSTL - Jefferson Co. Lake Communities,"The Jefferson County Lake community are all the many citizens who live on or very near lakes in this county.  They want their waterways to be protected from industry or over fishing.  Outdoor recreation is important to them.  Assistance with this map came from Chris Honse, former resident and lake-side resident of Jefferson County. ","The Jefferson County Lake community are all the many citizens who live on or very near lakes in this county.  They want their waterways to be protected from industry or over fishing.  Outdoor recreation is important to them.  Assistance with this map came from Chris Honse, former resident and lake-side resident of Jefferson County.",Jefferson County Lake Communities,1.0,St. Louis,"The Jefferson County Lake community are all the many citizens who live on or very near lakes in this county .   They want their waterways to be protected from industry or over fishing .   Outdoor recreation is important to them .   Assistance with this map came from Chris Honse , former resident and lake - side resident of .",Community engagement
248,256,1455,https://districtr.org/COI/30517,coi,LWVSTL - Arnold, Arnold is a city just south of the StL County line and in the flood prone area of the Meramec River.  The  city is divided between two  MO House districts 97 and 113.   ,Arnold is a city just south of the StL County line and in the flood prone area of the Meramec River.  The  city is divided between two  MO House districts 97 and 113.  ,"Arnold, MO",1.0,St. Louis,  Arnold is a city just south of the line and in the flood prone area of .   The   city is divided between two   MO House districts 97 and 113 .   ,Vulnerable populations
249,257,1456,https://districtr.org/COI/30521,coi,LWVSTL - Jefferson Co. by MS river,"Jefferson County along the Mississippi River. This community in Jefferson County is all along the Mississippi river and must deal with the flooding.  It is divided into two Senate districts  22 and 3.  Small towns close to the river get much damage from the floods.  Assistance from former Jefferson County resident, Chris Honse. ","This community in Jefferson County is all along the Mississippi river and must deal with the flooding.  It is divided into two Senate districts  22 and 3.  Small towns close to the river get much damage from the floods.  Assistance from former Jefferson County resident, Chris Honse.",Jefferson County along the Mississippi river,1.0,St. Louis,"along . This community in is all along the river and must deal with the flooding .   It is divided into two Senate districts   22 and 3 .   Small towns close to the river get much damage from the floods .   Assistance from former resident , Chris Honse .",Vulnerable populations
250,258,1457,https://districtr.org/COI/30539,coi,Public Schools--SE Jackson County,"In this area, people rely predominantly on public schools and care a lot about quality public schools, and invest a great deal of resources into their public schools.","In this area, people rely predominantly on public schools and care a lot about quality public schools, and invest a great deal of resources into their public schools.",Public School Community,1.0,"Lee's Summit, Jackson County","In this area , people rely predominantly on public schools and care a lot about quality public schools , and invest a great deal of resources into their public schools .",Named neighborhood
251,259,1459,https://districtr.org/COI/30544,coi,My Community that I Know Clinton,"This map is where I attend church, Dine out and walk in my community","This map is where I attend church, Dine out and walk in my community",Community 1,1.0,Grandview,"This map is where I attend church , Dine out and walk in my community",Religion
252,260,1458,https://districtr.org/COI/30545,coi,Historic Northeast KC,https://districtr.org/COI/30545,"A geographical representation of the ""Historic Northeast District"" encompassing a unique, un-segregated, and largely immigrant community. Without community knowledge here, very important immigrant communities, their homes, businesses, churches, community centers, etc could easily be unrepresented. Tight cultural communitys live here. Notably the area just East of the Rivermarket is a tight Vietnamese neighborhood who live, eat, and work here. Without being aware of this, it would be very easy to combine their geographic district into ""power and light"" luxury apartments. This neighborhood in the western portion of THIS map is stronger and properly represented if combined with the rest. If combined with power & light, their representation & community needs would be fully washed out.",Micro District,1.0,Kansas city,https://districtr.org/COI/30545,Community engagement
253,261,1462,https://districtr.org/COI/30546,coi,Casey Callans Columbia Downtown+,"I drew this map to show where I think my community, and the people that live the most similar lives in Columbia, live. Students, graduates, and working class families that live and work near or around downtown. I think we lead very similar lives and hold many of the same things to be important.  ",,Community 1,1.0,Columbia/Boone,"I drew this map to show where I think my community , and the people that live the most similar lives in , live . Students , graduates , and working class families that live and work near or around downtown . I think we lead very similar lives and hold many of the same things to be important .  ",Named neighborhood
254,262,1465,https://districtr.org/COI/30550,coi,Alex's central columbia map,"People who are similar to me, mostly renting, working middle to low wage jobs in service industry positions, and with similar hobbies and consuming habits.",,Community 1,1.0,Columbia,"People who are similar to me , mostly renting , working middle to low wage jobs in service industry positions , and with similar hobbies and consuming habits .",Named neighborhood
255,263,1463,https://districtr.org/COI/30552,coi,Historic Northeast,"A group of several neighborhoods with over one hundred years of first generation immigration from all over the world, shared business interests, and similar economic backgrounds. Largely residential area with tens of thousands of single family homes serving many low-income working class families. ","A group of several neighborhoods with over one hundred years of first generation immigration from all over the world, shared business interests, and similar economic backgrounds. Largely residential area with tens of thousands of single family homes serving many low-income working class families. ",Historic Northeast,1.0,Kansas City,"A group of several neighborhoods with over one hundred years of first generation immigration from all over the world , shared business interests , and similar economic backgrounds . Largely residential area with tens of thousands of single family homes serving many low - income working class families .",Community engagement
256,264,1461,https://districtr.org/COI/30554,coi,Miles West Springfield Map,This area is primarily low income individuals. It is largely college students and other renters. Most houses are old and not in great condition. There is a lot of use of public transportation and walking in comparison to the rest of the city. ,,Community 1,1.0,Springfield/Greene,This area is primarily low income individuals . It is largely college students and other renters . Most houses are old and not in great condition . There is a lot of use of public transportation and walking in comparison to the rest of the city .,Vulnerable populations
257,265,1460,https://districtr.org/COI/30556,coi,I-470 Congestion Affected,These are people who would benefit from the widening of I-470 to accommodate heavy traffic that is significantly more these days.,These are people who would benefit from the widening of I-470 to accommodate heavy traffic that is significantly more these days.,I-470 Congestion Affected,1.0,"Lee's Summit, Jackson County",These are people who would benefit from the widening of I-470 to accommodate heavy traffic that is significantly more these days .,Infrastructure
258,266,1467,https://districtr.org/COI/30557,coi,South County Map,"Bounded by the City of St. Louis to the North, Jefferson Barracks and the Mississippi River to the East, Mercy Hospital South to the west, most residents recognize South County Mall as a common landmark. South County includes people from diverse incomes and backgrounds, several school districts and many different religious institutions and schools, including Roman Catholic, Lutheran and Muslim. ","Bounded by the City of St. Louis to the North, Jefferson Barracks and the Mississippi River to the East, Mercy Hospital South to the west, most residents recognize South County Mall as a common landmark. South County includes people from diverse incomes and backgrounds, several school districts and many different religious institutions and schools, including Roman Catholic, Lutheran and Muslim. ",South County,1.0,Mehlville,"Bounded by to the North , Jefferson Barracks and to the , Mercy Hospital South to the west , most residents recognize as a common landmark . includes people from diverse incomes and backgrounds , several school districts and many different religious institutions and schools , including Roman Catholic , and Muslim .",Religion
259,267,1466,https://districtr.org/COI/30557,coi,South County Map,"Bounded by the City of St. Louis to the North, Jefferson Barracks and the Mississippi River to the East, Mercy Hospital South to the west, most residents recognize South County Mall as a common landmark. South County includes people from diverse incomes and backgrounds, several school districts and many different religious institutions and schools, including Roman Catholic, Lutheran and Muslim. ","Bounded by the City of St. Louis to the North, Jefferson Barracks and the Mississippi River to the East, Mercy Hospital South to the west, most residents recognize South County Mall as a common landmark. South County includes people from diverse incomes and backgrounds, several school districts and many different religious institutions and schools, including Roman Catholic, Lutheran and Muslim. ",South County,1.0,Mehlville,"Bounded by to the North , Jefferson Barracks and to the , Mercy Hospital South to the west , most residents recognize as a common landmark . includes people from diverse incomes and backgrounds , several school districts and many different religious institutions and schools , including Roman Catholic , and Muslim .",Religion
260,268,1476,https://districtr.org/COI/30560,coi,Will's Kick Ass map of Jefferson City #1,"This map is representative of the east side of Jefferson City, and the eastern half of Cole County.","This map is designed in regards to the newest Jefferson City School districts. In 2018 Jefferson City built a new high school on the south west side of the town that broke away from the old population that was largely on the east side of the town. This map is more sprawling into the surrounding towns and counties because Jefferson City High School used to have the largest population in the state, thus Holts Summit, Wainwright, and Tebbets were all apart of the districting. Thus, the important conversations that need to happen in the community are in regards to things like high way health, to get into the population center that is Jefferson city, as well the health of the high school. For this part of the state Jefferson City is the hub of commerce and work, mainly either agricultural or state government work. Therefore, including all of these small towns in this map is incredibly important for representation at the state level. ",Will's Kickass Map #1,1.0,Cole County,"This map is representative of the east side of , and the eastern half of .",Environment
261,269,1473,https://districtr.org/COI/30563,coi,northern Cooper County and Fayette,No hospital services; deep racial divides;low income in small communities with the wealth in the rural farming areas. Schools are fairly good in the communities. Public health services are defunded and driven by politics. ,No hospital services; deep racial divides;low income in small communities with the wealth in the rural farming areas. Schools are fairly good in the communities. Public health services are defunded and driven by politics. ,Northern Cooper County and fayette,1.0,Pilot Grove/Cooper County,No hospital services ; deep racial divides;low income in small communities with the wealth in the rural farming areas . Schools are fairly good in the communities . Public health services are defunded and driven by politics .,Vulnerable populations
262,270,1468,https://districtr.org/COI/30564,coi,Local Park Needs--Jackson County,"These communities don't have state parks, so they rely on local parks. They are often concerned about insufficient revenue for park needs and recreational activities.","These communities don't have state parks, so they rely on local parks. They are often concerned about insufficient revenue for park needs and recreational activities.",Local Park Needs,1.0,"Lee's Summit, Jackson County","These communities do n't have state parks , so they rely on local parks . They are often concerned about insufficient revenue for park needs and recreational activities .",Community engagement
263,271,1469,https://districtr.org/COI/30569,coi,"Agriculture--SE Jackson, Cass, Johnson","These communities, mostly SE Jackson County but also parts of Cass and Johnson Counties, have farmers and agriculture, including cattle and crops. They are affected by agricultural issues. They also rely on public schools.","These communities have farmers and agriculture, including cattle and crops. They are affected by agricultural issues. They also rely on public schools.",Agriculture,1.0,"Lee's Summit, Jackson County","These communities , mostly SE but also parts of Cass and Johnson Counties , have farmers and agriculture , including cattle and crops . They are affected by agricultural issues . They also rely on public schools .",Agriculture
264,272,1474,https://districtr.org/COI/30571,coi,Chillicothe Area,"The Chillicothe area has a thriving farm community, a good public school system and a satelite hospital.  There is a lack of public transportation, affordable housing, good paying jobs and a skilled labor force.","The Chillicothe area has a thriving farm community, with an excellent public school system K-12 and a hospital. There is a lack of public transportation and a lack of good paying jobs with a lack of  a skilled labor force and a lack of affordable houseing.",Chillicothe area,1.0,Chillicothe,"The Chillicothe area has a thriving farm community , a good public school system and a satelite hospital .   There is a lack of public transportation , affordable housing , good paying jobs and a skilled labor force .",Named neighborhood
265,273,1470,https://districtr.org/COI/30572,coi,SW Springfield outside city limits,"Suburban, mostly single-family homes; mostly homeowners' middle- and professional-class. Springfield addresses but outside Springfield city limits--residents here are affected by Springfield politics but can't vote in Springfield elections (can vote for school board). Main issues: public schools, employment, transportation infrastructure (roads)","Suburban, mostly single-family homes; mostly homeowners' middle- and professional-class. Springfield addresses but outside Springfield city limits--residents here are affected by Springfield politics but can't vote in Springfield elections (can vote for school board). Main issues: public schools, employment, transportation infrastructure (roads)",SW Springfield outside city limits,1.0,Springfield,"Suburban , mostly single - family homes ; mostly homeowners ' middle- and professional - class . addresses but outside city limits -- residents here are affected by politics but ca n't vote in elections ( can vote for school board ) . Main issues : public schools , employment , transportation infrastructure ( roads )",Suburbs
266,274,1475,https://districtr.org/COI/30575,coi,Independence Metro,"Independence, MO, Sugar Creek and surrounding townships. A community with strong public schools just east of the biggest city in the state. A bridge between urban, suburban, and exurban with large working class populations. Its hospitals, parks, and public schools are important investments to this community.","Independence, MO, Sugar Creek and surrounding townships. A community with strong public schools just east of the biggest city in the state. A bridge between urban, suburban, and exurban with large working class populations. Its hospitals, parks, and public schools are important investments to this community.",Independence Metro,1.0,Kansas City,", , and surrounding townships . A community with strong public schools just east of the biggest city in the state . A bridge between urban , suburban , and exurban with large working class populations . Its hospitals , parks , and public schools are important investments to this community .",Community engagement
267,275,1472,https://districtr.org/COI/30576,coi,Medicaid--Jackson + N Cass County,"These parts of Jackson County (including part of KC), and Northern Cass County, rely heavily on Medicaid.","These parts of Jackson County (including part of KC), and Northern Cass County, rely heavily on Medicaid.",Medicaid--KC+Jackson+N Cass,1.0,"Lee's Summit, Jackson County","These parts of ( including part of KC ) , and , rely heavily on Medicaid .",Cities
268,276,1552,https://districtr.org/COI/30578,coi,Central Lees Summit,"Represents the main areas of Lee's Summit. Similar levels of development, school interests, parks and rec coverage. Mostly owner occupied single family housing. Some single family rentals and apartments. Some areas in the school district are excluded due to different class and property dynamics. The areas around the lakes (Lotawana, Prairie Lee, Jacomo, and Winnebago) are almost exclusively owner occupied and housing costs price out lower income households. The area around Lee's Summit West High School has a similar housing and wealth landscape as well as some more rural areas. The area around Unity Village and the municipal airport is within the Lee's Summit School District but is more in common with the Lakewood Lakes area to its north. The area East of Harris Rd, North of 155th St/County Line Rd, and South of 50 HWY is more rural and more like Lone Jack and Pleasant Hill.","Represents the main areas of Lee's Summit. Similar levels of development, school interests, parks and rec coverage. Mostly owner occupied single family housing. Some single family rentals and apartments. Some areas in the school district are excluded due to different class and property dynamics. The areas around the lakes (Lotawana, Prairie Lee, Jacomo, and Winnebago) are almost exclusively owner occupied and housing costs price out lower income households. The area around Lee's Summit West High School has a similar housing and wealth landscape as well as some more rural areas. The area around Unity Village and the municipal airport is within the Lee's Summit School District but is more in common with the Lakewood Lakes area to its north. The area East of Harris Rd, North of 155th St/County Line Rd, and South of 50 HWY is more rural and more like Lone Jack and Pleasant Hill.",Central Lee's Summit,1.0,Lee's Summit,"Represents the main areas of Lee 's Summit . Similar levels of development , school interests , parks and rec coverage . Mostly owner occupied single family housing . Some single family rentals and apartments . Some areas in the school district are excluded due to different class and property dynamics . The areas around the lakes ( Lotawana , Prairie Lee , Jacomo , and ) are almost exclusively owner occupied and housing costs price out lower income households . The area around Lee 's Summit West High School has a similar housing and wealth landscape as well as some more rural areas . The area around and the municipal airport is within the Lee 's Summit School District but is more in common with the area to its north . The area East of Harris Rd , North of 155th St / County Line Rd , and of 50 HWY is more rural and more like Lone Jack and Pleasant Hill .",Community engagement
269,277,1479,https://districtr.org/COI/30590,coi,Jefferson City ,,"Jefferson City is very much a driving city and it can be difficult for folks without cars to get around. In the last ten years or so, many more networks of sidewalks and bike lanes have been added which is very helpful. The community could benefit from more. Many residents of J.C. are employed by state and county government. Work commutes between Columbia and Jefferson City are common and the population of Ashland is growing.  Traffic into J.C. via the Jefferson City Bridge (over the Missouri River) is prone to backing up in the mornings due to mist, flat tires, or other issues. This community has dealt with flooding through the years.  Greenspace is accessible. It is a short drive to farmland outside of the city. Lincoln University has an important place in the community. The Missouri River is an important component of Jefferson City's identity and layout.  J.C. benefits from tourism to the Capitol Building, historical buildings, and Lewis and Clark attractions. Over 2/3 of Jefferson City residents are white.
Many residents of Holts Summit and other nearby towns commute to Jefferson City for work and/or school. ",Jefferson City with Notes,1.0,Jefferson City,,Unknown
270,278,1485,https://districtr.org/COI/30601,coi,Cole County economic Region - MRR,"Economic region for Cole County - people coming into Cole County for jobs, school, economic activity","#MRCC - Map of Cole County Economic area.  People coming into Cole County for jobs, education, economic activity",Cole County & Jeff City,1.0,Jefferson City,"Economic region for - people coming into for jobs , school , economic activity",Community engagement
271,279,1489,https://districtr.org/COI/30616,coi,LWVSTL - Fox High School,Fox High School runs right along the south and west side of the Meramec River.  So flooding can greatly affect this school's families.  Much of this community is in the city of Arnold where as its sister high school. Seckman. has a less dense population. ,Fox High School runs right along the south and west side of the Meramec River.  So flooding can greatly affect this school's families.  Much of this community is in the city of Arnold where as its sister high school. Seckman. has a less dense population.,Fox high school,1.0,St. Louis,Fox High School runs right along the south and west side of .   So flooding can greatly affect this school 's families .   Much of this community is in the city of Arnold where as its sister high school . Seckman . has a less dense population .,Vulnerable populations
272,280,1490,https://districtr.org/COI/30623,coi,LWVSTL - Seckman High School,Seckman High School.  Seckman High School is the more rural community compared to the more dense and flood-prone Fox High school.  The windy roads through the hills around Seckman may challenge parents ability to get out in snowy weather.   This community wants quality schools in this area south of the St. Louis suburbs.  This community values the scenic nature of where they live. Mastodon State Park is just east of their border. ,Seckman High School is the more rural community compared to the more dense and flood-prone Fox High school.  The windy roads through the hills around Seckman may challenge parents ability to get out in snowy weather.   This community wants quality schools in this area south of the St. Louis suburbs.  This community values the scenic nature of where they live. Mastodon State Park is just east of their border.,Seckman High School,1.0,St. Louis,Seckman High School .   Seckman High School is the more rural community compared to the more dense and flood - prone Fox High school .   The windy roads through the hills around Seckman may challenge parents ability to get out in snowy weather .    This community wants quality schools in this area south of the suburbs .   This community values the scenic nature of where they live . Mastodon State Park is just east of their border .,Named neighborhood
273,281,1491,https://districtr.org/COI/30629,coi,LWVSTL - Kimmswick,The small town of Kimmswick is mostly little retail shops in the old town area near the river.  This community is in a flood zone of the Mississippi River and access to the town has been closed several times in the last few years. Now many shops are closing.  The economy of this area is shaky at present.  People come long distances to eat at the famous Blue Owl restaurant. ,The small town of Kimmswick is mostly little retail shops in the old town area near the river.  This community is in a flood zone of the Mississippi River and access to the town has been closed several times in the last few years. Now many shops are closing.  The economy of this area is shaky at present.  People come long distances to eat at the famous Blue Owl restaurant.,"Kimmswick, MO",1.0,St. Louis,The small town of Kimmswick is mostly little retail shops in the old town area near the river .   This community is in a flood zone of and access to the town has been closed several times in the last few years . Now many shops are closing .   The economy of this area is shaky at present .   People come long distances to eat at the famous Blue Owl restaurant .,Economy and Commerce
274,282,1492,https://districtr.org/COI/30638,coi,LWVSTL - Jefferson County Winery Way,The hills of Jefferson County hide several small wineries that could make a nice day trip.  This might be an economic driver in the community.  The people in this community enjoy local wines and brews.  Map assistance from Jess Shepherd. ,The hills of Jefferson County hide several small wineries that could make a nice day trip.  This might be an economic driver in the community.  The people in this community enjoy local wines and brews.  Map assistance from Jess Sherpherd.,Jeff Co Winery Way,1.0,St. Louis,The hills of hide several small wineries that could make a nice day trip .   This might be an economic driver in the community .   The people in this community enjoy local wines and brews .   Map assistance from Jess Shepherd .,Economy and Commerce
275,283,1493,https://districtr.org/COI/30642,coi,LWVSTL - Herculaneum Superfund Site,"Herculaneum Superfund Site. This lead smelter site has been declared a superfund site.  This community is going to be concerned about their health and the health of their families.  They need to have access to better healthcare because the health of many was compromised.  Also, property values would be depressed because the area is poisoned.  Some homes were part of the voluntary property purchase plan.  Map assistance from Jess Shepherd. ","This lead smelter site has been declared a superfund site.  This community is going to be concerned about their health and the health of their families.  They need to have access to better healthcare because the health of many was compromised.  Also, property values would be depressed because the area is poisoned.  Some homes were part of the voluntary property purchase plan.  Map assistance from Jess Shepherd.",Herculaneum Superfund Site,1.0,St. Louis,"Herculaneum Superfund Site . This lead smelter site has been declared a superfund site .   This community is going to be concerned about their health and the health of their families .   They need to have access to better healthcare because the health of many was compromised .   Also , property values would be depressed because the area is poisoned .   Some homes were part of the voluntary property purchase plan .   Map assistance from Jess Shepherd .",Vulnerable populations
276,284,1494,https://districtr.org/COI/30645,coi,LWVSTL - Parks - West Jeff Co/East Frank,This community in Jefferson County and Franklin County is in Senate district 22 and 26.  It includes Don Robinson State Park and the nearby conservation area. People living in this community love outdoor recreation activities like hiking and camping.  They will not want their community to be spoiled by lack of care for the land.  Map assistance from Jess Shepherd.  ,This community in Jefferson County and Franklin County is in Senate district 22 and 26.  It includes Don Robinson State Park and nearby conservation area. People living in this community love outdoor recreation activities like hiking and camping.  They will not want their community to be spoiled by lack of care for the land.  Map assistance from Jess Shepherd.,Parks -  West Jeff Co /East Franklin Counties,1.0,St. Louis,This community in and is in Senate district 22 and 26 .   It includes Don Robinson State Park and the nearby conservation area . People living in this community love outdoor recreation activities like hiking and camping .   They will not want their community to be spoiled by lack of care for the land .   Map assistance from Jess Shepherd .  ,Community engagement
277,285,1495,https://districtr.org/COI/30651,coi,LWVSTL - Fox Run Golf Club,his golf club off the beaten path has in the past been a PGA course.  It's location along the flood-prone Meramec River means that they are often having to repair the course.  The community needs the support of services to keep their roadways passable when the river gets big.  Map assistance from Terry Dunlap. ,This golf club off the beaten path has in the past been a PGA course.  It's location along the flood-prone Meramec River means that they are often having to repair the course.  The community needs the support of services to keep their roadways passable when the river gets big.  Map assistance from Terry Dunlap.,Fox Run Golf Club,1.0,St. Louis,his golf club off the beaten path has in the past been a PGA course .   It 's location along the flood - prone means that they are often having to repair the course .   The community needs the support of services to keep their roadways passable when the river gets big .   Map assistance from Terry Dunlap .,Community engagement
278,286,1507,https://districtr.org/COI/30678,coi,"Racial divide - Kansas City, Missouri","The highlighted area depicts the disparity between where we live plush with shopping, hospitals, art galleries, restaurants, grocery stores, post offices, streets free of trash and security  while blocks away to the east and north there is a desert plagued with lack of services leading to poor health and opportunity creating increasing drug addiction and crime attempting to self medicate for the lack of opportunities. ","The highlighted area depicts the disparity between where we live plush with shopping, hospitals, art galleries, restaurants, grocery stores, post offices, streets free of trash and security  while blocks away to the east and north there is a desert plagued with lack of services leading to poor health and opportunity creating increasing drug addiction and crime attempting to self medicate for the lack ofopportunities. ","Racial divide-Kansas City, Missouir",1.0,KANSAS CITY,"The highlighted area depicts the disparity between where we live plush with shopping , hospitals , art galleries , restaurants , grocery stores , post offices , streets free of trash and security   while blocks away to the east and north there is a desert plagued with lack of services leading to poor health and opportunity creating increasing drug addiction and crime attempting to self medicate for the lack of opportunities .",Economy and Commerce
279,287,1508,https://districtr.org/COI/30680,coi,Retired People,Locations where most retired people live,Locations where most retired people live,Retired People,1.0,BOLIVAR,Locations where most retired people live,Elderly
280,288,1510,https://districtr.org/COI/30692,coi,S&T College Region / Downtown Rolla,Region surrounding Missouri S&T and downtown Rolla where the hub of economic activity is and students gather,Region surrounding Missouri S&T and downtown Rolla where the hub of economic activity is and students gather,S&T College Region / Downtown Rolla,1.0,St. Louis,Region surrounding Missouri S&T and downtown Rolla where the hub of economic activity is and students gather,Economy and Commerce
281,289,1511,https://districtr.org/COI/30693,coi,Mark Twain,"Regional area that surrounds Mark Twain National Forest and relies on the Forest as an economic hub, through jobs and tourists. ","Regional area that surrounds Mark Twain National Forest and relies on the Forest as an economic hub, through jobs and tourists. ",Mark Twain,1.0,St. Louis,"Regional area that surrounds Mark Twain National Forest and relies on the Forest as an economic hub , through jobs and tourists .",Economy and Commerce
282,290,1754,https://districtr.org/COI/30708,coi,Communities in flood zones,Communities in flood zones,Communities in flood zones,LWV SD02 SD23 flood zones,1.0,O'Fallon,Communities in flood zones,Cities
283,291,1755,https://districtr.org/COI/30712,coi,St Charles County Conservation Areas,Communities with easy access to Conservation Areas,Communities with easy access to Conservation Areas,LWV SD02 SD23 Conservation Areas,1.0,O'Fallon,Communities with easy access to Conservation Areas,Cities
284,292,1513,https://districtr.org/COI/30715,coi,Will's Kick ass state Senate map #2 ,This map describes the west half of the Jefferson City community. ,"This map is the western half of Jefferson City Mo and is designed around the Capital City High School, district. Splitting the district into two halves was a significant change in the community as it was one of the biggest city projects in decades, it has drastically altered the land scape of Jefferson City and its infrastructure. The west end now encompasses far more communities on the outskirts of the city and thus more people have a stake in the happenings within the city limit. As the school district now extends out into center town Missouri. About half an hour out. Thus, investing in the roads and highway system is a critical issue for these communities. As well is flood protections being that the community travels along the river. ",Jefferson City Mo ,1.0,Cole,This map describes the west half of the community .,Community engagement
285,293,1514,https://districtr.org/COI/30725,coi,My Community - KCMO Metro,,"I live and work in this area - as well as friends, shopping, local activities. Everything is within 30 mins of me since I live in the center and move outwards for different reasons,.",Kansas City Metro,1.0,Kansas City,,Unknown
286,294,1515,https://districtr.org/COI/30735,coi,Family Circle,"Connected by Interstate 44, this family's community includes walking neighbors in Webster Groves and St. Louis Hills, doctors offices, many churches, shopping centers and parks, with a diversity of household incomes and backgrounds.","Connected by Interstate 44, this family's community includes walking neighbors in Webster Groves and St. Louis Hills, many churches, shopping centers and parks, with a diversity of household incomes and backgrounds.",Family Circle,1.0,Webster Groves,"Connected by Interstate 44 , this family 's community includes walking neighbors in Webster Groves and , doctors offices , many churches , shopping centers and parks , with a diversity of household incomes and backgrounds .",Community engagement
287,295,1516,https://districtr.org/COI/30739,coi,St. Louis Hills,"This tight knit community is like ""suburbia in the City."" There are lots of block parties, neighbors borrowing sugar, talking over the fence. Many churches and schools are incorporated into the neighborhood, with Francis Park at the Center. On the northern end, there are many stores, including Target and Schnucks used by most in the neighborhood. Most people own their homes. ","This tight knit community is like ""suburbia in the City."" There are lots of block parties, neighbors borrowing sugar, talking over the fence. Many churches and schools are incorporated into the neighborhood, with Francis Park at the Center. On the northern end, there are many stores, including Target and Schnucks used by most in the neighborhood. Most people own their homes. ",St. Louis Hills,1.0,Webster Groves,"This tight knit community is like "" suburbia in the City . "" There are lots of block parties , neighbors borrowing sugar , talking over the fence . Many churches and schools are incorporated into the neighborhood , with Francis Park at the . On the northern end , there are many stores , including Target and Schnucks used by most in the neighborhood . Most people own their homes .",Community engagement
288,296,1524,https://districtr.org/COI/30760,coi,North Columbia and Downtown Columbia,North Columbia an Downtown  North Columbia specifically North Creasy Springs Rd. is a working class neighborhood. Suburban bedroom type neighborhood  Shared interests are infrastructure like road and street maintenance and local Columbia   issues like increasing crime and management in the Columbia Hickman school district.  Downtown is the main area where I shop and go for entertainment and social events.  Rising crime is also an issue of concern in this area of the community,"North Columbia an Downtown

North Columbia specifically North Creasy Springs Rd. is a working class neighborhood. Suburban bedroom type neighborhood

Shared interests are infrastructure like road and street maintenance and local Columbia   issues like increasing crime and management in the Columbia Hickman school district.

Downtown is the main area where I shop and go for entertainment and social events.

Rising crime is also an issue of concern in this area of the community",Community 1,1.0,,an   specifically . is a working class neighborhood . Suburban bedroom type neighborhood   Shared interests are infrastructure like road and street maintenance and local Columbia    issues like increasing crime and management in the Columbia Hickman school district .   Downtown is the main area where I shop and go for entertainment and social events .   Rising crime is also an issue of concern in this area of the community,Suburbs
289,298,1526,https://districtr.org/COI/30769,coi,North Chillicothe and Downtown Chillicot,"Live in the country where farms predominate northeast of Chillicothe on LIV 228.  Shop, do other business and attend church in downtown Chillicothe.  Farming issue would be the main topic of conversation where they live. Talking about crop prospects.   In downtown Chillicothe. Concerns about Hedrick Medical Center's ability to deliver quality care is a big concern. Most citizens will take serious issues to Kansas City medical system.","Live in the country where farms predominate northeast of Chillicothe on LIV 228.

Shop, do other business and attend church in downtown Chillicothe.

Farming issue would be the main topic of conversation where they live. Talking about crop prospects. 

In downtown Chillicothe. Concerns about Hedrick Medical Center's ability to deliver quality care is a big concern. Most citizens will take serious issues to Kansas City medical system.", North Chillicothe and Downtown Chillicothe,1.0,,"Live in the country where farms predominate northeast of Chillicothe on LIV 228 .   Shop , do other business and attend church in downtown Chillicothe .   Farming issue would be the main topic of conversation where they live . Talking about crop prospects .    In downtown Chillicothe . Concerns about Hedrick Medical Center 's ability to deliver quality care is a big concern . Most citizens will take serious issues to medical system .",Agriculture
290,299,1533,https://districtr.org/COI/30778,coi,Imperial - LWVSTL - SD22,This rural area gets a boost from tourists going to Kimmswick and Mastadon State Historic Site.  Residents care about the environment and historical preservation.  Those who commute to Metro St. Louis on I-55 are concerned about traffic and highway funding.,This rural area gets a boost from tourists going to Kimmswick and Mastadon State Historic Site.  Residents care about the environment and historical preservation.  Those who commute to Metro St. Louis on I-55 are concerned about traffic and highway funding. ,Imperial - LWVSTL - SD22,1.0,,This rural area gets a boost from tourists going to Kimmswick and Mastadon State Historic Site .   Residents care about the environment and historical preservation .   Those who commute to Metro St. Louis on I-55 are concerned about traffic and highway funding .,Recreation and Tourism
291,300,1528,https://districtr.org/COI/30778,coi,Kimmswick - LWVSTL - SD2,"Tourists flock to this historic town on the Mississippi River in Jefferson City that was founded in 1859 by German immigrants. Residents are very concerned about flooding and the cost of flood insurance. The pandemic devastated local businesses and the town's budget.  More than 200,000 people were expected to attend the June  strawberry festival and October apple butter festival, both called off due to COVID.",This rural area gets a boost from tourists going to Kimmswick and Mastadon State Historic Site.  Residents care about the environment and historical preservation.  Those who commute to Metro St. Louis on I-55 are concerned about traffic and highway funding. ,Imperial - LWVSTL - SD22,1.0,Saint Louis,"Tourists flock to this historic town on in that was founded in 1859 by German immigrants . Residents are very concerned about flooding and the cost of flood insurance . The pandemic devastated local businesses and the town 's budget .   More than 200,000 people were expected to attend the June   strawberry festival and October apple butter festival , both called off due to COVID .",Vulnerable populations
292,301,1529,https://districtr.org/COI/30787,coi,Center Springfield,"This is my extended neighborhood including my Rountree neighborhood, MSU, downtown, and a mix of owner and rental property which is important.",,Central Springfield,1.0,Springfield/Greene,"This is my extended neighborhood including my Rountree neighborhood , MSU , downtown , and a mix of owner and rental property which is important .",University
293,302,1531,https://districtr.org/COI/30791,coi,Springfield - Kevin,"Includes my home, work, dog walk route, our main grocery stores in the area, Missouri State and downtown Springfield, along with Phelps Grove, Art Museum, the Rountree & Pickwick area which is becoming more and more community around businesses and outdoor activities and festivals; and includes historic walnut where ArtsFest happens. This is what I think of as my community.","Includes my home, work, dog walk route, our main grocery stores in the area, Missouri State and downtown Springfield, along with Phelps Grove, Art Museum, the Rountree & Pickwick area which is becoming more and more community around businesses and outdoor activities and festivals; and includes historic walnut where ArtsFest happens. This is what I think of as my community.",Springfield - Kevin,1.0,Greene,"Includes my home , work , dog walk route , our main grocery stores in the area , Missouri State and downtown , along with Phelps Grove , Art Museum , the Rountree & Pickwick area which is becoming more and more community around businesses and outdoor activities and festivals ; and includes historic walnut where ArtsFest happens . This is what I think of as my community .",Community engagement
294,303,1550,https://districtr.org/COI/30811,coi,Oakland / Blue Ridge,Retirees. Very similar to the Arcadia neighborhood. Lots of retirees -- a couple of halfway houses are spotted through the neighborhood.  There are teachers and old military veterans. Oakland park nearby is often where community meetings are held. There was a community meeting at the Oakland park about having a dog park -- but folks decided that they'd prefer to do frisbee golf.  This community likes frisbee golf more than dogs.  ,"Retirees. Very similar to the Arcadia neighborhood. Lots of retirees -- a couple of halfway houses are spotted through the neighborhood.

There are teachers and old military veterans. Oakland park nearby is often where community meetings are held. There was a community meeting at the Oakland park about having a dog park -- but folks decided that they'd prefer to do frisbee golf.  This community likes frisbee golf more than dogs. 

",Oakland / Blue Ridge,1.0,Boone,Retirees . Very similar to the Arcadia neighborhood . Lots of retirees -- a couple of halfway houses are spotted through the neighborhood .   There are teachers and old military veterans . park nearby is often where community meetings are held . There was a community meeting at the park about having a dog park -- but folks decided that they 'd prefer to do frisbee golf .   This community likes frisbee golf more than dogs .  ,Elderly
295,304,1553,https://districtr.org/COI/30850,coi,Zoe R.'s Map ,,"Where the peeps begin to blend. When you drive through main street, the people that walk stand out to you. The buildings are elegant but show signs of wear, which makes you think they're not being maintained well. Mainly blacks waiting at bus stops, except for in the power and light, where things feel very segregated, except for the few that wonder in, and are watched by police and the rich alike. The business district is starkly different than the river market, where walkability changes dramatically. The lack of walkability only segregates our community from those who can't afford transportation. In the future I look forward, and fully support the free street car as a minimum service that we can provide for our community.",Poor to Rich,1.0,Kansas City,,Unknown
296,305,1554,https://districtr.org/COI/30853,coi,Jackson's Map,,"Home of my best friends and exploring the town. Visiting parks, memorials, train tracks.",Family,1.0,Shawnee,,Unknown
297,306,1555,https://districtr.org/COI/30855,coi,Westport/volker/hyde park neighborhood,,"One of the most walkable communities in kansas city, but could still be better. Besides the main street bus public transit leaves a lot to be desired. With climate change, public transit is the future! ",Westport/volker/valentine neighborhoods,1.0,kansas city,,Unknown
298,307,1556,https://districtr.org/COI/30859,coi,Downtown KC,,"Lots of residents have to drive outside of the community to get to work--people rely on the street car to access restaurants, businesses and arts and culture. Mostly white collar community wanting cool apartments in the city. ",Downtown KC,1.0,Kansas City,,Unknown
299,308,1561,https://districtr.org/COI/30860,coi,Country Club Plaza_Arts museums,This is a community that is full of college kids/adults recently graduated. There are also a large mix of family owned resturaunts and franchises. There is also quite a bit of traffic due to the crown center/art museum crowds. Lots of construnction also. ,"A group of mostly college area, with a lot of apartments and small businesses. Neighborhood vibe when there are many apartment groups/rented houses. Most people dont go out too far since there is a lot of nearby chains/businesses. ",Country Club Plaza_Arts museums,1.0,,This is a community that is full of college kids / adults recently graduated . There are also a large mix of family owned resturaunts and franchises . There is also quite a bit of traffic due to the crown center / art museum crowds . Lots of construnction also .,Community engagement
300,309,1581,https://districtr.org/COI/30887,coi,Robin's Neighborhood,"Immigrants, renters, low-income. concerned about racism, tenant rights.","Immigrants, renters, low-income. concerned about racism, tenant rights.",Robin's Neighborhood,1.0,Kansas,"Immigrants , renters , low - income . concerned about racism , tenant rights .",Vulnerable populations
301,310,1585,https://districtr.org/COI/30922,coi,Nathan's West Ash Community,"This community runs into infrastructure issues as far as sewer backflow into their basements. Many residents work for the University of Missouri and a couple are current or former local business owners, along with many working Millennial households. ","This community runs into infrastructure issues as far as sewer backflow into their basements. Many residents work for the University of Missouri and a couple are current or former local business owners, along with many working Millennial households. ",West Ash,1.0,Columbia,"This community runs into infrastructure issues as far as sewer backflow into their basements . Many residents work for the University of Missouri and a couple are current or former local business owners , along with many working Millennial households .",Infrastructure
302,311,1587,https://districtr.org/COI/30925,coi,West Broadway-Seventy Strip,"Living neighborhoods sparsely mixed with large business districts. Varied employment, mostly service industry jobs or professional labor.  Some parts of infrastructure is outdated and/or needs greater maintenance -- occasional power outages, storm water surges, unreliable internet service.","Living neighborhoods sparsely mixed with large business districts. Varied employment, mostly service industry jobs or professional labor.  Some parts of infrastructure is outdated and/or needs greater maintenance -- occasional power outages, storm water surges, unreliable internet service.",West Broadway-Seventy Strip,1.0,Columbia,"Living neighborhoods sparsely mixed with large business districts . Varied employment , mostly service industry jobs or professional labor .   Some parts of infrastructure is outdated and/or needs greater maintenance -- occasional power outages , storm water surges , unreliable internet service .",Diversity
303,312,1594,https://districtr.org/COI/30995,coi,Melissa's Westport Map,,"The Westport, which does not encompass the Country Club Plaza, centers around art and entertainment industries. Many residents work in these important industries. Collective concerns include road conditions, public health/safety, and expanded access to public transportation. ",Westport,1.0,,,Unknown
304,313,1595,https://districtr.org/COI/31007,coi,River Market - Kansas City ,"The River Market is a thriving district here in Kansas City. The River Market is an active community and the Streetcar runs through the district. Every Saturday and Sunday, the community comes out in droves to the farmers market that brings in local farmers from all over. Common interest of the community would be transportation, access to fresh food, and supporting local business. ","The River Market is a thriving district here in Kansas City. The River Market is an active community and the Streetcar runs through the district. Every Saturday and Sunday, the community comes out in droves to the farmers market that brings in local farmers from all over. Common interest of the community would be transportation, access to fresh food, and supporting local business. ",River Market - Kansas City,1.0,Kansas City/Jackson County ,"The River Market is a thriving district here in . The River Market is an active community and the Streetcar runs through the district . Every Saturday and Sunday , the community comes out in droves to the farmers market that brings in local farmers from all over . Common interest of the community would be transportation , access to fresh food , and supporting local business .",Community engagement
305,314,1596,https://districtr.org/COI/31008,coi,Power and Light District - Kansas City ,"The Power and Light district is an important part of Kansas City. Not only does it bring in a lot of outside investment, but it also house a young professional community. Here in this district, community members have an average to above average median income and spend a lot of their time out in the district. Common interest would be local business, night life, and access to housing. ","The Power and Light district is an important part of Kansas City. Not only does it bring in a lot of outside investment, but it also house a young professional community. Here in this district, community members have an average to above average median income and spend a lot of their time out in the district. Common interest would be local business, night life, and access to housing. ",Power and Light District - Kansas City ,1.0,Kansas City/Jackson County ,"The Power and Light district is an important part of . Not only does it bring in a lot of outside investment , but it also house a young professional community . Here in this district , community members have an average to above average median income and spend a lot of their time out in the district . Common interest would be local business , night life , and access to housing .",Community engagement
306,315,1598,https://districtr.org/COI/31010,coi,West Garment District - Kansas City ,"The Lewis & Clark Monument sits at the west side of this district. This is an active community that's very involved in the community locally. There is a lot of green space in this area as well. Common interest would be income, housing, and downtown investment. ","The Lewis & Clark Monument sits at the west side of this district. This is an active community that's very involved in the community locally. There is a lot of green space in this area as well. Common interest would be income, housing, and downtown investment. ",West Garment District - Kansas City ,1.0,Kansas City/Jackson County ,"The Lewis & Clark Monument sits at the west side of this district . This is an active community that 's very involved in the community locally . There is a lot of green space in this area as well . Common interest would be income , housing , and downtown investment .",Community engagement
307,316,1600,https://districtr.org/COI/31011,coi,Quality Hill - Kansas City,"Quality Hill houses a big portion of downtown. Quality Hill residence usually work in the district as well as shop locally. Tucked away a bit, it is a quiet community that keeps to its self. Common interest would be transportation, income, as well as community development. ","Quality Hill houses a big portion of downtown. Quality Hill residence usually work in the district as well as shop locally. Tucked away a bit, it is a quiet community that keeps to its self. Common interest would be transportation, income, as well as community development. ",Quality Hill - Kansas City ,1.0,Kansas City/Jackson County ,"Quality Hill houses a big portion of downtown . Quality Hill residence usually work in the district as well as shop locally . Tucked away a bit , it is a quiet community that keeps to its self . Common interest would be transportation , income , as well as community development .",Community engagement
308,317,1601,https://districtr.org/COI/31012,coi,Mary's Neighborhood,"This is where I see friends, family, church, shopping, doctors, and restaurants. It is cut through by Manchester (100) and the River Des Peres, with the southern end on Gravois (30) and the western end on S. Rockhill Rd. and Interstate 44 on the northern end. ","This is where I see friends, family, church, shopping, doctors, and restaurants. It is cut through by Manchester (100) and the River Des Peres, with the southern end on Gravois (30) and the western end on S. Rockhill Rd. and Interstate 44 on the northern end. ",Mary's Neighborhood,1.0,St. Louis,"This is where I see friends , family , church , shopping , doctors , and restaurants . It is cut through by Manchester ( 100 ) and the River Des Peres , with the southern end on ( 30 ) and the western end on S. Rockhill Rd . and Interstate 44 on the northern end .",Community engagement
309,318,1603,https://districtr.org/COI/31016,coi,Government District - Kansas City ,"This district houses Kansas City's City Hall, the Jackson County Courthouse, KCPD Headquarters, the Jackson County Detention Center, and the Charles Evans Whittaker United States Courthouse. There is a lot of traffic, both through vehicles as well as in person in this district. From paying your taxes, to protesting, to meeting with your elected officials, it all happens in this district. The common interest of this district would be government, public safety, and accessibility by the community. ","This district houses Kansas City's City Hall, the Jackson County Courthouse, KCPD Headquarters, the Jackson County Detention Center, and the Charles Evans Whittaker United States Courthouse. There is a lot of traffic, both through vehicles as well as in person in this district. From paying your taxes, to protesting, to meeting with your elected officials, it all happens in this district. The common interest of this district would be government, public safety, and accessibility by the community. ",Government District - Kansas City ,1.0,Kansas City/Jackson County ,"This district houses City Hall , the Jackson County Courthouse , KCPD Headquarters , the Jackson County Detention Center , and the Charles Evans Whittaker United States Courthouse . There is a lot of traffic , both through vehicles as well as in person in this district . From paying your taxes , to protesting , to meeting with your elected officials , it all happens in this district . The common interest of this district would be government , public safety , and accessibility by the community .",Community engagement
310,319,1604,https://districtr.org/COI/31017,coi,Healthcare & Highways,"Everyone who lives in this area would consider themselves ""St. Louisans,"" even though people live in many different municipalities. All Hospitals are along major highways, which means they are connected by a need for good public transportation and highways. ","This area would all be considered ""St. Louis,"" even though it is made up of many different municipalities. All Hospitals are along major highways, which means they are connected by a need for good public transportation and highways. ",Healthcare & Highways,1.0,St. Louis,"Everyone who lives in this area would consider themselves "" , "" even though people live in many different municipalities . All Hospitals are along major highways , which means they are connected by a need for good public transportation and highways .",Community engagement
311,320,1605,https://districtr.org/COI/31018,coi,JCC walkable,"Walkwable to the JCC, a community of middle and upper middle class who are concerned about tax and education. Has a higher percentage of Jewish seniors. ","Walkwable to the JCC, a community of middle and upper middle class who are concerned about tax and education. Has a higher number of Jewish seniors. ",JCC walkable,1.0,,"Walkwable to the JCC , a community of middle and upper middle class who are concerned about tax and education . Has a higher percentage of Jewish seniors .",Elderly
312,321,1609,https://districtr.org/COI/31019,coi,CT--Doing My Business,"Places I drive to church, doctors, see friends, shop, and go out to eat. ","Places I drive to church, doctors, see friends, shop, and go out to eat. ",Doing My Business,1.0,Webster Groves,"Places I drive to church , doctors , see friends , shop , and go out to eat .",Community engagement
313,322,1606,https://districtr.org/COI/31020,coi,Performing Arts District - Kansas City,"This district houses the world famous Kauffman Center for Performing Arts, Record Bar, and may other spots for the arts. This area sits south of downtown and north of the Crossroads. Common interests would be transportation, investment into the community, and the arts, especially local art. ","This district houses the world famous Kauffman Center for Performing Arts, Record Bar, and may other spots for the arts. This area sits south of downtown and north of the Crossroads. Common interests would be transportation, investment into the community, and the arts, especially local art. ",Performing Arts District - Kansas City ,1.0,Kansas City/Jackson County ,"This district houses the world famous Kauffman Center for Performing Arts , Record Bar , and may other spots for the arts . This area sits south of downtown and north of the Crossroads . Common interests would be transportation , investment into the community , and the arts , especially local art .",Culture
314,323,1607,https://districtr.org/COI/31021,coi,Westside - Kansas City ,"Very important district to the community at-large. Westside houses a lot of business and organizations that serve low-income and underrepresented neighborhoods. A vibrant and proud community lives here. Common interest would be the welfare of the neighborhood, community, and investment into those who truly need it. ","Very important district to the community at-large. Westside houses a lot of business and organizations that serve low-income and underrepresented neighborhoods. A vibrant and proud community lives here. Common interest would be the welfare of the neighborhood, community, and investment into those who truly need it. ",Westside - Kansas City ,1.0,Kansas City/Jackson County ,"Very important district to the community at - large . Westside houses a lot of business and organizations that serve low - income and underrepresented neighborhoods . A vibrant and proud community lives here . Common interest would be the welfare of the neighborhood , community , and investment into those who truly need it .",Community engagement
315,324,1611,https://districtr.org/COI/31024,coi,Greater Webster,"School, Church and Theatre.","Schools, Churches and Theater",Greater Webster,1.0,St. Louis,"School , Church and Theatre .",Community engagement
316,325,1610,https://districtr.org/COI/31025,coi,Crossroads District - Kansas City ,"The Crossroads District hosts a vibrant and talented artist community. This district houses Union station, local artists, as well a couple of apartment buildings. A lot of tourist come through this district as well. This is currently the south stop for the Kansas City Street, but the beginning of the Main Streetcar Extension line to the Plaza. The common interests of this community is transportation, the streetcar, and construction. ","The Crossroads District hosts a vibrant and talented artist community. This district houses Union station, local artists, as well a couple of apartment buildings. A lot of tourist come through this district as well. This is currently the south stop for the Kansas City Street, but the beginning of the Main Streetcar Extension line to the Plaza. The common interests of this community is transportation, the streetcar, and construction. ",Crossroads District - Kansas City ,1.0,Kansas City/Jackson County ,"The Crossroads District hosts a vibrant and talented artist community . This district houses Union station , local artists , as well a couple of apartment buildings . A lot of tourist come through this district as well . This is currently the south stop for the Kansas City Street , but the beginning of the Main Streetcar Extension line to the Plaza . The common interests of this community is transportation , the streetcar , and construction .",Community engagement
317,326,1614,https://districtr.org/COI/31026,coi,Suburban medical district,"Commercial and residential Asian business.  walkable to hospital and school.  Community interest: higher middle class concerned about education (school), medical professionals areas nearby 3 hospitals.","Commercial and residential Asian business. 
walkable to hospital and school.",Suburban medical district,1.0,SAINT LOUIS,"Commercial and residential Asian business .   walkable to hospital and school .   Community interest : higher middle class concerned about education ( school ) , medical professionals areas nearby 3 hospitals .",Community engagement
318,327,1612,https://districtr.org/COI/31027,coi,Creve Coeur Lake and Park,"Working class and immigrant families living in a floodplain, walkable to Creve Coeur Park and Lake. Concerned about flooding, overdevelopment, and schools. ","Working class and immigrant families living in a floodplain, walkable to Creve Coeur Park and Lake. Concerned about flooding, overdevelopment, and schools. ",Creve Coeur Lake,1.0,,"Working class and immigrant families living in a floodplain , walkable to Creve Coeur Park and . Concerned about flooding , overdevelopment , and schools .",Vulnerable populations
319,328,1613,https://districtr.org/COI/31029,coi,Hospital Hill - Kansas City ,"Hospital Hill houses a very big young professional community. This community has professional and college age healthcare individuals. There is a big community that lives near by that works at the local hospitals as well. Common Interests would be access to food, school, and community health. ","Hospital Hill houses a very big young professional community. This community has professional and college age healthcare individuals. There is a big community that lives near by that works at the local hospitals as well. Common Interests would be access to food, school, and community health. ",Hospital Hill - Kansas City ,1.0,Kansas City/Jackson County ,"Hospital Hill houses a very big young professional community . This community has professional and college age healthcare individuals . There is a big community that lives near by that works at the local hospitals as well . Common Interests would be access to food , school , and community health .",Community engagement
320,329,1615,https://districtr.org/COI/31030,coi,Penn Valley Park District - Kansas City ,"This district houses Penn Valley Park, the National World War 1 Museum, and a big residential community as well. Common interest would be public safety, investment, development, and transportation. ","This district houses Penn Valley Park, the National World War 1 Museum, and a big residential community as well. Common interest would be public safety, investment, development, and transportation. ",Penn Valley Park District - Kansas City ,1.0,Kansas City/Jackson County ,"This district houses Penn Valley Park , the National World War 1 Museum , and a big residential community as well . Common interest would be public safety , investment , development , and transportation .",Named neighborhood
321,330,1617,https://districtr.org/COI/31031,coi,Queeny Park and Mosque,"A significant renter community (33%), the area has many immigrant and Muslim American families and also contains the largest mosque in the St. Louis area. Residents are concerned about safe driving, schools, and park accessibility. ","A significant renter community (33%), the area has many immigrant and Muslim American families and also contains the largest mosque in the St. Louis area. Residents are concerned about safe driving, schools, and park accessibility. ",Queeny Park and mosque,1.0,,"A significant renter community ( 33 % ) , the area has many immigrant and Muslim American families and also contains the largest mosque in the area . Residents are concerned about safe driving , schools , and park accessibility .",Diversity
322,331,1616,https://districtr.org/COI/31032,coi,LH Haunts,"ven though people in this area live in different municipalities, they all consider themselves St. Louisans and use common business districts and major routes, including 44, Manchester Road (100) and Watson/Chippewa (366). Most live in suburban neighborhoods with strong schools (public and parochial) and have a lot of community pride. ","Even though people in this area live in different municipalities, they all consider themselves St. Louisans and use common business districts and major routes, including 44, Manchester Road (100) and Watson/Chippewa (366). Most live in suburban neighborhoods with strong schools (public and parochial) and have a lot of community pride. ",LH Haunts,1.0,St Louis,"ven though people in this area live in different municipalities , they all consider themselves St. Louisans and use common business districts and major routes , including 44 , Manchester Road ( 100 ) and Watson / Chippewa ( 366 ) . Most live in suburban neighborhoods with strong schools ( public and parochial ) and have a lot of community pride .",Suburbs
323,332,1620,https://districtr.org/COI/31033,coi, Higher average MO income district,"concerned about children education and taxation, Homeowner's property tax.","concerned about children education and taxation, Homeowner's property tax,", Higher average MO income district,1.0,SAINT LOUIS,"concerned about children education and taxation , Homeowner 's property tax .",Family and Children
324,333,1618,https://districtr.org/COI/31034,coi,CT's St. Louis,"This is the area I feel part of and feel committed to - esp. wanting to work for good schools, a good economy for all, quality healthcare for all, good museums and cultural access and quality food. ","This is the area I feel part of and feel committed to - esp. wanting to work for good schools, a good economy for all, quality healthcare for all, good museums and cultural access and quality food. ",CT's St. Louis,1.0,St Louis,"This is the area I feel part of and feel committed to - esp . wanting to work for good schools , a good economy for all , quality healthcare for all , good museums and cultural access and quality food .",Community engagement
325,334,1619,https://districtr.org/COI/31035,coi,Penn Valley College - Kansas City ,"enn Valley Community College sits in this community and there is a big low-income community here as well. The community is diverse and are active in their community. There is also a big LGBTQ+ population here and there are a number of LGBTQ+ spaces here as well. This community's common interest would be access to affordable housing, development, and the threat of gentrification with the development of main street due to the streetcar.","Penn Valley Community College sits in this community and there is a big low-income community here as well. The community is diverse and are active in their community. There is also a big LGBTQ+ population here and there are a number of LGBTQ+ spaces here as well. This community's common interest would be access to affordable housing, development, and the threat of gentrification with the development of main street due to the streetcar. ",Penn Valley Community College - Kansas City ,1.0,Kansas City/Jackson County ,"enn Valley Community College sits in this community and there is a big low - income community here as well . The community is diverse and are active in their community . There is also a big LGBTQ+ population here and there are a number of LGBTQ+ spaces here as well . This community 's common interest would be access to affordable housing , development , and the threat of gentrification with the development of main street due to the streetcar .",Community engagement
326,335,1621,https://districtr.org/COI/31037,coi,Westport - Kansas City ,"Westport is the number one spot and area for nightlife here in Kansas City. There is also a vibrant community here in Westport as well. Common interests would be the houseless population, nigh life, and public safety. Very diverse community as well. ","Westport is the number one spot and area for nightlife here in Kansas City. There is also a vibrant community here in Westport as well. Common interests would be the houseless population, nigh life, and public safety. Very diverse community as well. ",Westport - Kansas City ,1.0,Kansas City/Jackson County ,"Westport is the number one spot and area for nightlife here in . There is also a vibrant community here in as well . Common interests would be the houseless population , nigh life , and public safety . Very diverse community as well .",Diversity
327,336,1622,https://districtr.org/COI/31038,coi,Airport West,"concerned about children education, school district and hospitals.","concerned about children education, school district and hospitals.",Airport West,1.0,SAINT LOUIS,"concerned about children education , school district and hospitals .",K-12 Education
328,337,1623,https://districtr.org/COI/31039,coi,KCPS District - Kansas City ,"The Kansas City School District serves the youth of the Greater Kansas City area. They have a superintendent and a duly elected School Board that represents the welfare of the community and student body. The issues of public, public charter, and charter education is a contentious issue in Kansas City. ","The Kansas City School District serves the youth of the Greater Kansas City area. They have a superintendent and a duly elected School Board that represents the welfare of the community and student body. The issues of public, public charter, and charter education is a contentious issue in Kansas City. ",Kansas City Public School District - Kansas City ,1.0,Kansas City/Jackson County ,"The Kansas City School District serves the youth of the Greater Kansas City area . They have a superintendent and a duly elected School Board that represents the welfare of the community and student body . The issues of public , public charter , and charter education is a contentious issue in .",Cities
329,338,1624,https://districtr.org/COI/31042,coi,The Nelson Museum District - Kansas City,"This district houses Kansas City's world famous Nelson-Atkins Museum of Art and the Kemper Museum of Contemporary Art. The Kansas City Art Institute also has a big student population that lives in this area. The housing prices are lower around this area before going south to the plaza. Common interests would be public investment into the arts, public safety, and the local arts community.","This district houses Kansas City's world famous Nelson-Atkins Museum of Art and the Kemper Museum of Contemporary Art. The Kansas City Art Institute also has a big student population that lives in this area. The housing prices are lower around this area before going south to the plaza. Common interests would be public investment into the arts, public safety, and the local arts community.",Nelson-Atkins Museum District - Kansas City ,1.0,Kansas City/Jackson County ,"This district houses world famous Nelson - Atkins Museum of Art and the Kemper Museum of Contemporary Art . The Kansas City Art Institute also has a big student population that lives in this area . The housing prices are lower around this area before going south to the plaza . Common interests would be public investment into the arts , public safety , and the local arts community .",Community engagement
330,339,1625,https://districtr.org/COI/31043,coi,Korean shops in west county,"Renter heavy (42%), large percentage of Asian American (10%) families who are concerned about schools, taxes. Residents also concerned about pollution. ","Renter heavy (42%), large percentage of Asian American (10%) families who are concerned about schools, taxes. Residents also concerned about pollution. ",Korean shops,1.0,,"Renter heavy ( 42 % ) , large percentage of Asian American ( 10 % ) families who are concerned about schools , taxes . Residents also concerned about pollution .",Diversity
331,340,1626,https://districtr.org/COI/31044,coi,The Plaza - Kansas City ,"The Plaza is south Kansas City's shopping district and leads to our affluent and middle-income community in south Kansas City. The majority of protests in Kansas City happens at the Plaza as well. The Plaza will also be the south end for the expansion of the streetcar as well. Common interests would be community, public safety, human rights, and policy change locally. ","The Plaza is south Kansas City's shopping district and leads to our affluent and middle-income community in south Kansas City. The majority of protests in Kansas City happens at the Plaza as well. The Plaza will also be the south end for the expansion of the streetcar as well. Common interests would be community, public safety, human rights, and policy change locally. ",The Plaza - Kansas City ,1.0,Kansas City/Jackson County ,"The Plaza is south shopping district and leads to our affluent and middle - income community in south . The majority of protests in happens at the Plaza as well . The Plaza will also be the south end for the expansion of the streetcar as well . Common interests would be community , public safety , human rights , and policy change locally .",Community engagement
332,341,1627,https://districtr.org/COI/31045,coi,Kansas City to ME,,"This community includes many of the places I often find myself and my friends spending time in. We frequently reside or visit residents in these areas and we support the businesses of these areas. Much of the entertainment we partake in happens here. This area encapsulates much of our lives and livelihood. If we needed to have town hall meetings about the status of this place, I hope residents of this area would attend and we would work together. I consider this to be my community and my people.",Kansas City to ME,1.0,Kansas City,,Unknown
333,342,1628,https://districtr.org/COI/31047,coi,Bryce's Map Submission,,"This community map shows where I spend a majority of my time on an average day. Includes where I live, work, and hang out. ",Please Politicians Just Be Cool Okay? Thanks,1.0,Kansas City,,Unknown
334,343,1630,https://districtr.org/COI/31054,coi,UMKC Volker Campus - Kansas City ,"This is the largest public university in the Kansas City Metropolitan area. UMKC currently serves 17,000 undergraduate and graduate students. It also neighbors a vibrant and active community. Common interest would be public transit, public safety, and investment into the university. ","This is the largest public university in the Kansas City Metropolitan area. UMKC currently serves 17,000 undergraduate and graduate students. It also neighbors a vibrant and active community. Common interest would be public transit, public safety, and investment into the university. ",UMKC Volker Campus - Kansas City ,1.0,Kansas City/Jackson County ,"This is the largest public university in the area . UMKC currently serves 17,000 undergraduate and graduate students . It also neighbors a vibrant and active community . Common interest would be public transit , public safety , and investment into the university .",University
335,344,1631,https://districtr.org/COI/31057,coi,UMKC (Both Campuses) - Kansas City ,"UMKC has the Volker campus and the Hospital Hill campus. Both serve undergraduate and graduate students. They district also house the student body in dorms, apartments, and/or homes owned by the university. Common interests would be mental health resources, extra income, and internships. ","UMKC has the Volker campus and the Hospital Hill campus. Both serve undergraduate and graduate students. They district also house the student body in dorms, apartments, and/or homes owned by the university. Common interests would be mental health resources, extra income, and internships. ",UMKC (Both Campuses) - Kansas City ,1.0,Kansas City/Jackson County ,"UMKC has the Volker campus and the campus . Both serve undergraduate and graduate students . They district also house the student body in dorms , apartments , and/or homes owned by the university . Common interests would be mental health resources , extra income , and internships .",University
336,345,1632,https://districtr.org/COI/31058,coi,Midtown - Kansas City ,Midtown houses a lot of Kansas City's residence. This district is important because there is a lot of traffic from the community as well as neighboring neighborhoods. The Midtown Market place is central to Midtown Kansas City. ,Midtown houses a lot of Kansas City's residence. This district is important because there is a lot of traffic from the community as well as neighboring neighborhoods. The Midtown Market place is central to Midtown Kansas City. ,Midtown - Kansas City ,1.0,Kansas City/Jackson County ,Midtown houses a lot of residence . This district is important because there is a lot of traffic from the community as well as neighboring neighborhoods . The Midtown Market place is central to .,Named neighborhood
337,346,1633,https://districtr.org/COI/31059,coi,Grandview School District - Grandview,"This district serve the Grandview area and is the southern part of State Senate district 7. Common concerns are funding, resources, and the ability to retain its community members. The metro suffers from the brain drain; people get their education and leave. ","This district serve the Grandview area and is the southern part of State Senate district 7. Common concerns are funding, resources, and the ability to retain its community members. The metro suffers from the brain drain; people get their education and leave. ",Grandview C-4 School District - Grandview,1.0,Kansas City/Jackson County ,"This district serve the area and is the southern part of State Senate district 7 . Common concerns are funding , resources , and the ability to retain its community members . The metro suffers from the brain drain ; people get their education and leave .",Community engagement
338,347,1634,https://districtr.org/COI/31065,coi,KC Streetcar line - Kansas City ,"The current streetcar travels from the River Market (North) to Union Station (South). In the future with the Main Street Extension, it will extend even more North and all the way down to the Plaza. The community around the streetcar line will change rapidly. Common interest are development, community investment, and expanded access to public transportation. ","The current streetcar travels from the River Market (North) to Union Station (South). In the future with the Main Street Extension, it will extend even more North and all the way down to the Plaza. The community around the streetcar line will change rapidly. Common interest are development, community investment, and expanded access to public transportation. ",KC Streetcar line - Kansas City ,1.0,Kansas City/Jackson County ,"The current streetcar travels from the River Market ( North ) to Union Station ( South ) . In the future with the Main Street Extension , it will extend even more and all the way down to the Plaza . The community around the streetcar line will change rapidly . Common interest are development , community investment , and expanded access to public transportation .",Community engagement
339,348,1635,https://districtr.org/COI/31069,coi,LGBTQ Community - Kansas City ,"The Kansas City community has a vibrant and resilient LGBTQ community. The LGBTQ+ community and its history have been vital to the progress of Kansas City. The areas highlighted have LGBTQ+ spaces, establishments, and/or centers that are important to the LGBTQ+  community. It's important that this community continue to have representation at all levels of government, especially those who are Black and LGBTQ+. ","The Kansas City community has a vibrant and resilient LGBTQ community. The LGBTQ+ community and its history have been vital to the progress of Kansas City. The areas highlighted have LGBTQ+ spaces, establishments, and/or centers that are important to the LGBTQ+  community. It's important that this community continue to have representation at all levels of government, especially those who are Black and LGBTQ+. ",LGBTQ Community - Kansas City ,1.0,Kansas City/Jackson County ,"The community has a vibrant and resilient LGBTQ community . The LGBTQ+ community and its history have been vital to the progress of . The areas highlighted have LGBTQ+ spaces , establishments , and/or centers that are important to the LGBTQ+   community . It 's important that this community continue to have representation at all levels of government , especially those who are Black and LGBTQ+ .",Community engagement
340,349,1636,https://districtr.org/COI/31070,coi,Beacon Hill - Kansas City ,"Beacon Hill and this district is seeing a lot of development on both sides of Troost Ave. The Beacon Hill area is starting to resemble a neighborhood more and more. Beacon Hill is also seeing a growing number of Black young professionals as well as development on Troost by Black Kansas Citians. Common interests would be community, investment, and community development. ","Beacon Hill and this district is seeing a lot of devolpment on both sides of Troost Ave. The Beacon Hill area is starting to resemble a neighborhood more and more. Beacon Hill is also seeing a growing number of Black young professionals as well as development on Troost by Black Kansas Citians. Common interests would be community, investment, and community development. ",Beacon Hill - Kansas City ,1.0,Kansas City/Jackson County ,"Beacon Hill and this district is seeing a lot of development on both sides of Troost Ave . The area is starting to resemble a neighborhood more and more . Beacon Hill is also seeing a growing number of Black young professionals as well as development on Troost by Black Kansas Citians . Common interests would be community , investment , and community development .",Named neighborhood
341,350,1637,https://districtr.org/COI/31071,coi,Loose Park Community - Kansas City ,"Loose Park is important, vital, and well used by everyone in the surrounding area. Common interests are park quality, public safety, and an active lifestyle. Lots of Kansas Citians use bikes and are moving away from owning a car. ","Loose Park is important, vital, and well used by everyone in the surrounding area. Common interests are park quality, public safety, and an active lifestyle. Lots of Kansas Citians use bikes and are moving away from owning a car. ",Loose Park Community - Kansas City ,1.0,Kansas City/Jackson County ,"is important , vital , and well used by everyone in the surrounding area . Common interests are park quality , public safety , and an active lifestyle . Lots of Kansas Citians use bikes and are moving away from owning a car .",Community engagement
342,351,1638,https://districtr.org/COI/31072,coi,Brookside Community - Kansas City ,"Brookside is a vibrant and welcoming community in south Kansas City. The majority of the community owns their home and are middle to upper-class individuals. The Brookside community is active in the community as well and host an annual art expo. The Brookside community and their neighborhood association is well organized as well. Common interests would be public education, community events, and investments into their community. ","Brookside is a vibrant and welcoming community in south Kansas City. The majority of the community owns their home and are middle to upper-class individuals. The Brookside community is active in the community as well and host an annual art expo. The Brookside community and their neighborhood association is well organized as well. Common interests would be public education, community events, and investments into their community. ",Brookside Community - Kansas City ,1.0,Kansas City/Jackson County ,"Brookside is a vibrant and welcoming community in south . The majority of the community owns their home and are middle to upper - class individuals . The Brookside community is active in the community as well and host an annual art expo . The Brookside community and their neighborhood association is well organized as well . Common interests would be public education , community events , and investments into their community .",Community engagement
343,352,1639,https://districtr.org/COI/31077,coi,Home Base,"Mixture of part time lake houses with no voters and full time residents who work at the lake, Eldon or Jefferson City. Charter internet is the only high speed option .  3 different school districts. Several smaller communities trying to get sewer system in place.","Mixture of part time lake houses with no voters and full time residents who work at the lake, Eldon or Jefferson City. Charter internet is the only high speed option .  3 different school districts. Several smaller communities trying to get sewer system in place ",Northshore,1.0,Eldon,"Mixture of part time lake houses with no voters and full time residents who work at the lake , Eldon or . Charter internet is the only high speed option .   3 different school districts . Several smaller communities trying to get sewer system in place .",Diversity
344,353,1640,https://districtr.org/COI/31081,coi,Phelps Grove Park and University Heights,University Heights and Phelps Grove Park are a mix of owner and rental housing and are connected by Phelps Grove Park - residents are also close to Springfield Art Museum where they attend art classes and other events.,University Heights and Phelps Grove Park are a mix of owner and rental housing and are connected by Phelps Grove Park - residents are also close to Springfield Art Museum where they attend art classes and other events.,Phelps Grove Park/ University Heights Neighborhood,1.0,Springfield,and Phelps Grove Park are a mix of owner and rental housing and are connected by Phelps Grove Park - residents are also close to Springfield Art Museum where they attend art classes and other events .,Diversity
345,354,1641,https://districtr.org/COI/31085,coi,Dirt roads with a touch of class,"Mostly work in Eldon. Trailers and modular homes around Bishop dr.  numbered streets consist of blighted houses built in the 1920s. All Eldon Schools.  VFW, City works, humane society, recycling center in this area. Most shop at Walmart, Woods and Gerbs not in this location. ","Mostly work in Eldon. Trailers and modular homes around Bishop dr.  numbered streets consist of blighted houses built in the 1920s. All Eldon Schools.  VFW, City works, humane society, recycling center in this area. Most shop at Walmart, Woods and Gerbs not in this location.  Few small farms with cattle and turkey barns.",Dirt roads with a touch of class,1.0,Eldon,"Mostly work in . Trailers and modular homes around Bishop dr .   numbered streets consist of blighted houses built in the 1920s . All Eldon Schools .   , City works , humane society , recycling center in this area . Most shop at Walmart , Woods and Gerbs not in this location .",Community engagement
346,355,1642,https://districtr.org/COI/31085,coi,Dirt roads with a touch of class,"Mostly work in Eldon. Trailers and modular homes around Bishop dr.  numbered streets consist of blighted houses built in the 1920s. All Eldon Schools.  VFW, City works, humane society, recycling center in this area. Most shop at Walmart, Woods and Gerbs not in this location.  Few small farms with cattle and turkey barns.","Mostly work in Eldon. Trailers and modular homes around Bishop dr.  numbered streets consist of blighted houses built in the 1920s. All Eldon Schools.  VFW, City works, humane society, recycling center in this area. Most shop at Walmart, Woods and Gerbs not in this location.  Few small farms with cattle and turkey barns.",Dirt roads with a touch of class,1.0,Eldon,"Mostly work in . Trailers and modular homes around Bishop dr .   numbered streets consist of blighted houses built in the 1920s . All Eldon Schools .   , City works , humane society , recycling center in this area . Most shop at Walmart , Woods and Gerbs not in this location .   Few small farms with cattle and turkey barns .",Community engagement
347,356,1643,https://districtr.org/COI/31086,coi,central Springfield,"mix of owner and rental housing, neighborhood schools, MSU students and faculty, moderate income,","mix of owner and rental housing, neighborhood schools, MSU students and faculty, moderate income,",central Springfield,1.0,Springfield,"mix of owner and rental housing , neighborhood schools , MSU students and faculty , moderate income ,",Diversity
348,357,1644,https://districtr.org/COI/31087,coi,Main Drag Eldon,Main drag.  Business along 54 with single family dwellings is the area. Some still in disrepair from the tornado.,Main drag.  Business along 54 with single family dwellings is the area. Some still in disrepair from the tornado.,Business area #1,1.0,Eldon,Main drag .   Business along 54 with single family dwellings is the area . Some still in disrepair from the tornado .,Named neighborhood
349,358,1645,https://districtr.org/COI/31093,coi,Western Lee's Summit,"This map showcases the east-central portion of Lee's Summit, mostly defined by the presence of highway 470 as well as St. Luke's East hospital. Many young families have moved to this area in the last decade, including those of doctors and nurses who work at the hospital. As such, the political climate is more moderate than the rest of the city. This community is served by many of Lee's Summit's newest business and retains a distinct feel from the eastern part of the city.",,Community 1,1.0,Jackson,"This map showcases the east - central portion of Lee 's Summit , mostly defined by the presence of highway 470 as well as hospital . Many young families have moved to this area in the last decade , including those of doctors and nurses who work at the hospital . As such , the political climate is more moderate than the rest of the city . This community is served by many of Lee 's Summit 's newest business and retains a distinct feel from the eastern part of the city .",Community engagement
350,359,1646,https://districtr.org/COI/31122,coi,East Grand/ Oak Grove Neighborhood,"65 and Glenstone are natural boundaries here - lots of commuters driving through because of proximity to 65 - mainly owner occupied, some rental housing with students - biking distance to MSU - ","65 and Glenstone are natural boundaries here - lots of commuters driving through because of proximity to 65 - mainly owner occupied, some rental housing with students - biking distance to MSU - ",East Grand/ Oak Grove Neighborhood,1.0,Springfield,"65 and Glenstone are natural boundaries here - lots of commuters driving through because of proximity to 65 - mainly owner occupied , some rental housing with students - biking distance to MSU -",University
351,360,1648,https://districtr.org/COI/31217,coi,Sam's Columbia Map,,"Columbia is defined by the school system and by the common interests of the residents, who work for employers in the community, go to school in town, and need to be served by public servants who have in mind the interests of those who live in small cities.",Columbia,1.0,Columbia/Boone,,Unknown
352,361,1654,https://districtr.org/COI/31255,coi,Historic Springfield,"This is the historic heart of Springfield. It encompasses 3 of our universities - Drury, OTC, and MSU, along with the downtown region with Park Central Square, a good portion of the ""Route 66"", and the Springfield Art Museum. People who live, go to school, and work in this area tend to be more progressive, inclusive, and diverse.","This is the historic heart of Springfield. It encompasses 3 of our universities - Drury, OTC, and MSU, along with the downtown region with Park Central Square, a good portion of the ""Route 66"", and the Springfield Art Museum. People who live, go to school, and work in this area tend to be more progressive, inclusive, and diverse.",Historic Springfield,1.0,Springfield,"This is the historic heart of . It encompasses 3 of our universities - Drury , OTC , and MSU , along with the downtown region with Park Central Square , a good portion of the "" Route 66 "" , and the Springfield Art Museum . People who live , go to school , and work in this area tend to be more progressive , inclusive , and diverse .",University
353,362,1661,https://districtr.org/COI/31292,coi,Seminole/ Holland Neighborhood ,"working class community with mix of owner and rental housing, Holland Elementary is the neighborhood school, Parkview is the High School, South Creek Greenways Trail goes right through this community - starting at McDaniel Park, good walkways to school because of the trails, quite a bit of multi-family housing, close to Mercy, Bass Pro, lots of people employed there, accessible, new walkway to downtown for biking - some major intersections and commuter routes, Sunshine Elementary expanding and will be the community tornado shelter, mix of commercial and residential, many different denominations of churches","working class community with mix of owner and rental housing, Holland Elementary is the neighborhood school, Parkview is the High School, South Creek Greenways Trail goes right through this community - starting at McDaniel Park, good walkways to school because of the trails, quite a bit of multi-family housing, close to Mercy, Bass Pro, lots of people employed there, accessible, new walkway to downtown for biking - some major intersections and commuter routes, Sunshine Elementary expanding and will be the community tornado shelter, mix of commercial and residential ",Seminole/ Holland Neighborhood ,1.0,Springfield,"working class community with mix of owner and rental housing , Holland Elementary is the neighborhood school , Parkview is the High School , South Creek Greenways Trail goes right through this community - starting at McDaniel Park , good walkways to school because of the trails , quite a bit of multi - family housing , close to Mercy , Bass Pro , lots of people employed there , accessible , new walkway to downtown for biking - some major intersections and commuter routes , Sunshine Elementary expanding and will be the community tornado shelter , mix of commercial and residential , many different denominations of churches",K-12 Education
354,363,1677,https://districtr.org/CO://districtr.org/COI/31310,coi,Center City SGF,Center City SGF,Similar traffic and commuting concerns. We have a diverse income demographic. Our community is vested in MSU economically.  Mercy Hospital affects us. ,Center city SGF,1.0,Springfield,SGF,Unknown
355,364,1683,https://districtr.org/COI/31336,coi,Benton/Chaffee/Morley,Area includes communities surrounding Scott City who face similar economic situations. This area also lacks a hospital and medical care. Folks from this region travel to Cape. ,Area includes communities surrounding Scott City who face similar economic situations. This area also lacks a hospital and medical care. Folks from this region travel to Cape. ,Benton/Chaffee/Morley,1.0,St. Louis,Area includes communities surrounding who face similar economic situations . This area also lacks a hospital and medical care . Folks from this region travel to .,Vulnerable populations
356,365,1684,https://districtr.org/COI/31347,coi,Ripley County Community,"This area represents the Doniphan and surrounding community which suffered the loss of their hospital in 2018. This impacted the regions' health, but also the regions' economics, as it was one of the larger employers in the area. ","This area represents the Doniphan and surrounding community which suffered the loss of their hospital in 2018. This impacted the regions' health, but also the regions' economics, as it was one of the larger employers in the area. ",Doniphan Area,1.0,St. Louis,"This area represents the and surrounding community which suffered the loss of their hospital in 2018 . This impacted the regions ' health , but also the regions ' economics , as it was one of the larger employers in the area .",Economy and Commerce
357,366,1685,https://districtr.org/COI/31351,coi,Piedmont Community,This community includes the Piedmont area and surrounding communities which share common interests of healthcare access and economy. Many folks in Piedmont work in Poplar Bluff and then return home to live in Piedmont. ,This community includes the Piedmont area and surrounding communities which share common interests of healthcare access and economy. Many folks in Piedmont work in Poplar Bluff and then return home to live in Piedmont. ,Piedmont Community,1.0,St. Louis,This community includes the area and surrounding communities which share common interests of healthcare access and economy . Many folks in work in Poplar Bluff and then return home to live in .,Community engagement
358,367,1688,https://districtr.org/COI/31367,coi,Greater Steelville community,This region surrounds Steelville and relies heavily on the rivers for economic opportunities. ,This region surrounds Steelville and relies heavily on the rivers for economic opportunities. ,Greater Steelville / River community,1.0,St. Louis,This region surrounds Steelville and relies heavily on the rivers for economic opportunities .,Economy and Commerce
359,368,1689,https://districtr.org/COI/31372,coi,St. James Community,"The St. James community is an area outside of Rolla, that tends to be more affluent than those living in Rolla proper. The region is one of agriculture, but many people live in this area and work in Rolla. ","The St. James community is an area outside of Rolla, that tends to be more affluent than those living in Rolla proper. The region is one of agriculture, but many people live in this area and work in Rolla. ",St. James Community,1.0,St. Louis,"The community is an area outside of Rolla , that tends to be more affluent than those living in Rolla proper . The region is one of agriculture , but many people live in this area and work in Rolla .",Agriculture
360,369,1690,https://districtr.org/COI/31374,coi,Fredericktown Main Area,"This area encompasses the ""downtown"" of Fredericktown, where most of the county's economic activity lies. It is also home to the only medical center in the county which folks rely on for healthcare and jobs.",,Community 1,1.0,St. Louis,"This area encompasses the "" downtown "" of , where most of the county 's economic activity lies . It is also home to the only medical center in the county which folks rely on for healthcare and jobs .",Economy and Commerce
361,370,1691,https://districtr.org/COI/31382,coi,Greater Cape Region,"This region includes Cape but also surrounding communities that rely on Cape. Cape is the hub of economic activity, and so folks in this region regularly travel into Cape City Limits for healthcare, supplies, work, and more.",,Community 1,1.0,St. Louis,"This region includes but also surrounding communities that rely on . Cape is the hub of economic activity , and so folks in this region regularly travel into Limits for healthcare , supplies , work , and more .",Economy and Commerce
362,371,1692,https://districtr.org/COI/31384,coi,Perryville,This includes the downtown region of Perryville which is booming with economic activity and has a hospital that much of the community relies on. ,P,Perryville,1.0,St. Louis,This includes the downtown region of which is booming with economic activity and has a hospital that much of the community relies on .,Community engagement
363,372,1700,https://districtr.org/COI/31419,coi,Patricia Map of Fayette,,"Fayette and immediate area surrounding Fayette, including D.C. Rogers Lake, Ricketts Lake.

I am Fayette-bound most of the time due to personal choice.

My community includes many families who have lived here for generations; students/faculty/staff of Central Methodist University.  

I shop mostly in Fayette, my health care provider is in Fayette.

issues include growing meth-related criminality, lack of locally produced cultural events.",Patricia Map 1,1.0,Fayette/Howard,,Unknown
364,373,1701,https://districtr.org/COI/31420,coi,Hallie's California commuter map,"People living in California and the surrounding area have access to local grocery stores, attend church in town, and have many other local resources. However, many families have 1 or more members commuting to Jefferson City and (more rarely) Columbia for work. Often, these positions include state government positions. Healthcare is also primarily sourced in Jefferson City and/or Columbia due to a shortage in Moniteau Co. This makes healthcare access and highway infrastructure two key issues for the California community. ","People living in California and the surrounding area have access to local grocery stores, attend church in town, and have many other local resources. However, many families have 1 or more members commuting to Jefferson City and (more rarely) Columbia for work. Often, these positions include state government positions. Healthcare is also primarily sourced in Jefferson City and/or Columbia due to a shortage in Moniteau Co. This makes healthcare access and highway infrastructure two key issues for the California community. ",Community 1,1.0,,"People living in and the surrounding area have access to local grocery stores , attend church in town , and have many other local resources . However , many families have 1 or more members commuting to and ( more rarely ) Columbia for work . Often , these positions include state government positions . Healthcare is also primarily sourced in and/or Columbia due to a shortage in Moniteau Co. This makes healthcare access and highway infrastructure two key issues for the community .",Infrastructure
365,374,1703,https://districtr.org/COI/31422,coi,Boonville Community Services,This community is the downtown area of Boonville and immediate surrounding rural areas. South of Windsor Place the census tract area I only intended to include the area down Hwy 87 north of Prairie Home. Prairie Home has it's own school district and community pool which separates it from many of the community services in Boonville. The people living in this area use the tax payer supported community pool and the local school district. The community also has most of the basic retail needs including groceries and home goods (Walmart). ,This community is the downtown area of Boonville and immediate surrounding rural areas. South of Windsor Place the census tract area I only intended to include the area down Hwy 87 north of Prairie Home. Prairie Home has it's own school district and community pool which separates it from many of the community services in Boonville. The people living in this area use the tax payer supported community pool and the local school district. The community also has most of the basic retail needs including groceries and home goods (Walmart). ,Boonville Community Services,1.0,Boonville/Cooper,This community is the downtown area of and immediate surrounding rural areas . South of Windsor Place the census tract area I only intended to include the area down Hwy 87 north of Prairie Home . Prairie Home has it 's own school district and community pool which separates it from many of the community services in . The people living in this area use the tax payer supported community pool and the local school district . The community also has most of the basic retail needs including groceries and home goods ( Walmart ) .,Community engagement
366,375,1706,https://districtr.org/COI/31434,coi,Immigrant Business & Resources ,,"This map includes areas with high demographics of immigrants and refugees. 

Within the map is also important organizations such as the Hispanic Chamber of Commerce, International Institute, and Dutchtown South Community Corp. 

Also within the map are small businesses that are immigrant-owned which are on the South Grand strip, Cherokee strip, and in the Dutchtown neighborhood. ",Immigrant Business & Resources ,1.0,St. Louis,,Unknown
367,376,1709,https://districtr.org/COI/31446,coi,Armstrong/Fayette/Columbia,"Armstrong is comprised mainly of farmers in single family dwellings.  I live just outside of Armstrong and our common interests are agriculture issues, roads, poor internet issues.  I shop in Fayette which is a traditional small rural town. This is a college town as well with a significant community of students and faculty. A big concern is a lack of small businesses and the town square is deteriorating. City governance is a major concern and economic development. There are big challenges related to the school system. Crumbling infrastructure is also a major concern.  I work and get my healthcare services in Columbia .  ","Armstrong is comprised mainly of farmers in single family dwellings.

I live just outside of Armstrong and our common interests are agriculture issues, roads, poor internet issues.

I shop in Fayette which is a traditional small rural town.
This is a college town as well with a significant community of students and faculty.
A big concern is a lack of small businesses and the town square is deteriorating.
City governance is a major concern and economic development.
There are big challenges related to the school system.
Crumbling infrastructure is also a major concern.

I work and get my healthcare services in Columbia . 
",Armstrong/Fayette/Columbia,1.0,Armstrong,"Armstrong is comprised mainly of farmers in single family dwellings .   I live just outside of Armstrong and our common interests are agriculture issues , roads , poor internet issues .   I shop in Fayette which is a traditional small rural town . This is a college town as well with a significant community of students and faculty . A big concern is a lack of small businesses and the town square is deteriorating . City governance is a major concern and economic development . There are big challenges related to the school system . Crumbling infrastructure is also a major concern .   I work and get my healthcare services in .  ",Agriculture
368,377,1710,https://districtr.org/COI/31451,coi,Kirksville student district,"Focused on the university, med school, dental school: mixed income (low-med), student rentals.  Shared concerns include public transportation to shopping, downtown centre.  Landlord controls and safety codes are a particular issue w the rentals.","Traditionally low-income part of town: mixed income (low-med), longterm rentals, small, single-family/multi-family dwellings, some rent-controlled multilpe units.  Lack of public transportation, cooling center or other climate-related mitigation; roads and sidewalks in poor condition.  ",Kirksville longterm rentals,1.0,kirksville/adair,"Focused on the university , med school , dental school : mixed income ( low - med ) , student rentals .   Shared concerns include public transportation to shopping , downtown centre .   Landlord controls and safety codes are a particular issue w the rentals .",University
369,378,1711,https://districtr.org/COI/31453,coi,NE Livingston County and Chillicothe,"My family is farmers that have lived in Livingston county for multiple generations.  NE Livingston County is comprised mainly of farmers in single family dwellings.  The shared interests are agriculture issues .  Some economic motors in the community of Chillicothe are the prison, local government, hospital, school district and small manufacturing.","My family is farmers that have lived in Livingston county for multiple generations.

NE Livingston County is comprised mainly of farmers in single family dwellings. 
The shared interests are agriculture issues .

Some economic motors in the community of Chillicothe are the prison, local government, hospital, school district and small manufacturing.",NE Livingston County & Chillicothe,1.0,Armstrong,"My family is farmers that have lived in for multiple generations .   is comprised mainly of farmers in single family dwellings .   The shared interests are agriculture issues .   Some economic motors in the community of Chillicothe are the prison , local government , hospital , school district and small manufacturing .",Agriculture
370,379,1712,https://districtr.org/COI/31454,coi,Kirksville longterm rentals,"Traditionally low-income part of town: mixed income (low-med), longterm rentals, small, single-family/multi-family dwellings, some rent-controlled multilpe units.  Lack of public transportation, cooling center or other climate-related mitigation; roads and sidewalks in poor condition.  ","Traditionally low-income part of town: mixed income (low-med), longterm rentals, small, single-family/multi-family dwellings, some rent-controlled multilpe units.  Lack of public transportation, cooling center or other climate-related mitigation; roads and sidewalks in poor condition.  ",Kirksville longterm rentals,1.0,kirksville/adair,"Traditionally low - income part of town : mixed income ( low - med ) , longterm rentals , small , single - family / multi - family dwellings , some rent - controlled multilpe units .   Lack of public transportation , cooling center or other climate - related mitigation ; roads and sidewalks in poor condition .  ",Named neighborhood
371,380,1716,https://districtr.org/COI/31455 ,coi,Central High School/ Drury/ Commercial S,Map of Central High School/ Pipkin Middle School communities - includes Drury University and Commercial Street  ,Map of Central High School/ Pipkin Middle School communities - includes Drury University and Commercial Street ,Central High School/ Drury/ Commercial Street,1.0,Springfield,Map of Central High School/ Pipkin Middle School communities - includes Drury University and Commercial Street  ,K-12 Education
372,381,1713,https://districtr.org/COI/31456,coi,Armstrong/Fayette/Columbia/Salisbury/Mob,I am a farmer who lives outside of Armstrong. My area is comprised of mainly farmers in a single family dwellings. Our shared interests are agriculture issues and roads and bridges and bad internet service.  I buy farm equipment and get repairs and do some grocery shopping in Salisbury and Moberly. These are small rural towns.  I shop in Fayette and get my healthcare services in Columbia.,"I am a farmer who lives outside of Armstrong. My area is comprised of mainly farmers in a single family dwellings.
Our shared interests are agriculture issues and roads and bridges and bad internet service.

I buy farm equipment and get repairs and do some grocery shopping in Salisbury and Moberly. These are small rural towns.

I shop in Fayette and get my healthcare services in Columbia.",Armstrong/Fayette/Salisbury/Moberly,1.0,Armstrong,I am a farmer who lives outside of . My area is comprised of mainly farmers in a single family dwellings . Our shared interests are agriculture issues and roads and bridges and bad internet service .   I buy farm equipment and get repairs and do some grocery shopping in and . These are small rural towns .   I shop in Fayette and get my healthcare services in .,Agriculture
373,382,1714,https://districtr.org/COI/31457,coi,LWVSTL - Murphy Elementary,"Murphy Elementary in the Northwest SD has nearly 45% free and reduced lunches.  Many families that live in this community will likely need help with healthcare, childcare, and maybe housing.  Accessible low cost groceries would be needed or perhaps many have vegetable gardens to help get healthy food.  Most of the area are home owners and not renters.  Assistance with this map came from Peggy Robb. ","Murphy Elementary in the Northwest SD has nearly 45% free and reduced lunches.   Many families that live in this community will likely need help with healthcare, childcare, and maybe housing.  Accessible low cost groceries would be needed or perhaps many have vegetable gardens to help get healthy food.  Most of the area are home owners and not renters. ",Murphy Elementary School,1.0,St. Louis,"Murphy Elementary in the Northwest SD has nearly 45 % free and reduced lunches .   Many families that live in this community will likely need help with healthcare , childcare , and maybe housing .   Accessible low cost groceries would be needed or perhaps many have vegetable gardens to help get healthy food .   Most of the area are home owners and not renters .   Assistance with this map came from Peggy Robb .",Family and Children
374,383,1715,https://districtr.org/COI/31459,coi,LWVSTL - Maple Grove Elementary,"Maple Grove Elementary in the Northwest SD has 48% free and reduced lunches.  Many families that live in this community will likely need help with healthcare, childcare, and maybe housing.  Accessible low cost groceries would be needed or perhaps many have vegetable gardens to help get healthy food.  Most of the area are home owners and not renters.   This is the area of the Northwest SD that is in Senate Dist 3, the rest is in Senate district 22. ","Maple Grove Elementary in the Northwest SD has 48% free and reduced lunches.  Many families that live in this community will likely need help with healthcare, childcare, and maybe housing.  Accessible low cost groceries would be needed or perhaps many have vegetable gardens to help get healthy food.  Most of the area are home owners and not renters.   This is the area of the Northwest SD that is in Senate Dist 3.
",Maple Grove Elementary,1.0,St. Louis,"Maple Grove Elementary in the Northwest SD has 48 % free and reduced lunches .   Many families that live in this community will likely need help with healthcare , childcare , and maybe housing .   Accessible low cost groceries would be needed or perhaps many have vegetable gardens to help get healthy food .   Most of the area are home owners and not renters .    This is the area of the Northwest SD that is in Senate Dist 3 , the rest is in Senate district 22 .",Family and Children
375,384,1717,https://districtr.org/COI/31461,coi,LWVSTL - House Springs Elementary,"House Springs Elementary in the Northwest SD has 37% free and reduced lunches.  Of all the elementary schools in the NW SD this school is the most in a town closer to more businesses.  It may be a reason that this has a lower % reduced lunches.  Still, many families that live in this community will likely need help with healthcare, childcare, and maybe housing.  Accessible low cost groceries help families.  House Springs has a farmers market much of the year.  Most of the area are home owners and not renters.  Peggy Robb helped with this map. ","House Springs Elementary in the Northwest SD has 37% free and reduced lunches.  Of all the elementary schools in the NW SD this school is the most in a town closer to more businesses.  It may be a reason that this has a lower % reduced lunches.  Still, many families that live in this community will likely need help with healthcare, childcare, and maybe housing.  Accessible low cost groceries help families.  House Springs has a farmers market much of the year.  Most of the area are home owners and not renters. 
",House Springs Elementary,1.0,St. Louis,"House Springs Elementary in the Northwest SD has 37 % free and reduced lunches .   Of all the elementary schools in the NW SD this school is the most in a town closer to more businesses .   It may be a reason that this has a lower % reduced lunches .   Still , many families that live in this community will likely need help with healthcare , childcare , and maybe housing .   Accessible low cost groceries help families .   House Springs has a farmers market much of the year .   Most of the area are home owners and not renters .   Peggy Robb helped with this map .",Named neighborhood
376,385,1718,https://districtr.org/COI/31462,coi,LWVSTL - High Ridge Elementary,"High Ridge Elementary in the Northwest SD has 48% free and reduced lunches. Many families that live in this community will likely need help with healthcare, childcare, and maybe housing.  Accessible low cost groceries would be needed or perhaps many have vegetable gardens to help get healthy food.  Most of the area are home owners and not renters.  Assistance with this map came from Peggy Robb. ","High Ridge Elementary in the Northwest SD has 48% free and reduced lunches.
Many families that live in this community will likely need help with healthcare, childcare, and maybe housing.  Accessible low cost groceries would be needed or perhaps many have vegetable gardens to help get healthy food.  Most of the area are home owners and not renters.  Assistance with this map came from Peggy Robb.
",High Ridge Elementary School,1.0,St. Louis,"High Ridge Elementary in the Northwest SD has 48 % free and reduced lunches . Many families that live in this community will likely need help with healthcare , childcare , and maybe housing .   Accessible low cost groceries would be needed or perhaps many have vegetable gardens to help get healthy food .   Most of the area are home owners and not renters .   Assistance with this map came from Peggy Robb .",Family and Children
377,386,1719,https://districtr.org/COI/31464,coi,LWVTL - Cedar Springs Elementary,"Cedar Springs Elementary in the Northwest SD has 31% free and reduced lunches. Many families that live in this community will likely need help with healthcare, childcare, and maybe housing.  Accessible low cost groceries would be needed or perhaps many have vegetable gardens to help get healthy food.  Most of the area are home owners and not renters.  This elementary school has the lowest % of free and reduced lunches in the SD.  Assistance with this map came from Peggy Robb.","Cedar Springs Elementary in the Northwest SD has 31% free and reduced lunches.  Many families that live in this community will likely need help with healthcare, childcare, and maybe housing.  Accessible low cost groceries would be needed or perhaps many have vegetable gardens to help get healthy food.  Most of the area are home owners and not renters.  This elementary school has the lowest % of free and reduced lunches in the SD.  Assistance with this map came from Peggy Robb.
",Cedar Springs Elementary School,1.0,St. Louis,"Cedar Springs Elementary in the Northwest SD has 31 % free and reduced lunches . Many families that live in this community will likely need help with healthcare , childcare , and maybe housing .   Accessible low cost groceries would be needed or perhaps many have vegetable gardens to help get healthy food .   Most of the area are home owners and not renters .   This elementary school has the lowest % of free and reduced lunches in the SD .   Assistance with this map came from Peggy Robb .",Vulnerable populations
378,387,1720,https://districtr.org/COI/31465,coi,LWVSTL - Brennan Woods Elementary,"Brennan Woods Elementary in the Northwest SD has 42% fee and reduced lunches.  Many families that live in this community will likely need help with healthcare, childcare, and maybe housing.  Most of the area are home owners and not renters.   Assistance with this map came from Peggy Robb. ","Brennan Woods Elementary in the Northwest SD has 42% fee and reduced lunches.  Many families that live in this community will likely need help with healthcare, childcare, and maybe housing.  Most of the area are home owners and not renters.   Assistance with this map came from Peggy Robb.",Brennan Woods Elementary,1.0,St. Louis,"Brennan Woods Elementary in the Northwest SD has 42 % fee and reduced lunches .   Many families that live in this community will likely need help with healthcare , childcare , and maybe housing .   Most of the area are home owners and not renters .    Assistance with this map came from Peggy Robb .",Family and Children
379,388,1721,https://districtr.org/COI/31467,coi,LWVSTL - City of Festus and Festus SD,"Festus, MO sits near the Mississippi river and just west of Crystal City, MO.  Festus is a small city with a single high school whose boundaries extend much further than the town.  Both the city of Festus and the Festus school district are divided into two Senate districts - Dist 22 and Dist 3.  Assistance with this map came from Jess Shepherd. ","Festus, MO sits near the mississippi river and just west of Crystal City, MO.  Festus is a small city with a single high school whose boundaries extend much further than the city.  Both the city of Festus and the Festus school district are divided into two Senate districts - Dist 22 and Dist 3.  Assistance with this map came from Jess Shepherd.","Festus, MO and Festus HS",1.0,St. Louis,"Festus , sits near the river and just west of , .   Festus is a small city with a single high school whose boundaries extend much further than the town .   Both the city of Festus and the Festus school district are divided into two Senate districts - Dist 22 and Dist 3 .   Assistance with this map came from Jess Shepherd .",Cities
380,389,1722,https://districtr.org/COI/31468,coi,LWVSTL - Crystal City,"Crystal, MO is right against the Mississippi River.   It is a small town with only a single high school.  It is likely to have flooding issues within its boundaries.  Crystal City is mostly in Senate District 22, but a small portion is in Dist 3. Assistance with this map came from Jess Shepherd. ","Crystal, MO is right against the Mississippi River.   It is a small town with only a single high school.  It is likely to have flooding issues within its boundaries.  Crystal City is mostly in Senate District 22, but a small portion is in Dist 3. Assistance with this map came from Jess Shepherd.
","Crystal City, MO",1.0,St. Louis,"Crystal , is right against .    It is a small town with only a single high school .   It is likely to have flooding issues within its boundaries .   is mostly in Senate District 22 , but a small portion is in Dist 3 . Assistance with this map came from Jess Shepherd .",Vulnerable populations
381,390,1723,https://districtr.org/COI/31472,coi,North Central Columbia,We are a mixed race area with lots of students and working class people.  Many artisans and building trades. ,,North Central Columbia,1.0,Columbia,We are a mixed race area with lots of students and working class people .   Many artisans and building trades .,Diversity
382,391,1724,https://districtr.org/COI/31477,coi,Bates County Missouri,"I-49 goes through the middle of the county and since there are many commuters (going to jobs in Butler, Rich Hill, or North into Cass County) the infrastructure leading to the Interstate is vitally important and needs to be maintained at a high level. The largest local employers are government/utilities and school districts. There are no charter schools, so a strong public education system is very important to this region. Access to quality healthcare is average for this type of region. There is a small hospital (60 beds) in Butler but the population is aging and requires a variety of services that aren't always offered with residents driving to KC. The internet service is spotty and a strong broadband system is needed for school children as well as for the small business community. ","I-49 goes through the middle of the county and since there are many commuters (going to jobs in Butler, Rich Hill, or North into Cass County) the infrastructure leading to the Interstate is vitally important and needs to be maintained at a high level. The largest local employers are government/utilities and school districts. There are no charter schools, so a strong public education system is very important to this region. Access to quality healthcare is average for this type of region. There is a small hospital (60 beds) in Butler but the population is aging and requires a variety of services that aren't always offered with residents driving to KC. The internet service is spotty and a strong broadband system is needed for school children as well as for the small business community. ",Bates County Missouri,1.0,Belton,"I-49 goes through the middle of the county and since there are many commuters ( going to jobs in Butler , Rich Hill , or into ) the infrastructure leading to the Interstate is vitally important and needs to be maintained at a high level . The largest local employers are government / utilities and school districts . There are no charter schools , so a strong public education system is very important to this region . Access to quality healthcare is average for this type of region . There is a small hospital ( 60 beds ) in Butler but the population is aging and requires a variety of services that are n't always offered with residents driving to . The internet service is spotty and a strong broadband system is needed for school children as well as for the small business community .",Infrastructure
383,392,1726,https://districtr.org/COI/31489,coi,Barton County,"I-49 goes through the middle of the county and since there are many commuters to the larger cities (Lamar/Nevada) the infrastructure leading to the Interstate is vitally important and needs to be maintained at a high level. The largest employers are government/school districts, healthcare/assistance followed by retail. There are no charter schools, so a strong public education system is very important to this region. Access to quality healthcare is average for this type of region. There is a small hospital (25 beds) in Lamar but the population is aging and requires a variety of services that aren't always offered with residents driving to Jasper or Greene counties. The internet service is spotty and a strong broadband system is needed for school children as well as for the small business community. ","I-49 goes through the middle of the county and since there are many commuters to the larger cities (Lamar/Nevada) the infrastructure leading to the Interstate is vitally important and needs to be maintained at a high level. The largest employers are government/school districts, healthcare/assistance followed by retail. There are no charter schools, so a strong public education system is very important to this region. Access to quality healthcare is average for this type of region. There is a small hospital (25 beds) in Lamar but the population is aging and requires a variety of services that aren't always offered with residents driving to Jasper or Greene counties. The internet service is spotty and a strong broadband system is needed for school children as well as for the small business community. ",Barton County ,1.0,Belton,"I-49 goes through the middle of the county and since there are many commuters to the larger cities ( Lamar / Nevada ) the infrastructure leading to the Interstate is vitally important and needs to be maintained at a high level . The largest employers are government / school districts , healthcare / assistance followed by retail . There are no charter schools , so a strong public education system is very important to this region . Access to quality healthcare is average for this type of region . There is a small hospital ( 25 beds ) in but the population is aging and requires a variety of services that are n't always offered with residents driving to or Greene counties . The internet service is spotty and a strong broadband system is needed for school children as well as for the small business community .",Infrastructure
384,393,1727,https://districtr.org/COI/31496,coi,Old Industrial,Mixture of single family homes. East north street is old industrial area. Still has Adient manufacturing.,Mixture of single family homes. East north street is old industrial area. Still has Adient manufacturing.,Old industrial,1.0,Eldon,Mixture of single family homes . is old industrial area . Still has Adient manufacturing .,Diversity
385,394,1728,https://districtr.org/COI/31502,coi,LWVSTL - Eureka MO Flood Zone,Eureka has had recent (5 years) periodic flooding downtown due to many offshoots of the Meramec wandering through Eureka.  A Bond issue was passed to clean out these tributaries. The Meramec River starts and ends in Missouri.  This far from the Mississippi River usually means that if the Mississippi River is high that Eureka does not see the prolonged flooding that is experienced further downstream like in Arnold.  This is Dist 26 but a small portion of the City of Eureka is in Dist 15.  Assistance with this map was from Nancy Pawol. ,Eureka has had recent (5 years) periodic flooding downtown due to many offshoots of the Meramec wandering through Eureka.  A Bond issue was passed to clean out these tributaries. The Meramec River starts and ends in Missouri.  This far from the Mississippi River usually means that if the Mississippi River is high that Eureka does not see the prolonged flooding that is experienced further downstream like in Arnold.  This is Dist 26 but a small portion of the City of Eureka is in Dist 15.  Assistance with this map was from Nancy Pawol.,Eureka MO  Flood Zone,1.0,St. Louis,Eureka has had recent ( 5 years ) periodic flooding downtown due to many offshoots of the Meramec wandering through Eureka .   A Bond issue was passed to clean out these tributaries . The starts and ends in .   This far from usually means that if is high that Eureka does not see the prolonged flooding that is experienced further downstream like in Arnold .   This is Dist 26 but a small portion of is in Dist 15 .   Assistance with this map was from Nancy Pawol .,Environment
386,395,1729,https://districtr.org/COI/31503,coi,LWVSTL - Eureka MO commerce center,"EUREKA  is a city located close to the Meramec River and its 11 square miles has parts in 3 counties- St. Louis,  Franklin, and Jefferson.  The majority  of Eureka (west of the Meramec River)  is Senate District 26. District 26 serves part of Chesterfield, part of Ballwin, all Wildwood, Ellisville,and lots of small rural communities South of the Missouri River.The narrow strip of homes and 3 golf courses along Lewis Rd. just east of the Meramec River are served by Senate District 15.  These homes utilize Eureka as a commerce center and should be part of District 26.  Assistance with this map from Nancy Pawol.","EUREKA  is a city located close to the Meramec River and its 11 square miles has parts in 3 counties- St. Louis,  Franklin, and Jefferson.  The majority  of Eureka (west of the Meramec River)  is Senate District 26 
District 26 serves part of Chesterfield, part of Ballwin, all Wildwood, Ellisville,and lots of small rural communities South of the Missouri River.The narrow strip of homes and 3 golf courses along Lewis Rd. just east of the Meramec River are served by Senate District 15.  These homes utilize Eureka as a commerce center and should be part of District 26.  Assistance with this map from Nancy Pawol.","Eureka, MO",1.0,St. Louis,"EUREKA   is a city located close to and its 11 square miles has parts in 3 counties- ,   Franklin , and Jefferson .   The majority   of ( west of )   is Senate District 26 . District 26 serves part of , part of , all Wildwood , Ellisville , and lots of small rural communities of . The narrow strip of homes and 3 golf courses along . just east of are served by Senate District 15 .   These homes utilize Eureka as a commerce center and should be part of District 26 .   Assistance with this map from Nancy Pawol .",Environment
387,396,1730,https://districtr.org/COI/31504,coi,LWVSTL - Eureka Outdoors -Hike n Bike , Eureka Outdoors for hikers and bikers - Eureka has extensive trails for hiking and biking.  This community want to be able to enjoy a scenic view without the sites and sounds of urban hustle and bustle.  This community is broken between two Senate Dist - 15 and 26. Assistance with this map from Nancy Pawol.,Eureka has extensive trails for hiking and biking.  This community want to be able to enjoy a scenic view without the sites and sounds of urban hustle and bustle.  This community is broken between two Senate Dist - 15 and 26. Assistance with this map from Nancy Pawol. ,Eureka Outdoors for hikers and bikers,1.0,St. Louis,  Eureka Outdoors for hikers and bikers - Eureka has extensive trails for hiking and biking .   This community want to be able to enjoy a scenic view without the sites and sounds of urban hustle and bustle .   This community is broken between two Senate Dist - 15 and 26 . Assistance with this map from Nancy Pawol .,Environment
388,397,1732,https://districtr.org/COI/31507,coi,"LWVSTL - Eureka Tourism - 6flags, golf","Eureka Commercial Tourism - 6 flags, golf and strip malls - Eureka is set to be a center for tourism, but the destinations are split between two Senate Dist - 15 and 26.  With Six Flags and the shopping centers in one and the best golf courses in the other district.  Assistance with this map from Nancy Pawol. ","Eureka is set to be a center for tourism, but the destinations are split between two Senate Dist - 15 and 26.  With Six Flags and the shopping centers in one and the best golf courses in the other district.  Assistance with this map from Nancy Pawol.","Eureka Commercial Tourism - 6 flags, golf and strip malls",1.0,St. Louis,"Eureka Commercial Tourism - 6 flags , golf and strip malls - Eureka is set to be a center for tourism , but the destinations are split between two Senate Dist - 15 and 26 .   With Six Flags and the shopping centers in one and the best golf courses in the other district .   Assistance with this map from Nancy Pawol .",Recreation and Tourism
389,398,1731,https://districtr.org/COI/31508,coi,Henry County,"The infrastructure is not only important for commuters (Clinton, and KC Metro) but, also for the traffic heading to/from Truman Reservoir and Lake of the Ozarks. The largest employers are utilities, farming, followed by manufacturing and retail. There are no charter schools, so a strong public education system is very important to this region. Access to quality healthcare is slightly above average for this type of region. There is a medium-sized hospital (56 beds) in Clinton with some specialty care offered. Residents drive to KC metro for some care. The internet service is spotty and a strong broadband system is needed for school children as well as for the small business and farming community. Crime rates both property and violent are well above average for this type of population. ","The infrastructure is not only important for commuters (Clinton, and KC Metro) but, also for the traffic heading to/from Truman Reservoir and Lake of the Ozarks. The largest employers are utilities, farming, followed by manufacturing and retail. There are no charter schools, so a strong public education system is very important to this region. Access to quality healthcare is slightly above average for this type of region. There is a medium-sized hospital (56 beds) in Clinton with some specialty care offered. Residents drive to KC metro for some care. The internet service is spotty and a strong broadband system is needed for school children as well as for the small business and farming community. Crime rates both property and violent are well above average for this type of population. ",Henry County,1.0,Belton,"The infrastructure is not only important for commuters ( Clinton , and KC Metro ) but , also for the traffic heading to / from Truman Reservoir and . The largest employers are utilities , farming , followed by manufacturing and retail . There are no charter schools , so a strong public education system is very important to this region . Access to quality healthcare is slightly above average for this type of region . There is a medium - sized hospital ( 56 beds ) in Clinton with some specialty care offered . Residents drive to metro for some care . The internet service is spotty and a strong broadband system is needed for school children as well as for the small business and farming community . Crime rates both property and violent are well above average for this type of population .",Infrastructure
390,399,1733,https://districtr.org/COI/31510,coi,Moving on up to the West side,Upper income neighborhood. New homes being built. Low crime. New Junior High in the north ,Upper income neighborhood. New homes being built. Low crime. New Junior High in the north ,Moving on up to the West side,1.0,Eldon,Upper income neighborhood . New homes being built . Low crime . New Junior High in the north,Named neighborhood
391,400,1734,https://districtr.org/COI/31515,coi,LWVSTL - Labadie Power Plant,"Labadie, MO and Labadie Power Plant - Labadie is an unincorporated town in Franklin County and is in District 26.  However, this area is  carved out to the northeast of Dist 26 and lies close to both Dist 2 and District 15.  Downtown Labadie is ½ block with 2 restaurants and a part-time outdoor breakfast /lunch venue. There is one grade school. The township is 88% white, with 52% white collar and 48% blue collar workers. There are 105 businesses with the Labadie Energy Center employing 250 persons. This is Ameren's largest coal-fired plant in Missouri. In 2019 a federal judge ordered Ameren to install scrubbers to reduce carbon emissions. Since 2009, the LEO (Labadie Environmental Organization)has focused on the coal ash landfills and residue issues, and contaminating the Missouri river. This has deeply divided the community. Since the Missouri River begins in Montana, the Labadie area is subject to flooding from weather thousands of miles away as well as locally.  The coal ash ponds are thus subject to flooding and St Louis residents are subject to the toxic water as well as the locals in Labadie. Assistance with this map from Nancy Pawol.","Labadie is an unincorporated town in Franklin County and is in District 26.  However, this area is  carved out to the northeast of Dist 26 and lies close to both Dist 2 and District 15.  Downtown Labadie is ½ block with 2 restaurants and a part-time outdoor breakfast /lunch venue. There is one grade school. The township is 88% white, with 52% white collar and 48% blue collar workers. There are 105 businesses with the Labadie Energy Center employing 250 persons. This is Ameren's largest coal-fired plant in Missouri. In 2019 a federal judge ordered Ameren to install scrubbers to reduce carbon emissions. Since 2009, the LEO (Labadie Environmental Organization)has focused on the coal ash landfills and residue issues, and contaminating the Missouri river. This has deeply divided the community. Since the Missouri River begins in Montana, the Labadie area is subject to flooding from weather thousands of miles away as well as locally.  The coal ash ponds are thus subject to flooding and St Louis residents are subject to the toxic water as well as the locals in Labadie. Assistance with this map from Nancy Pawol.","Labadie, MO and Labadie Power Plant",1.0,St. Louis,"Labadie , and Labadie Power Plant - Labadie is an unincorporated town in and is in District 26 .   However , this area is   carved out to the northeast of Dist 26 and lies close to both Dist 2 and District 15 .   Downtown Labadie is ½ block with 2 restaurants and a part - time outdoor breakfast /lunch venue . There is one grade school . The township is 88 % white , with 52 % white collar and 48 % blue collar workers . There are 105 businesses with the Labadie Energy Center employing 250 persons . This is Ameren 's largest coal - fired plant in . In 2019 a federal judge ordered Ameren to install scrubbers to reduce carbon emissions . Since 2009 , the LEO ( Labadie Environmental Organization)has focused on the coal ash landfills and residue issues , and contaminating the river . This has deeply divided the community . Since the begins in , the Labadie area is subject to flooding from weather thousands of miles away as well as locally .   The coal ash ponds are thus subject to flooding and residents are subject to the toxic water as well as the locals in Labadie . Assistance with this map from Nancy Pawol .",Community engagement
392,401,1735,https://districtr.org/COI/31516,coi,Other side of the tracks,"Mixture of homes from 1960s to 1908. Several old Victorians. This is old Eldon. Took a tough blow from the tornado from 2 years ago. Area includes a community pool, Main street, banks, nursing homes and the future section of the Rock Island bike trail. Several churches, playgrounds and banks. Also has city hall, fire dept and police department. Roads and sewers in bad shape.  ","Mixture of homes from 1960s to 1908. Several old Victorians. This is old Eldon. Took a tough blow from the tornado from 2 years ago. Area includes a community pool, Main street, banks, nursing homes and the future section of the Rock Island bike trail. Several churches, playgrounds and banks. Also has city hall, fire dept and police department. Roads and sewers in bad shape.  ",Other side of the tracks,1.0,Eldon,"Mixture of homes from 1960s to 1908 . Several old Victorians . This is old Eldon . Took a tough blow from the tornado from 2 years ago . Area includes a community pool , Main street , banks , nursing homes and the future section of the bike trail . Several churches , playgrounds and banks . Also has city hall , fire dept and police department . Roads and sewers in bad shape .  ",Elderly
393,402,1737,https://districtr.org/COI/31517,coi,LWVSTL - Missouri U. of Science and Tech,MS&T is a community of students.  Students come from all over the nation to attend this school renowned for its engineering programs.  All these students want to have services to support their schooling.  Many students need housing off campus.  Some will need jobs as they go to school. ,MS&T is a community of students.  Students come from all over the nation to attend this school renowned for its engineering programs.  All these students want to have services to support their schooling.  Some need housing.  Some will need jobs as they go to school. ,Missouri University of Science and Technology,1.0,St. Louis,MS&T is a community of students .   Students come from all over the nation to attend this school renowned for its engineering programs .   All these students want to have services to support their schooling .   Many students need housing off campus .   Some will need jobs as they go to school .,Community engagement
394,403,1739,https://districtr.org/COI/31520,coi,Land that forgot time,This area is primarily Mennonite farm country. Several turkey Cafos with cattle grazing and row crops of corn and soy beans.  Several different communities depending on which church you go to.,This area is primarily Mennonite farm country. Several turkey Cafos with cattle grazing and row crops of corn and soy beans.  Several different communities depending on which church you go to.,Land that forgot time,1.0,Eldon,This area is primarily Mennonite farm country . Several turkey Cafos with cattle grazing and row crops of corn and soy beans .   Several different communities depending on which church you go to .,Agriculture
395,404,1740,https://districtr.org/COI/31522,coi,LWVSTL - Cape Girardeau,"Cape Girardeau, MO  medical service area and university - Cape Girardeau is the biggest city in southeast MO.  Because it has a couple of hospitals, Cape is home to the medical service provider for a big area - the whole bootheel.  Cape Girardeau is also home to a university - Southeast MO University.   There is a single high school for this community. ","Cape Girardeau is the biggest city in southeast MO.  Because it has a couple of hospitals, Cape is home to the medical service provider for a big area - the whole bootheel.  Cape Girardeau is also home to a university - Southeast MO University.   There is a single high school for this community.","Cape Girardeau, MO medical service area and university",1.0,St. Louis,",   medical service area and university - Cape Girardeau is the biggest city in southeast .   Because it has a couple of hospitals , is home to the medical service provider for a big area - the whole bootheel .   is also home to a university - Southeast MO University .    There is a single high school for this community .",University
396,405,1741,https://districtr.org/COI/31524,coi,More livestock than people,This area consist of farmland that is mostly cattle and turkey CAFOs. Most of the residents work for the State and commute to Jefferson City.,This area consist of farmland that is mostly cattle and turkey CAFOs. Most of the residents work for the State and commute to Jefferson City.,More livestock than people,1.0,Eldon,This area consist of farmland that is mostly cattle and turkey CAFOs . Most of the residents work for the State and commute to .,Agriculture
397,406,1742,https://districtr.org/COI/31525,coi,LWVSTL - Jackson MO,"Jackson, MO - bedroom community Jackson has a small town feel and they are very proud they are not Cape Girardeau.  Compared to their close neighbor Cape, Jackson has little industry.  Jackson High School is bigger than the Cape HS because it draws from west into the county.  There is a huge rivalry with Cape.  Jackson is also the County seat. ","Jackson is a bedroom community.  It is has a small town feel and they are very proud they are not Cape Girardeau.  Compared to their close neighbor Cape, Jackson has little industry.  Jackson High School is bigger than the Cape HS because it draws from west into the county.  There is a huge rivalry with Cape.  Jackson is also the County seat.","Jackson, MO",1.0,St. Louis,", - bedroom community Jackson has a small town feel and they are very proud they are not .   Compared to their close neighbor , Jackson has little industry .   Jackson High School is bigger than the Cape HS because it draws from west into the county .   There is a huge rivalry with .   Jackson is also the County seat .",Named neighborhood
398,407,1743,https://districtr.org/COI/31528,coi,LWSTL - Jackson School District,"Jackson School District - Even though Jackson MO is a smaller town in Missouri, it has a very large school district because it draws from a big area of Cape Girardeau County.  This community wants quality education for their kids to enable them to go anywhere in there future.  Sports are a large part of the school as is music. ","Even though Jackson MO is a smaller town in Missouri, it has a very large school district because it draws from a big area of Cape Girardeau County.  This community wants quality education for their kids to enable them to go anywhere in there future.  Sports are a large part of the school as is music.",Jackson School District,1.0,St. Louis,"Jackson School District - Even though Jackson MO is a smaller town in , it has a very large school district because it draws from a big area of .   This community wants quality education for their kids to enable them to go anywhere in there future .   Sports are a large part of the school as is music .",K-12 Education
399,408,1744,https://districtr.org/COI/31529,coi,Farmland,Cattle and Turkey barns. Row crops along the river. Prone to flooding when Bagnell Dam opens the gates to prevent flooding the Lake.  There is a diverse divide between the haves and the have nots. Most shop in Eldon or Osage beach.,Cattle and Turkey barns. Row crops along the river. Prone to flooding when Bagnell Dam opens the gates to prevent flooding the Lake.  There is a diverse divide between the haves and the have nots. Most shop in Eldon or Osage beach.,Farmland,1.0,Eldon,Cattle and barns . Row crops along the river . Prone to flooding when Bagnell Dam opens the gates to prevent flooding the .   There is a diverse divide between the haves and the have nots . Most shop in or .,Agriculture
400,417,1759,https://districtr.org/COI/31609,coi,Parkview High School Community SGF,This is the larger area of Parkview High School. Nearly all of the people in this area go or went to the high school and many of them stay in the area. There is a super nice park and pool around the high school that serves as a gathering area for family and community events. There is also public transportation to the area and in the center of town so a lot of accessibility to the area. It connects the eastern and western sides of the center of Springfield together. ,,Parkview High School Community Springfield,1.0,Springfield,This is the larger area of Parkview High School . Nearly all of the people in this area go or went to the high school and many of them stay in the area . There is a super nice park and pool around the high school that serves as a gathering area for family and community events . There is also public transportation to the area and in the center of town so a lot of accessibility to the area . It connects the eastern and western sides of the center of together .,Community engagement
401,418,1760,https://districtr.org/COI/31613,coi,Bevo/Carondelet/13th&14th Ward ,,"This community has a large working class population with a mixture of mixed-home, single homes. A lot of rehabbing and development is happening. 

We've  lost some metro lines so access to public transit is limited with walks up to a mile for the bus. 

Many languages are spoken like English, Spanish, and Bosnian. ",Bevo/Carondelet/13th&14th Ward ,1.0,St. Louis City,,Unknown
402,419,1761,https://districtr.org/COI/31638,coi,Emma's Map of Lake Lotawana,"This map includes restaurants, small grocery stores, elementary schools, and other places folks in Lake Lotawana visit on a regular basis. ","This map includes restaurants, small grocery stores, elementary schools, and other places folks in Lake Lotawana visit on a regular basis. ",Emma's Map of Lake Lotawana,1.0,Jackson,"This map includes restaurants , small grocery stores , elementary schools , and other places folks in visit on a regular basis .",Family and Children
403,420,1762,https://districtr.org/COI/31642,coi,Map of Blue Springs / Lake Lotawana,"This is a larger map of how the communities of Lake Lotawana and Blue Springs interact. Blue Springs has larger restaurants, grocery stores, and big box stores where folks from Lake Lotawana regularly shop. This also includes Blue Springs South high school, where many residents of Lake Lotawana attend school.","This is a larger map of how the communities of Lake Lotawana and Blue Springs interact. Blue Springs has larger restaurants, grocery stores, and big box stores where folks from Lake Lotawana regularly shop. This also includes Blue Springs South high school, where many residents of Lake Lotawana attend school.",Emma's Map of Blue Springs / Lake Lotawana,1.0,Jackson,"This is a larger map of how the communities of and interact . has larger restaurants , grocery stores , and big box stores where folks from regularly shop . This also includes Blue Springs South high school , where many residents of attend school .",Community engagement
404,421,1763,https://districtr.org/COI/31643,coi,Lake Lotawana / Blue Springs / Lee's Sum,"This is a broad map of the general roadways folks in this part of the state travel daily -- this map encompasses the majority of shopping areas, residential areas, and schools folks in Lake Lotawana and Blue Springs regularly visit. ","This is a broad map of the general roadways folks in this part of the state travel daily -- this map encompasses the majority of shopping areas, residential areas, and schools folks in Lake Lotawana and Blue Springs regularly visit. ",Lake Lotawana / Blue Springs / Lee's Summit,1.0,Jackson,"This is a broad map of the general roadways folks in this part of the state travel daily -- this map encompasses the majority of shopping areas , residential areas , and schools folks in and regularly visit .",Diversity
405,422,1764,https://districtr.org/COI/31647,coi,Lake Lotawana Proper,"This is the community of Lake Lotawana -- it's very tight knit, so this is just mostly the residential area plus some small stores/restaurants/bars that folks frequent.","This is the community of Lake Lotawana -- it's very tight knit, so this is just mostly the residential area plus some small stores/restaurants/bars that folks frequent.",Lake Lotawana Proper,1.0,Jackson,"This is the community of -- it 's very tight knit , so this is just mostly the residential area plus some small stores / restaurants / bars that folks frequent .",Community engagement
406,423,1765,https://districtr.org/COI/31661,coi,Derossett Springfield MO community map,"My home, many of my friends, my children's schools, church, work, and most of the places I go for shopping or entertainment are located in the map area, all primarily in central Springfield.  This area contains some of the most important cultural amenities, the two largest hospital systems, and some of the oldest neighborhoods in the city, many of which are historically strong or recently revitalizing.  Many of the city's most engaged neighborhood associations are active in this area. There are some significant social class distinctions, but there seems to be a fairly strong central city identity.  The population here is diverse.  ","My home, many of my friends, my children's schools, church, work, and most of the places I go for shopping or entertainment are located in the map area, all primarily in central Springfield.  This area contains some of the most important cultural amenities, the two largest hospital systems, and some of the oldest neighborhoods in the city, many of which are historically strong or recently revitalizing.  Many of the city's most engaged neighborhood associations are active in this area. There are some significant social class distinctions, but there seems to be a fairly strong central city identity.  The population here is diverse.   
 ",Community 1,1.0,Springfield,"My home , many of my friends , my children 's schools , church , work , and most of the places I go for shopping or entertainment are located in the map area , all primarily in central .   This area contains some of the most important cultural amenities , the two largest hospital systems , and some of the oldest neighborhoods in the city , many of which are historically strong or recently revitalizing .   Many of the city 's most engaged neighborhood associations are active in this area . There are some significant social class distinctions , but there seems to be a fairly strong central city identity .   The population here is diverse .  ",Community engagement
407,424,1768,https://districtr.org/COI/31682,coi,Sharon's Pleasant Valley/Claycomo map,Varied community--housing developments and commercial. Community takes care of one another. https://districtr.org/COI/31682,"This community encompasses a few smaller communities with their own governing bodies and culture. In Claycomo, the transition of who the trustees are on its governing body cause there to be changes to ordinances that are not always enforceable and not always well informed. Claycomo's funding relies a lot on the police who write speeding tickets along 435 and 35 and the Ford plant.
Pleasant Valley has a different governing body than Claycomo and a different feel as a community. Neighbors try to help each other, and the community support networks there have expanded during COVID. Pleasant Valley is also zone more commercially. ",Claycomo/Pleasant/Liberty,1.0,Pleasant Valley/Liberty,Varied community -- housing developments and commercial . Community takes care of one another . https://districtr.org/COI/31682,Diversity
408,425,1772,https://districtr.org/COI/31708,coi,LWVSTL - Parkway High Schools,Parkway High Schools - There are 4 Parkway high schools  They are in three different Senate Districts. South HS is in Dist 15. West HS is in Dist 26.  Central HS and North HS are in Dist 24.  By breaking up the school district into so many Senate districts it makes the Parkway community have less influence with their legislator.  The Parkway SD community wants to have quality schools that  prepare their kids for a successful future as contributing citizens. ,There are 4 Parkway high schools  They are in three different Senate Districts. South HS is in Dist 15. West HS is in Dist 26.  Central HS and North HS are in Dist 24.  By breaking up the school district into so many Senate districts it makes the Parkway community have less influence with their legislator.  The Parkway SD community wants to have quality schools that  prepare their kids for a successful future as contributing citizens.,Parkway High Schools,1.0,St. Louis,Parkway High Schools - There are 4 Parkway high schools   They are in three different Senate Districts . South HS is in Dist 15 . is in Dist 26 .   Central HS and are in Dist 24 .   By breaking up the school district into so many Senate districts it makes the community have less influence with their legislator .   The Parkway SD community wants to have quality schools that   prepare their kids for a successful future as contributing citizens .,K-12 Education
409,426,1773,https://districtr.org/COI/31711,coi,LWVSTL - Hanna Woods and Sorrento Spring," Hanna Woods Elem and Sorrento Springs Elem in Parkway SD - Hanna Woods Elem and Sorrento Springs Elem in the Parkway school district have a free and reduced lunch rate of 33% which puts them at the highest rate in that school district.  More than for other Pkwy elem schools, a greater number of families in these school communities will need assistance with childcare expenses, housing allowances, and may suffer from periodic food scarcity.  These schools are partly in Senate Dist 15 and partly in Senate District 24.  The other lower income community for the Parkway SD is farther north in Dist 24 which splits the influence of  lower-income families.  This community wants equity in their schools when compared to the other schools around them. ","Hanna Woods Elem and Sorrento Springs Elem in the Parkway school district have a free and reduced lunch rate of 33% which puts them at the highest rate in that school district.  More than for other Pkwy elem schools, a greater number of families in these school communities will need assistance with childcare expenses, housing allowances, and may suffer from periodic food scarcity.  These schools are partly in Senate Dist 15 and partly in Senate District 24.  The other lower income community for the Parkway SD is farther north in Dist 24 which splits the influence of  lower-income families.  This community wants equity in their schools when compared to the other schools around them.",Hanna Woods Elem and Sorrento Springs Elem in Parkway SD,1.0,St. Louis,"  Hanna Woods Elem and Sorrento Springs Elem in Parkway SD - Hanna Woods Elem and Sorrento Springs Elem in the school district have a free and reduced lunch rate of 33 % which puts them at the highest rate in that school district .   More than for other Pkwy elem schools , a greater number of families in these school communities will need assistance with childcare expenses , housing allowances , and may suffer from periodic food scarcity .   These schools are partly in Senate Dist 15 and partly in Senate District 24 .   The other lower income community for the Parkway SD is farther north in which splits the influence of   lower - income families .   This community wants equity in their schools when compared to the other schools around them .",Vulnerable populations
410,427,1776,https://districtr.org/COI/31714,coi,LWVSTL - Ross and Craig Elem - PkwaySD,"Ross Elementary and Craig Elementary schools in the Parkway school district have a free and reduced lunch rate of 30% which puts them near the highest in that school district.  More than for other Pkwy elem schools, a greater number of families in these school communities will need assistance with childcare expenses, housing allowances, and may suffer from periodic food scarcity.  The biggest renter density is along Page Ave and FeeFee Rd.  This community is in Dist 24 but the other lower income community for the Parkway SD is in Dist 15 which lessens the influence of these lower-income families.  This community wants equity in their schools when compared to the other schools around them. ","Ross Elementary and Craig Elementary schools in the Parkway school district have a free and reduced lunch rate of 30% which puts them near the highest in that school district.  More than for other Pkwy elem schools, a greater number of families in these school communities will need assistance with childcare expenses, housing allowances, and may suffer from periodic food scarcity.  The biggest renter density is along Page Ave and FeeFee Rd.  This community is in Dist 24 but the other lower income community for the Parkway SD is in Dist 15 which lessens the influence of these lower-income families.  This community wants equity in their schools when compared to the other schools around them.
",Ross and Craig Elementary School - Parkway SD,1.0,St. Louis,"Ross Elementary and Craig Elementary schools in the school district have a free and reduced lunch rate of 30 % which puts them near the highest in that school district .   More than for other Pkwy elem schools , a greater number of families in these school communities will need assistance with childcare expenses , housing allowances , and may suffer from periodic food scarcity .   The biggest renter density is along Page Ave and .   This community is in Dist 24 but the other lower income community for the Parkway SD is in Dist 15 which lessens the influence of these lower - income families .   This community wants equity in their schools when compared to the other schools around them .",Vulnerable populations
411,428,1785,https://districtr.org/COI/31731,coi,LWVSTL - Kirkwood ,"Kirkwood MO - Kirkwood is a suburb of St Louis along I44 mostly inside the I270 loop.  It has a downtown community that is walkable.  It has an area with box stores as well, that is located further south along Kirkwood Rd.  The community has a single high school and a community college.   People in this community want balance.  Most of this community is in Senate Dist 15, but a few are in Senate District 1. ","Kirkwood is a suburb of St Louis along I44 mostly inside the I270 loop.  It has a downtown community that is walkable.  It has an area with box stores as well, that is located further south along Kirkwood Rd.   The community has a single high school and a community college. People in this community want a balance.  Most of this community is in Senate Dist 15, but a few are in Senate District 1.
","Kirkwood, MO",1.0,St. Louis,"Kirkwood MO - Kirkwood is a suburb of along mostly inside the I270 loop .   It has a downtown community that is walkable .   It has an area with box stores as well , that is located further south along .   The community has a single high school and a community college .    People in this community want balance .   Most of this community is in Senate Dist 15 , but a few are in Senate District 1 .",Suburbs
412,429,1781,https://districtr.org/COI/31735,coi,Meacham Park - SD1 ,"After Kirkwood annexed this African-American community, residents have complained of discrimination and neglect. A TIF project in the 1990s took many homes for development of a retail complex with a popular Target store. Tensions grew after a resident shot and killed several people at Kirkwood city hall in 2008.  This area and This area and a small area west of Kirkwood Road are in SD1 and not SD15 with most of the rest of Kirkwood.","After Kirkwood annexed this African-American community, residents have complained of discrimination and neglect. A TIF project in the 1990s took many homes for development of a retail complex with a popular Target store. Tensions grew after a resident shot and killed several people at Kirkwood city hall in 2008.  This area and This area and a small area west of Kirkwood Road are in SD1 and not SD15 with most of the rest of Kirkwood.",Meacham Park - SD1,1.0,Webster Groves,"After Kirkwood annexed this African - American community , residents have complained of discrimination and neglect . A TIF project in the 1990s took many homes for development of a retail complex with a popular Target store . Tensions grew after a resident shot and killed several people at hall in 2008 .   This area and This area and a small area west of Kirkwood Road are in SD1 and not SD15 with most of the rest of .",Named neighborhood
413,430,1782,https://districtr.org/COI/31738,coi,Mary's Map of Edgerton and Ridgely ,"Rural area that has changed over the years. It was once dominated by large farms and was a mostly working class community. Over the years, it has changed from increasing housing construction and demographically to more affluent people. ","Edgerton has changed and altered over the 45 years you've been there--it went from big farms (200-500 acres) to smaller farms (5-20 acres). New houses being built that are big and abundant. This reflects a demographic change from working class to more affluent. This community is very conservative in ideological views. Not many kids live out here anymore. Sam Graves' brother lives up the road from me and buys up all the properties in the area that he can. A lot of evangelicals in this area. The roads are bad and they flood and internet access is poor; there is a high need for investment in infrastructure. Edgerton relies on schools in neighboring towns. 

N Barry Rd--House district 14--more Democrats and more liberal, lot of professionals. Couples in 40s to 60s and both work--kids in their teens and young adult. ",Edgerton/Ridgely,1.0,Edgerton,"Rural area that has changed over the years . It was once dominated by large farms and was a mostly working class community . Over the years , it has changed from increasing housing construction and demographically to more affluent people .",Community engagement
414,432,1796,https://districtr.org/COI/31744,coi, Transgender Community STL ,This map will show  important spaces for trans community in STL. Many of these are places where folks find others  like them. ,This map will show  important spaces for trans community in STL. Many of these are places where folks find others  like them. ,Important Spaces for Transgender Community in St. Louis,1.0,St Louis City  ,This map will show   important spaces for trans community in STL . Many of these are places where folks find others   like them .,Diversity
415,433,1789,https://districtr.org/COI/31745,coi,Jon Stratton,"Residents in this community attend church, shop for groceries, go to the doctor, eat at restaurants, and send their kids to school within the community boundaries.  Community concerns include better access to transportation and safer roadways. ","Residents in this community attend church, shop for groceries, go to the doctor, eat at restaurants, and send their kids to school within the community boundaries.  Community concerns include better access to transportation and safer roadways. ",North City to South City Corridor ,1.0,,"Residents in this community attend church , shop for groceries , go to the doctor , eat at restaurants , and send their kids to school within the community boundaries .   Community concerns include better access to transportation and safer roadways .",Family and Children
416,434,1793,https://districtr.org/COI/31750,coi,Darlene Steele ,A high density rental area with feeder elementary school to the area high school in close proximity to the only grocery store the Walmart Neighborhood Market. These is lots of foot traffic from neighbors walking to the store and unhoused folks. The park and pool are the   center of the neighborhood. ,A high density rental area with feeder elementary school to the area high school in close proximity to the only grocery store the Walmart Neighborhood Market. These is lots of foot traffic from neighbors walking to the store and unhoused folks. The park and pool are the   center of the neighborhood. ,Fassnight Park  Area,1.0,Springfield/Greene,A high density rental area with feeder elementary school to the area high school in close proximity to the only grocery store the Walmart Neighborhood Market . These is lots of foot traffic from neighbors walking to the store and unhoused folks . The park and pool are the    center of the neighborhood .,Named neighborhood
417,435,1794,https://districtr.org/COI/31753,coi,J Ward's Affton/Shrewsbury/Mapelwood,,"A mix of rental properties and older single-family residences.  Age of community member head of household likely 35-75 yo. Likely even distribution or Hourly/Profesionals/Retired.
Area dependent of proximity to light rail and other public transportation..",J. Ward's Affton/Shrewsbury/Mapelwood,1.0,St. Louis,,Unknown
418,436,1790,https://districtr.org/COI/31755,coi,Florissant Community-Aaron,Map of my community,Black and white neighborhood with a growing number of Black residents. There are a number of black families in the area. The White residents have mostly been in this area for some time. There are new businesses popping up. ,Florissant Community,1.0,Florissant,Map of my community,Named neighborhood
419,437,1791,https://districtr.org/COI/31756,coi,Daniel R St Joseph MO Midtown Community ,Map of Midtown Community for St Joseph MO ,"Midtown St joseph has a large collection of historical properties and older homes that have not been taken care of over the years. Leading to blight and increased crime. This area has a large percentage of low income rentals and abandoned properties. Also, Midtown neighborhoods were also the worst affected by redlining in the 1930s and 1940s. ",St Joseph MO Midtown Community ,1.0,Buchanan,Map of Midtown Community for St Joseph MO,Named neighborhood
420,438,1795,https://districtr.org/COI/31757,coi,John Hickey map,John Hickey's community map,"Webster Groves School District in St. Louis County.  High percent of families send their children to the public school.  The community also shares critical infrastructure including Highway 44 and major arterials including Brentwood Blvd, Watson, and Big Bend Blvd.",Community 1,1.0,St. Louis County,John Hickey 's community map,Community engagement
421,439,1792,https://districtr.org/COI/31758,coi,Parkdale Riverside Map,A large exburb made up mostly of retired middle class and those who work at the industrial buildings along the river. Has a couple of trailer parks and winding streets.,A large exburb made up mostly of retired middle class and those who work at the industrial buildings along the river. Has a couple of trailer parks and winding streets.,Parkdale-Walden,1.0,Platte,A large exburb made up mostly of retired middle class and those who work at the industrial buildings along the river . Has a couple of trailer parks and winding streets .,Named neighborhood
422,440,1798,https://districtr.org/COI/31760,coi,Shrewsbury/WebsterGroves/RockHill,,"# small to medium middle class suburban communities who share a school district. There are few non-English speakers. There is diverse housing, from inexpensive to expensive. Some in the community, because of gentrification, are struggling to be able to afford to remain here. Many small businesses  and restaurants, a few larger stores. There is access to the MetroLink, but public transportation is spotty often causing long commutes and many transfers to get to outlying areas.",Shrewsbury/Webster Groves/ Rock Hill,1.0,Shrewsbury/St. Louis,,Unknown
423,441,1987,https://districtr.org/COI/31761,coi,LWVSTL - SD10 POET - Laddonia Biofuel,"POET - Laddonia Biofuel Plant - The POET plant buys grain (mostly corn, but some milo) from the region’s farmers.  This community is affected by grain prices and the policies (tariffs) that affect food commodity trading with other countries. This is a farming community.  Assistance with maps from Kenneth Dunlap ","The POET plant buys grain (mostly corn, but some milo) from the regions farmers.  This community is affected by grain prices and the policies (tariffs) that affect food commodity trading with other countries. This is a farming community.",POET - Laddonia Biofuel plant,1.0,,"POET - Laddonia Biofuel Plant - The POET plant buys grain ( mostly corn , but some milo ) from the region ’s farmers .   This community is affected by grain prices and the policies ( tariffs ) that affect food commodity trading with other countries . This is a farming community .   Assistance with maps from Kenneth Dunlap",Agriculture
424,442,1799,https://districtr.org/COI/31762,coi,Margaret's Webster Groves Community Map,Map of my community and some of my concerns about it.,"Older residential neighborhood, many historic homes, has been home to working people and professionals, good schools that kids can walk to and nice parks. A community concern is that recent and planned development is designed to attract higher income people. New homes that are being built to replace modest ones are very large costing $600k+. This is happening throughout Webster including North Webster, a historic, predominately Black neighborhood, pushing home prices up and working people out. New business development, of which there is quite a bit, is also aimed at high income people. This is making my community of over 20 years, unaffordable for regular working families who have made Webster Groves their home for decades. 
",Middle of Webster Community,1.0,SAINT LOUIS,Map of my community and some of my concerns about it .,Community engagement
425,443,1988,https://districtr.org/COI/31766,coi,LWVSTL - POET - Macon Biofuel Plant,"POET - Macon Biofuel Plant - The POET plant buys grain (mostly corn, but some milo) from the region’s farmers.  This community is affected by grain prices and the policies (tariffs) that affect food commodity trading with other countries. This is a farming community.  Assistance with map from Kenneth Dunlap ","The POET plant buys grain (mostly corn, but some milo) from the regions farmers.  This community is affected by grain prices and the policies (tariffs) that affect food commodity trading with other countries. This is a farming community.",POET - Macon Biofuel Plant,1.0,,"POET - Macon Biofuel Plant - The POET plant buys grain ( mostly corn , but some milo ) from the region ’s farmers .   This community is affected by grain prices and the policies ( tariffs ) that affect food commodity trading with other countries . This is a farming community .   Assistance with map from Kenneth Dunlap",Agriculture
426,444,1800,https://districtr.org/COI/31767,coi,Kamille map of STL,school  district  is the same and same income levels,,Community 1,1.0,"St. Louis, MO",school   district   is the same and same income levels,K-12 Education
427,445,1804,https://districtr.org/COI/31769,coi,Darlene's other map,"low income high rental neighborhood which also reflects high crime and unhoused folded around Grant Beach Park bordered by Hwy 13 Kansas Expwy, Boonville Ave, Commercial St., and Chestnut Expwy. Weaver Elementary, Pipkin Middle. The Fairbanks provides some services to the low income residents. ","A high poverty, high rental neighborhood which also reflects high crime and unhoused folded around Grant Beach Park bordered by Hwy 13 Kansas Expwy, Boonville Ave, Commercial St., and Chestnut Expwy. Weaver Elementary, Pipkin Middle. The Fairbanks provides some services to the low income residents. ",Grant Beach Neighborhood,1.0,Springfield/ Greene,"low income high rental neighborhood which also reflects high crime and unhoused folded around Grant Beach Park bordered by Hwy 13 , Boonville Ave , , and Chestnut Expwy . Weaver Elementary , Pipkin Middle . The Fairbanks provides some services to the low income residents .",Vulnerable populations
428,446,1801,https://districtr.org/COI/31770,coi,Cheryl's North KC Map,,"The community has a lot of older folks living in it. It is still majority white but enclaves of immigrant communities and communities of color are starting to pop up. Those communities are still condensed into small enclaves (segregation). Example: Vietnamese restaurants are all in one area and it's by design. 

The neighborhood has political and racial tensions. Overall, it's a safe community that is nearby to local coffee shops and restaurants. 



",North KC,1.0,North Kansas City,,Unknown
429,447,1802,https://districtr.org/COI/31774,coi,LWVSTL - Mark Twain Lake Region,"Mark Twain Lake region - This community is a rural farming community.  This lake has little to no commercial business on its shoreline, so the businesses in the little towns around it supply fishing and boating needs.  ","This community is a rural farming community.  This lake has little to no commercial business on its shoreline, so the businesses in the little towns around it supply fishing and boating needs. ",Mark Twain Lake region,1.0,St. Louis,"Mark Twain Lake region - This community is a rural farming community .   This lake has little to no commercial business on its shoreline , so the businesses in the little towns around it supply fishing and boating needs .  ",Agriculture
430,448,1805,https://districtr.org/COI/31778,coi,West County Mall - SD15 LWVSTL,"New grocery stores  along Manchester Rd  are helping make up for declining sales in the mall, but residents are concerned about the economy. SD 15 takes an odd square out of SD24 north of Manchester. Parents appreciate high quality public schools and recently approved a bond issue, but many still pay to send students to  private or parochial school. Administrators will soon be moving from North Kirkwood Middle School to Meacham Park, closer to Nipher Middle School, the district's other junior high.  ","New grocery stores  along Manchester Rd  are helping make up for declining sales in the mall. SD 15 takes an odd square out of SD24 north of Manchester. Parents appreciate high quality public schools but many still pay to send students to  private or parochial school. Administrators will soon be moving from North Kirkwood Middle School to Meacham Park, closer to Nipher Middle School, the district's other junior high.  ",West County Mall - SD15 LWVSTL,1.0,Saint Louis,"New grocery stores   along Manchester Rd   are helping make up for declining sales in the mall , but residents are concerned about the economy . SD 15 takes an odd square out of SD24 north of . Parents appreciate high quality public schools and recently approved a bond issue , but many still pay to send students to   private or parochial school . Administrators will soon be moving from North Kirkwood Middle School to Meacham Park , closer to Nipher Middle School , the district 's other junior high .  ",Economy and Commerce
431,449,1806,https://districtr.org/COI/31780,coi,"Northland, Kansas City, Missouri",,"This is the Northland Area of Kansas City, Mo.
The areas about the Northland that concern me are about transportation and bike paths.
Even though there are bike paths in various areas of the northland, there are many subdivisions that do not have easy access to the bike paths because of large hills, traffic and no access paths. 
Ford is a large employer in the area, and there is no way to safely ride a bicycle to work as there are no safe access paths to the Ford Plant.
Also, transportation (busses) do not operate frequently on Sundays, enabling Northlanders to travel to the downtown areas.
North Kansas City has no food markets in its downtown area.","Northland, Kansas City, MO",1.0,Kansas City,,Unknown
432,450,1990,https://districtr.org/COI/31782 ,coi,LWVSTL - SD10 High Voltage Lines,Grain Belt Express High-Voltage Transmission Lines - The Grain Belt Express is the area that is being offered as a path for high-voltage electric lines to pass thru Missouri.  This is a rural community and these lines will mostly go over fields.  Many in the community do not want these lines to be on their land and do not want to allow access across their land to get to where the electric lines will run.  Assistance with map from Kenneth Dunlap. ,The Grain Belt Express is the area that is being offered as a path for high-voltage electric lines to pass thru Missouri.  This is a rural community and these lines will go over mostly fields.  Many in the community do not want these lines to be on their land and do not want to allow access across their land to get to where the electric lines will run.  Assistance with map from Kenneth Dunlap.,Grain Belt Express High-Voltage Transmission Lines,1.0,,Grain Belt Express High - Voltage Transmission Lines - The Grain Belt Express is the area that is being offered as a path for high - voltage electric lines to pass thru .   This is a rural community and these lines will mostly go over fields .   Many in the community do not want these lines to be on their land and do not want to allow access across their land to get to where the electric lines will run .   Assistance with map from Kenneth Dunlap .,Community engagement
433,451,1809,https://districtr.org/COI/31793,coi,LWVSTL - ADM Soybean Meal Plant - Mexico,"ADM Soybean Meal Plant in Mexico MO - This plant makes soybean oil.   It draws from farmers from far away (Booneville, Wentzville, Shelbina) because they pay prices above the grain elevator.  This mapmade with the assistance of Kenneth Dunlap. ","This plant makes soybean oil.   It draws from farmers from far away (Booneville, Wentzville, Shelbina) because they pay prices above the grain elevator.  This map made with the assistance of Kenneth Dunlap.",ADM Soybean Meal Plant ,1.0,St. Louis,"ADM Soybean Meal Plant in MO - This plant makes soybean oil .    It draws from farmers from far away ( , , ) because they pay prices above the grain elevator .   This mapmade with the assistance of Kenneth Dunlap .",Agriculture
434,452,1810,https://districtr.org/COI/31797,coi,Thomas Hill Coal Plant - SD18,Associated Electric Cooperative ran the Thomas Hill  coal power plant on Highway F in Clifton Hill.  Residents are concerned about the health effects from plant emissions. People in this area want better infrastructure and good-paying jobs. Agriculture is the major industry.,"Associated Electric Cooperative ran the 
Thomas Hill  coal power plant  on Highway F in Clifton Hill.  Residents are concerned about the health effects from plant emissions. People in this area want better infrastructure and good-paying jobs. Agriculture is the major industry.",Thomas Hill Coal Plant - SD18,1.0,Moberly,Associated Electric Cooperative ran the Thomas Hill   coal power plant on Highway F in .   Residents are concerned about the health effects from plant emissions . People in this area want better infrastructure and good - paying jobs . Agriculture is the major industry .,Agriculture
435,453,1812,https://districtr.org/COI/31805,coi,LWVSTL - Hog CAFO west of Sante Fe, Hog CAFO west of Sante Fe - The rural farming people of this community are burdened with the smell of this operation.  A CAFO brings some jobs but the  side effects on the environment (air and water) include potential contamination of public and private property resources.  Assistance with the map from Kenneth Dunlap. ,The rural farming people of this community are burdened with the smell of this operation.  A CAFO brings some jobs but the  side effects on the environment (air and water) include potential contamination of public and private property resources.  Assistance with the map from Kenneth Dunlap.,Hog CAFO west of Sante Fe,1.0,St. Louis,  Hog CAFO west of Sante Fe - The rural farming people of this community are burdened with the smell of this operation .   A CAFO brings some jobs but the   side effects on the environment ( air and water ) include potential contamination of public and private property resources .   Assistance with the map from Kenneth Dunlap .,Environment
436,454,1813,https://districtr.org/COI/31814,coi,LWVSTL - Hog CAFO North of Rush Hill,Hog CAFO North of Rush Hill - The rural farming people of this community are burdened with the smell of this operation.  A CAFO brings some jobs but the  side effects on the environment (air and water) include potential contamination of public and private property resources.  Assistance with the map from Kenneth Dunlap. ,"The rural farming people of this community are burdened with the smell of this operation.  A CAFO brings some jobs but the  side effects on the environment (air and water) include potential contamination of public and private property resources.  Assistance with the map from Kenneth Dunlap.
",Hog CAFO North of Rush Hill,1.0,St. Louis,Hog CAFO North of Rush Hill - The rural farming people of this community are burdened with the smell of this operation .   A CAFO brings some jobs but the   side effects on the environment ( air and water ) include potential contamination of public and private property resources .   Assistance with the map from Kenneth Dunlap .,Environment
437,455,1815,https://districtr.org/COI/31817,coi,LWVSTL - Hog CAFO at Rt D and Rt O,Hog CAFO at Rt D and Rt O - The rural farming people of this community are burdened with the smell of this operation.  A CAFO brings some jobs but the  side effects on the environment (air and water) include potential contamination of public and private property resources.  Assistance with the map from Kenneth Dunlap. ,"The rural farming people of this community are burdened with the smell of this operation.  A CAFO brings some jobs but the  side effects on the environment (air and water) include potential contamination of public and private property resources.  Assistance with the map from Kenneth Dunlap.
",Hog CAFO at Rt D and Rt O,1.0,St. Louis,Hog CAFO at Rt D and Rt O - The rural farming people of this community are burdened with the smell of this operation .   A CAFO brings some jobs but the   side effects on the environment ( air and water ) include potential contamination of public and private property resources .   Assistance with the map from Kenneth Dunlap .,Environment
438,456,1816,https://districtr.org/COI/31823,coi,LWVSTL - Hog CAFO at Rt T and Rt 15,Hog CAFO at Rt T and Rt 15 - The rural farming people of this community are burdened with the smell of this operation.  A CAFO brings some jobs but the  side effects on the environment (air and water) include potential contamination of public and private property resources.  Assistance with the map from Kenneth Dunlap. ,"The rural farming people of this community are burdened with the smell of this operation.  A CAFO brings some jobs but the  side effects on the environment (air and water) include potential contamination of public and private property resources.  Assistance with the map from Kenneth Dunlap.
",Hog CAFO at Rt T and Rt 15,1.0,St. Louis,Hog CAFO at Rt T and Rt 15 - The rural farming people of this community are burdened with the smell of this operation .   A CAFO brings some jobs but the   side effects on the environment ( air and water ) include potential contamination of public and private property resources .   Assistance with the map from Kenneth Dunlap .,Environment
439,457,1817,https://districtr.org/COI/31828,coi,LWVSTL - Sprock Farming Business,Sprock Farming Business - The community of farmers around the Sprock Farm do lots of business with this farm.  Area farmers sell grain to Sprock; sometimes he has better prices.  Area farmers  rent land to the Sprock's.  The Sprocks support the area with additional services like farm labor.  Sprock Influence is about a 10 mile radius from his farm.  Assistance with the map from Kenneth Dunlap. ,The community of farmers around the Sprock Farm do lots of business with this farm.  Area farmers sell grain to Sprock; sometimes he has better prices.  Area farmers  rent land to the Sprock's.  The Sprocks support the area with additional services like farm labor.  Sprock Influence is about a 10 mile radius from his farm.  Assistance with the map from Kenneth Dunlap.,Sprock Farming Business,1.0,St. Louis,Sprock Farming Business - The community of farmers around the Sprock Farm do lots of business with this farm .   Area farmers sell grain to Sprock ; sometimes he has better prices .   Area farmers   rent land to the Sprock 's .   The Sprocks support the area with additional services like farm labor .   Sprock Influence is about a 10 mile radius from his farm .   Assistance with the map from Kenneth Dunlap .,Community engagement
440,458,1826,https://districtr.org/COI/31862,coi,East Miner,"My community is predominately consist of Europeans and easy access to I-55.  There is an Elementary School in Miner MO, but no High School.  However, children in Miner have access to the Sikeston School bus system.  Miner has a beautiful convention center which allows all citizens from the region to use at a minimal fee.  Miner also has a Tourist Center.  ","I live in Miner MO.  I understand that there are 3% African Americans which make up 11.5% of Missourians.  There are 91% White citizens which make up 85% of Missourians and 4.1% Hispanics which make up 3.5% of Missourians.  

Thank you for considering this information.",East Miner,1.0,Sikeston,"My community is predominately consist of Europeans and easy access to I-55 .   There is an Elementary School in MO , but no High School .   However , children in have access to the Sikeston School bus system .   Miner has a beautiful convention center which allows all citizens from the region to use at a minimal fee .   Miner also has a Tourist Center .  ",Recreation and Tourism
441,459,1825,https://districtr.org/COI/31874,coi,Rita McGuire Community Map,"It's a mix of people of different ages, marital statuses, and children.  It's a very diverse place in my apartment complex.  The broader community is working-class to middle-class professionals.","It's a mix of people of different ages, marital statuses, and children.  It's a very diverse place in my apartment complex.  The broader community is working-class to middle-class professionals.",Green Hills,1.0,,"It 's a mix of people of different ages , marital statuses , and children .   It 's a very diverse place in my apartment complex .   The broader community is working - class to middle - class professionals .",Diversity
442,460,1830,https://districtr.org/COI/31893,coi,Marshall (Saline Co.) High School Map,"Marshall is the county seat of Saline County. It has four public elementary schools that feed into one public middle school and one public high school. It has one private Catholic school that teaches PK-8 that also feeds into one public high school. The only other high schools in the county are in Slater, Sweet Springs, and Malta Bend. However, there are numerous K-8 schools in many of the smaller communities across the county. The vast majority of those students all have the option of attending Marshall for high school--and most of them make that choice. This results in students living 20-30 miles away from school requiring transportation to and from Marshall. With recent budget cuts to school transportation, a bus driver hiring shortage, and increased infrastructure problems due to tremendous flooding in the area--such as highways being impassable and bridges perpetually under-construction (literally last summer you had to drive around Blackwater, Nelson, Arrow Rock to Slater to get into Marshall which took more than an hour for a trip that should have been 20 minutes).   Add to those transportation difficulties the fact that most locations outside of Marshall, Slater and Sweet Springs have no option for internet other than unreliable satellite internet and you see that students in the most remote rural communities do not have access to the resources they need to succeed.  ","Marshall is the county seat of Saline County. It has four public elementary schools that feed into one public middle school and one public high school. It has one private Catholic school that teaches PK-8 that also feeds into one public high school. The only other high schools in the county are in Slater, Sweet Springs, and Malta Bend. However, there are numerous K-8 schools in many of the smaller communities across the county. The vast majority of those students all have the option of attending Marshall for high school--and most of them make that choice. This results in students living 20-30 miles away from school requiring transportation to and from Marshall. With recent budget cuts to school transportation, a bus driver hiring shortage, and increased infrastructure problems due to tremendous flooding in the area--such as highways being impassable and bridges perpetually under-construction (literally last summer you had to drive around Blackwater, Nelson, Arrow Rock to Slater to get into Marshall which took more than an hour for a trip that should have been 20 minutes). 

Add to those transportation difficulties the fact that most locations outside of Marshall, Slater and Sweet Springs have no option for internet other than unreliable satellite internet and you see that students in the most remote rural communities do not have access to the resources they need to succeed.

",Marshall - (High School Choice),1.0,Marshall,"Marshall is the county seat of . It has four public elementary schools that feed into one public middle school and one public high school . It has one private Catholic school that teaches PK-8 that also feeds into one public high school . The only other high schools in the county are in Slater , Sweet Springs , and Malta Bend . However , there are numerous K-8 schools in many of the smaller communities across the county . The vast majority of those students all have the option of attending Marshall for high school -- and most of them make that choice . This results in students living 20 - 30 miles away from school requiring transportation to and from Marshall . With recent budget cuts to school transportation , a bus driver hiring shortage , and increased infrastructure problems due to tremendous flooding in the area -- such as highways being impassable and bridges perpetually under - construction ( literally last summer you had to drive around Blackwater , Nelson , to Slater to get into Marshall which took more than an hour for a trip that should have been 20 minutes ) .    Add to those transportation difficulties the fact that most locations outside of Marshall , Slater and Sweet Springs have no option for internet other than unreliable satellite internet and you see that students in the most remote rural communities do not have access to the resources they need to succeed .  ",Infrastructure
443,462,1838,https://districtr.org/COI/31903,coi,Rolla Economy,This is the community that lives in the Rolla area and relies on the Rolla economy to drive jobs and economic activity in the region.,,Rolla Economy,1.0,"Rolla, Phelps County",This is the community that lives in the Rolla area and relies on the Rolla economy to drive jobs and economic activity in the region .,Community engagement
444,464,1848,https://districtr.org/COI/31905,coi,St Louis/Jefferson County minimum wage ,Area close to St. Louis city dependent on a living minimum wage. ,,Community 1,1.0,St Louis,Area close to city dependent on a living minimum wage .,Cost of living
445,465,1839,https://districtr.org/COI/31906,coi,Bourbon MO Economy,"This map encompasses our community in Bourbon, MO.",This map includes the region of Missouri that all of these areas fall into an economic region that all work together for jobs and economy.,Bourbon Economy,1.0,Bourbon,"This map encompasses our community in , .",Named neighborhood
446,466,1840,https://districtr.org/COI/31911,coi,Otterville,"The towns of Otterville, Smithton, Syracuse and New Lebanon are surrounded by family farmland.  Residents in this general area are 20-40 minutes away from the nearest hospital. Their options are Sedalia, Marshall or Columbia. Because the tax base is minimal in these areas, there are local municipalities increasing the prices of utilities like water and gas to keep the towns running--these increased prices in towns with few jobs cause a considerable burden on the citizens. This area is a food desert--there is not a formal grocery store and there are only a handful of restaurants (one in Smithton, Otterville and Syracuse each) which limits how social people living in his remote area can be with one another. This makes it difficult to attract a younger population into the area. Keeping the towns alive is one of the main struggles these folks face, as well as farmers being able to make a living on the land that's been in their family for generations.","The towns of Otterville, Smithton, Syracuse and New Lebanon are surrounded by family farmland.  Residents in this general area are 20-40 minutes away from the nearest hospital. Their options are Sedalia, Marshall or Columbia. Because the tax base is minimal in these areas, there are local municipalities increasing the prices of utilities like water and gas to keep the towns running--these increased prices in towns with few jobs cause a considerable burden on the citizens. This area is a food desert--there is not a formal grocery store and there are only a handful of restaurants (one in Smithton, Otterville and Syracuse each) which limits how social people living in his remote area can be with one another. This makes it difficult to attract a younger population into the area. Keeping the towns alive is one of the main struggles these folks face.",Otterville Area,1.0,Marshall,"The towns of , , and are surrounded by family farmland .   Residents in this general area are 20 - 40 minutes away from the nearest hospital . Their options are , Marshall or Columbia . Because the tax base is minimal in these areas , there are local municipalities increasing the prices of utilities like water and gas to keep the towns running -- these increased prices in towns with few jobs cause a considerable burden on the citizens . This area is a food desert -- there is not a formal grocery store and there are only a handful of restaurants ( one in , and Syracuse each ) which limits how social people living in his remote area can be with one another . This makes it difficult to attract a younger population into the area . Keeping the towns alive is one of the main struggles these folks face , as well as farmers being able to make a living on the land that 's been in their family for generations .",Vulnerable populations
447,467,1841,https://districtr.org/COI/31912,coi,Cuba Economy,This community depends on Cuba and Steelville for their economy and jobs.,,Cuba Economy,1.0,"Bourbon, Crawford County",This community depends on and Steelville for their economy and jobs .,Economy and Commerce
448,468,1844,https://districtr.org/COI/31919,coi,Rolla,"This is the community in and around Rolla, as experienced by a current MST student.",,Rolla,1.0,"Rolla, Phelps County","This is the community in and around Rolla , as experienced by a current MST student .",Named neighborhood
449,469,1845,https://districtr.org/COI/31920,coi,Leslie's Columbia economic map,This community depends on Columbia for economic and medical support. ,"Columbia economic district. People in this area depend on the Columbia area for jobs, health care, etc. ",Community 1,1.0,Rolla,This community depends on Columbia for economic and medical support .,Community engagement
450,470,1846,https://districtr.org/COI/31924,coi,Waynesville economic area,This map contains areas including Waynesville and the area dependent on the Waynesville economy.,,Community 1,1.0,Rolla,This map contains areas including and the area dependent on the economy .,Economy and Commerce
451,471,1847,https://districtr.org/COI/31926,coi,Sullivan Hospital Population,This is the community that depends on the Sullivan hospital for emergency care. It is affected by Medicaid issues and lack of healthcare overall.,,Sullivan Hospital Population,1.0,"Bourbon, Crawford",This is the community that depends on the Sullivan hospital for emergency care . It is affected by Medicaid issues and lack of healthcare overall .,Vulnerable populations
452,472,1851,https://districtr.org/COI/31933,coi,Phelps County Hospital Community,"This is the community served by the Phelps County Hospital. They are affected by Medicaid, a lack of affordable insurance, and lack of access to healthcare.",,Phelps County Hospital Community,1.0,"Bourbon, Crawford County","This is the community served by the Phelps County Hospital . They are affected by Medicaid , a lack of affordable insurance , and lack of access to healthcare .",Vulnerable populations
453,473,1852,https://districtr.org/COI/31934,coi,Evan's Kansas city and Independence map,,Lower to middle income. A large amount of renters and a few owned houses.,Evan's Kansas City  and Independence map,1.0,Kansas City/Jackson,,Unknown
454,474,1854,https://districtr.org/COI/31936,coi,Independence--William Christman area,,Working and middle class community near William Christman high school. Community is near parks and green space and has restaurants nearby along 24 and 291 that the community frequents. ,William Christman Community,1.0,,,Unknown
455,475,1856,https://districtr.org/COI/31938,coi,Carly's Community,,"My community is primarily made up of middle-class families and young renters. My community's primary concerns would revolve around school funding, tax benefits for low to middle class families, and investments to improve the city. Some important topics of discussion would pertain to funding for improving public spaces, schools, and transportation.",Carly's Community,1.0,Independence/Jackson,,Unknown
456,476,1857,https://districtr.org/COI/31940,coi,Jeremiah's Community,,"This community consists of a diverse group of middle class families. We all share the same shops/entertainment areas. The Blue Ridge/Stadium area could use extensive funding/development, much like what the Rock-Island trail has brought to the area. The community meetings for this area would consist of issue related to the Blue Ridge area traffic/public transportation, as well as issues with the stadiums.",My Community,1.0,Independence,,Unknown
457,477,1860,https://districtr.org/COI/31954,coi,Tabitha's Community,,"This community represents where I grew up and places I have my most foundational memories. When I think of my community, I think of places I have been with my family or my friends. I feel comfortable in my community because of it's familiarity. Without my community and the spaces in it I truly don't think I would be the person I am today.",Tabitha's Community,1.0,Jackson,,Unknown
458,478,1861,https://districtr.org/COI/31957,coi,Land of the common man,"The northern section between Bus 54 and 54 Hwy contains  a school, several churches,  a few bars and boutiques along the lower Bagnell damn strip. There is also a grocery store that services most of HH and the northside of the Lake. The 2nd section just North of 42 has several retirement communities, some that are Section 8 housing. Further down 42, there is a golf course with nice homes, a bowling alley, A large complex of big box stores with a Hy-Vee, the main campus of School of the Osage along with a community park and ball field. Kaiser has several businesses as well as several Section 8 apartments that house a large part of the workforce. There is also part of the Lake of the Ozarks State Park, a spaceship, 2 suspension bridges and farmland clear through Brumley.","The northern section between Bus 54 and 54 Hwy contains  a school, several churches,  a few bars and boutiques along the lower Bagnell damn strip. There is also a grocery store that services most of HH and the northside of the Lake. The 2nd section just North of 42 has several retirement communities, some that are Section 8 housing. Further down 42, there is a golf course with nice homes, a bowling alley, A large complex of big box stores with a Hy-Vee, the main campus of School of the Osage along with a community park and ball field. Kaiser has several businesses as well as several Section 8 apartments that house a large part of the workforce. There is also part of the Lake of the Ozarks State Park, a spaceship, 2 suspension bridges and farmland clear through Brumley.",The land of the common man,1.0,Eldon,"The northern section between Bus 54 and 54 Hwy contains   a school , several churches ,   a few bars and boutiques along the lower Bagnell damn strip . There is also a grocery store that services most of HH and the northside of the . The 2nd section just North of 42 has several retirement communities , some that are Section 8 housing . Further down 42 , there is a golf course with nice homes , a bowling alley , A large complex of big box stores with a Hy - Vee , the main campus of School of the Osage along with a community park and ball field . Kaiser has several businesses as well as several Section 8 apartments that house a large part of the workforce . There is also part of , a spaceship , 2 suspension bridges and farmland clear through .",Community engagement
459,479,1863,https://districtr.org/COI/31959,coi,Gabe Glaser,,This is map of the places in my life that are meaningful to me.,Gabe Glaser's Community Connections,1.0,Independence,,Unknown
460,480,1864,https://districtr.org/COI/31963,coi,Lake Tapawingo + Waldo KC,,"Lake Tapawingo--A lot of parents with high school aged children live hear looking for a place to settle down and raise their families. There are two high schools, so there are a lot of highschoolers. LGBTQ friendly community--LGBTQ kids have opportunities here. 

Waldo--a lot of poorer families grow up and make their lives the best they can here. A lot of renters living in apartments. The community is kind--people talk to each other and help each other out. The housing and buildings are older, kind of outdated. Gentrification has not affected this community. ",Lake Tapawingo + Waldo KC,1.0,Jackson,,Unknown
461,481,1865,https://districtr.org/COI/31975,coi,Liberty and Excelsior,,"Community is spread out with lots of farming around the area. Close to a lot of highways but there is no public transit. People are overall friendly and neighborly. 

The area is kind of gentrified and it's segregated. McMansions can be less than a mile from poorly maintained apartment buildings where low-income residents live.",Liberty/Excelsior Springs,1.0,Liberty,,Unknown
462,482,1868,https://districtr.org/COI/32037,coi,"Mark,s Map",A diverse community that resonates the working class.,Our diverse community that resonates the working class.,Community 1 Mark's  Map,1.0,Lemay,A diverse community that resonates the working class .,Diversity
463,483,1919,https://districtr.org/COI/32058,coi,"Cherry and Oak Grove, Springfield MO","This is an interesting neighborhood of 65802. It differs quite significantly from other areas included in the zip code. It tends to appear more 'middle class' than other areas. I have always found it a bit interesting the diversity of those included in the zip. Overall, according to mapping, the needs seem to be quite similar economically to other neighborhoods, such as those on the north side of town. Racial demographics however are different.",,Oak Grove and Cherry Street,1.0,Springfield,"This is an interesting neighborhood of 65802 . It differs quite significantly from other areas included in the zip code . It tends to appear more ' middle class ' than other areas . I have always found it a bit interesting the diversity of those included in the zip . Overall , according to mapping , the needs seem to be quite similar economically to other neighborhoods , such as those on the north side of town . Racial demographics however are different .",Named neighborhood
464,484,1874,https://districtr.org/COI/32076,coi,Donnnelly Area Columbia,Donnelly Area Columbia,"Some families live in this area. Frequent police calls to some houses in the area. However, there is still a good deal of families and newer families (lower age) that live in this neighborhood. Starter homes/single child families. There are some retirees as well. 

Worley St park is nearby. If a community meeting was held -- it would be around trash pickup at Worley Street Park or new developments. ",Donnelly Area Columbia,1.0,Columbia,Donnelly Area Columbia,Named neighborhood
465,485,1886,https://districtr.org/COI/32131,coi,Tex's Map--Midtown KC,,"This community area straddles the city's dividing lines and is varied demographically in terms of race, income, and percentage of renters:owners. Overall, the community has smaller households--there are many single adults living with partners or roommates. There also is an increase of elementary-aged children in the area, indicating that young families are settling here. 
There are many single parents living in the community, so access to childcare and family-oriented activities are important to people here. Access to mental health care and community involvement/advocacy are also important to people in this area. 
",Trinity United Methodist Church--KC,1.0,Kansas City,,Unknown
466,486,1888,https://districtr.org/COI/32136,coi,Village of Tuscumbia in Miller County,Village of Tuscumbia is the county seat of Miller County but not the most densely populated area. ,"Agriculture, school, and nursing home provide only places of local employment.  Tuscumbia residents are largely self employed, commuting or retired/disabled. Single family home owners and renters.  Tuscumbia village is a trailer park, but many houses in the surrounding area identify as living in Tuscumbia.  No grocery stores, one restaurant, one gas station.  The river divides the community, but they all are considered park of the Tuscumbia community.  ",Tuscumbia / Miller,1.0,Tuscumbia,Village of is the county seat of but not the most densely populated area .,Community engagement
467,487,1890,https://districtr.org/COI/32140,coi,Libby Youman Community Map,Most people are middle-class and there are a lot of families.  People are slightly more progressive than the rest of the Northland.  The people in this area like public parks and other community gathering spaces.,Most people are middle-class and there are a lot of families.  People are slightly more progressive than the rest of the Northland.  The people in this area like public parks and other community gathering spaces.,KC Northland / Edge of Downtown,1.0,,Most people are middle - class and there are a lot of families .   People are slightly more progressive than the rest of the Northland .   The people in this area like public parks and other community gathering spaces .,Community engagement
468,488,1891,https://districtr.org/COI/32142,coi,Rapid Response Networks,,"The Rapid Response line often services community members in these areas. 

*Services include community support for visits from ICE, translation, and interpretation, know your rights information for engaging regularly with law enforcement like ICE. 

*Community members often have multi-generational households. 

*Community members often participate in programs and services provided by nearby community centers, organizations, and churches. 

*Some community members take the metro busses to the downtown ICE offices with no access to translation during the trip (unless provided with a ride-along person to help)",Rapid Response Network,1.0, City,,Unknown
469,489,1897,https://districtr.org/COI/32154,coi,Nomachot Adiang Community Map,"There are a lot of retirees and senior citizens in the area.  There is a large immigrant population relative to the rest of the Northland, especially people from Sudan.  People use the parks and outdoor community spaces.","There are a lot of retirees and senior citizens in the area.  There is a large immigrant population relative to the rest of the Northland, especially people from Sudan.  People use the parks and outdoor community spaces.",Gladstone / North of Riverside,1.0,Kansas City,"There are a lot of retirees and senior citizens in the area .   There is a large immigrant population relative to the rest of the Northland , especially people from .   People use the parks and outdoor community spaces .",Elderly
470,490,1895,https://districtr.org/COI/32155,coi,Eva's Little Community,"This is a portion of Southwest Columbia. Shifting from homeownership to a rental property area, because rent is a lucrative income in Columbia. That means a lot of things but specifically that the are is becoming more racially diverse. It is still an area that cost more to live in than other areas of Columbia. There is a combination of services covered by the city and county or privatized businesses because parts of it are considered outside of the city's jurisdiction. So there are no recycling stations and trash pickup varies on whether the city or a private company picks it up. Some commercial properties have started  going up but this is largely residential and residents work hard to keep it that way. Our polling place is moved around nearly every election cycle, which is extremely frustrating. ","Shifting from homeownership to a rental property area, because rent is a lucrative income in Columbia. That means a lot of things but specifically that the are is becoming more racially diverse. It is still an area that cost more to live in than other areas of Columbia. There is a combination of services covered by the city and county or privatized businesses because parts of it are considered outside of the city's jurisdiction. So there are no recycling stations and trash pickup varies on whether the city or a private company picks it up. Some commericial properties have started  going up but this is largely residential and residents work hard to keep it that way. Our polling place is moved around nearly every election cycle, which is extremely frustrating. ",My Neighborhood,1.0,Columbia,"This is a portion of . Shifting from homeownership to a rental property area , because rent is a lucrative income in . That means a lot of things but specifically that the are is becoming more racially diverse . It is still an area that cost more to live in than other areas of Columbia . There is a combination of services covered by the city and county or privatized businesses because parts of it are considered outside of the city 's jurisdiction . So there are no recycling stations and trash pickup varies on whether the city or a private company picks it up . Some commercial properties have started   going up but this is largely residential and residents work hard to keep it that way . Our polling place is moved around nearly every election cycle , which is extremely frustrating .",Cost of living
471,491,1898,https://districtr.org/COI/32164,coi,"Benton Stephens/Central Columbia, MO",A map of the Benton Stephens neighborhood.,"Second oldest incorporated area in Columbia. Common interests include community welfare and affordable housing, diversity, and quality of life concerns. Residents tend to be students, educators, working professionals, and the un-housed. Neighborhood and adjacent areas particularly susceptible to out-of-scale high-end redevelopment. Public transit used sparingly due to proximity to various institutions and businesses.",Benton Stephens Neigborhood,1.0,Columbia,A map of the neighborhood .,Named neighborhood
472,492,1900,https://districtr.org/COI/32166,coi,Lexi's Map ,,"Residential 
Many children living in this neighborhood
Several people in the neighborhood work over-night factory jobs
Social neighborhood
",Settler's Ridge ,1.0,Columbia,,Unknown
473,493,1899,https://districtr.org/COI/32168,coi,NORC - Jewish seniors,"A naturally occurring retirement community as recognized by the federal government composed of 41% renters. The district also has a substantial portion of (around 10% each) Blacks and Asian Americans. Interests include accessibility to medical services, healthcare, transportation.District includes the JCC, Jewish Federation, and Holocaust Museum. ","A naturally occurring retirement community as recognized by the federal government composed of 41% renters. The district also has a substantial portion of (around 10% each) Blacks and Asian Americans. Interests include accessibility to medical services, healthcare, transportation.",NORC - Jewish seniors,1.0,,"A naturally occurring retirement community as recognized by the federal government composed of 41 % renters . The district also has a substantial portion of ( around 10 % each ) Blacks and Asian Americans . Interests include accessibility to medical services , healthcare , transportation . District includes the , , and Holocaust Museum .",Elderly
474,494,1901,https://districtr.org/COI/32171,coi,Phillip Wilson Community Map,It is an economically mixed community of mostly working people.  The neighborhood is chaning and there are more progressive people moving in.,It is an economically mixed community of mostly working people.  The neighborhood is chaning and there are more progressive people moving in.,Lake Waukomis,1.0,Kansas City,It is an economically mixed community of mostly working people .   The neighborhood is chaning and there are more progressive people moving in .,Diversity
475,495,1902,https://districtr.org/COI/32187,coi,St Luke's/Maryville,"A highly affluent area that is 2-3x the state avg household income, majority composed of homeowners surrounding the St. Luke's and Maryville campuses. A substantial portion of young professional families. Concerned about taxes, schools, infrastructure, and traffic.  ","A highly affluent area that is 2-3x the state avg household income, majority composed of homeowners surrounding the St. Luke's and Maryville campuses. A substantial portion of young professional families. Concerned about taxes, schools, infrastructure, and traffic.  ",St. Luke's/ Maryville campuses,1.0,,"A highly affluent area that is 2 - 3x the state avg household income , majority composed of homeowners surrounding the St. Luke 's and campuses . A substantial portion of young professional families . Concerned about taxes , schools , infrastructure , and traffic .  ",University
476,496,1903,https://districtr.org/COI/32203,coi,dennis' nbhd,,"suburban area, people commute to work all over the metro, diverse age wise but mostly white racially",dennis nbhd,1.0,Kansas City,,Unknown
477,497,1909,https://districtr.org/COI/32213,coi,Jeff Hayes Community Map,There are a lot of blue collar families in this community.  There are also a lot of single parent households and apartment buildings.  A lot of people work at the Ford plant in Claycomo and people who work at GM on the Kansas side.,There are a lot of blue collar families in this community.  There are also a lot of single parent households and apartment buildings.  A lot of people work at the Ford plant in Claycomo and people who work at GM on the Kansas side.,Liberty/Claycomo/Pleasant Valley,1.0,Liberty,There are a lot of blue collar families in this community .   There are also a lot of single parent households and apartment buildings .   A lot of people work at the Ford plant in Claycomo and people who work at GM on the side .,Named neighborhood
478,498,1911,https://districtr.org/COI/32224,coi,Matthew Applebury Community Map #1,This community is lower to middle income.  There are a lot of houseless people in the community.  There is a central shopping district on Northeast Chouteau.,This community is lower to middle income.  There are a lot of houseless people in the community.  There is a central shopping district on Northeast Chouteau.,Avondale,1.0,Kansas City,This community is lower to middle income .   There are a lot of houseless people in the community .   There is a central shopping district on .,Vulnerable populations
479,499,1912,https://districtr.org/COI/32228,coi,Matthew Applebury Community Map #2,This community has a lot of students.  It is a diverse community.  It tends to working to middle class.  There are a lot of young adults.  There are also a lot of international students who live around UMKC.,This community has a lot of students.  It is a diverse community.  It tends to working to middle class.  There are a lot of young adults.  There are also a lot of international students who live around UMKC.,Westport / UMKC,1.0,Kansas City,This community has a lot of students .   It is a diverse community .   It tends to working to middle class .   There are a lot of young adults .   There are also a lot of international students who live around UMKC .,Diversity
480,500,1913,https://districtr.org/COI/32236,coi,Letty's Gladstone Map,"Suburban, shaped by white flight","Gladstone is it's own community situated within the Northland. It was incorporated as it's own municipality in 1952 in order to stay white (imo). The population boomed up here after the 1968 Fair Housing Act and the riots that occurred in Kansas City. Before 1968, Black people in KC were redlined to the area between 6th and 31st, Troost and about Benton or Indiana Ave. Once they were able to move outside these boundaries, the Northland was shaped as a white flight neighborhood as white people left the city due to fears that housing values would go down as a result of integration. This history continues to shape this region as areas like Gladstone make efforts to assert themselves as separate from KC in both formal ways (having separate governing bodies) and in informal ways (for a long time people in this area would not go south of the river because they believed it was unsafe). ",Gladstone,1.0,Clay,"Suburban , shaped by white flight",Suburbs
481,502,1915,https://districtr.org/COI/32243,coi,Deacon Mike Lewis Community Map,There is growing diversity in this community.  The area is growing in population significantly.  It is a generally middle class area with some working-class people as well.  Most of the housing growth has been driven by apartments or retirement housing.,There is growing diversity in this community.  The area is growing in population significantly.  It is a generally middle class area with some working-class people as well.  Most of the housing growth has been driven by apartments or retirement housing.,KC Northland,1.0,Kansas City,There is growing diversity in this community .   The area is growing in population significantly .   It is a generally middle class area with some working - class people as well .   Most of the housing growth has been driven by apartments or retirement housing .,Diversity
482,503,1916,https://districtr.org/COI/32251,coi,Kyle Mac's Map,,Kansas City is home and the Crossroads/Westport territory is my creative and culinary insporation.,Community 1,1.0,Kansas City,,Unknown
483,504,1917,https://districtr.org/COI/32255,coi,Ladue/Frontenac Central,A portion of Ladue School District and private schools. Very focused on child education in public and private schools. Focus on traffic volume and have seen concerns on Clayton Road. Many residents are elderly but younger generation are moving in.,A portion of Ladue School District and private schools. Very focused on child education in public and private schools. Focus on traffic volume and have seen concerns on Clayton Road. Many residents are elderly but younger generation are moving in.,Ladue/Frontenac Central,1.0,St. Louis,A portion of Ladue School District and private schools . Very focused on child education in public and private schools . Focus on traffic volume and have seen concerns on Clayton Road . Many residents are elderly but younger generation are moving in .,K-12 Education
484,505,1920,https://districtr.org/COI/32266,coi,Frontenac Mall,"This shopping mall has been a goto places for senior citizens' indoor walking excercise place along with shopping, dining and entertainment. The mall is airconditioned and weather proof, and it is popular for elderlies for walking and strolling.","This shopping mall has been a goto places for senior citizens' indoor walking excercise place along with shopping, dining and entertainment. The mall is airconditioned and weather proof, and it is popular for elderlies for walking and strolling.",Frontenac Mall community,1.0,St. Louis,"This shopping mall has been a goto places for senior citizens ' indoor walking excercise place along with shopping , dining and entertainment . The mall is airconditioned and weather proof , and it is popular for elderlies for walking and strolling .",Elderly
485,506,1922,https://districtr.org/COI/32277,coi,Dave's Columbia map,,"Infrastructure, schools, ",Columbia,1.0,Columbia,,Unknown
486,507,1923,https://districtr.org/COI/32280,coi,Ferguson  Mo,"Mid to Low income community, concerns are healthy food choices policing and infrastructure. "," Mid to low income neighborhood Healthy Food options. Policing concerns and infrastructure
",Ferguson  ,1.0,St. Louis,"Mid to Low income community , concerns are healthy food choices policing and infrastructure .",Vulnerable populations
487,508,1924,https://districtr.org/COI/32281,coi,Villa Ridge Community,"There are actually 3 Villa Ridges:  1 CDP Census Designated Population 2 63089 Zip or Postal Code 2010 Census - Census Block Map A diverse community of rural and extra-urban people, wide range of ages, a church or 3, part of 2 different school districts and community college districts.","There are actually 3 Villa Ridges: 
1 CDP Census Designated Population
2 63089 Zip or Postal Code
2010 Census - Census Block Map
A diverse community of rural and extra-urban people, wide range of ages, a church or 3, part of 2 different school districts and community college districts.",Villa Ridge Community,1.0,VILLA RIDGE,"There are actually 3 Villa Ridges :   1 CDP Census Designated Population 2 63089 Zip or Postal Code 2010 Census - Census Block Map A diverse community of rural and extra - urban people , wide range of ages , a church or 3 , part of 2 different school districts and community college districts .",Named neighborhood
488,509,1926,https://districtr.org/COI/32285,coi,Susan's Lee's Summit area map,"Primarily single family residential but growing apartment homes. Light industry, retail/commercial and pockets of rural; 10,000+ acres to be developed over next 10 years. Primarily middle to upper middle class incomes. Issues of transit, pollution, sewage/waste water, and run-off as large new tracks of land are being developed.","Primarily single family residential but growing apartment homes. Light industry, retail/commercial and pockets of rural; 10,000+ acres to be developed over next 10 years. Primarily middle to upper middle class incomes. Issues of transit, pollution, sewage/waste water, and run-off as large new tracks of land are being developed.",Greater Lee's Summit school district,1.0,Lees Summit,"Primarily single family residential but growing apartment homes . Light industry , retail / commercial and pockets of rural ; 10,000 + acres to be developed over next 10 years . Primarily middle to upper middle class incomes . Issues of transit , pollution , sewage / waste water , and run - off as large new tracks of land are being developed .",Diversity
489,510,1925,https://districtr.org/COI/32286,coi,EW's Neighborhood,"All residents are in the Mehlville School District. Oakville Elementary is the public elementary school, although many families attend St. Francis for church and school. Mostly middle-class - mostly home owners, families and a lot of kids, as well as senior citizens. The bus runs along Telegraph, but most people drive their cars.","All residents are in the Mehlville School District. Oakville Elementary is the public elementary school, although many families attend St. Francis for church and school. Mostly middle-class - mostly home owners, families and a lot of kids, as well as senior citizens. The bus runs along Telegraph, but most people drive their cars.",EW's neighborhood,1.0,St. Louis,"All residents are in the Mehlville School District . Oakville Elementary is the public elementary school , although many families attend for church and school . Mostly middle - class - mostly home owners , families and a lot of kids , as well as senior citizens . The bus runs along Telegraph , but most people drive their cars .",Family and Children
490,511,1927,https://districtr.org/COI/32294,coi,Moniteau County,Moniteau County is a relatively pristine rural/farming area punctuated by the towns of Tipton and California. Many rural residents are small family farmers. Family farmers and town dwellers have been meeting about Confined animal feeding operations coming into the County  and our current State Mandated lack of control over the county's Health regulations.,"Moniteau County is a relatively pristine rural/farming area punctuated by the towns of Tipton and California. Many rural residents are small family farmers. Family farmers and town dwellers have been meeting about Confined animal feeding operations coming into the County
 and our current State Mandated lack of control over the county's Health regulations.",Moniteau County,1.0,Jamestown,is a relatively pristine rural / farming area punctuated by the towns of and . Many rural residents are small family farmers . Family farmers and town dwellers have been meeting about Confined animal feeding operations coming into the County   and our current State Mandated lack of control over the county 's Health regulations .,Community engagement
491,512,1928,https://districtr.org/COI/32295,coi,JohnGSMap1,All of those interacting with local businesses on our segment of Telegraph.,All of those interacting with local businesses on our segment of Telegraph.,JohnMap1,1.0,Saint Louis,All of those interacting with local businesses on our segment of Telegraph .,Community engagement
492,513,1931,https://districtr.org/COI/32302,coi,EW Map2,This community is comprised of the Mehlville School District with larger immigrant populations to the north.  The northern most areas have more home renters with home owners to the south.  Socioeconomics also change dramatically from the north to the south with more families relying on hourly wage employment to the north.  Most of the markets and grocery stores are located in the southern area as well.,This community is comprised of the Mehlville School District with larger immigrant populations to the north.  The northern most areas have more home renters with home owners to the south.  Socioeconomics also change dramatically from the north to the south with more families relying on hourly wage employment to the north.  Most of the markets and grocery stores are located in the southern area as well.  ,EW Map2,1.0,St.  Louis,This community is comprised of the Mehlville School District with larger immigrant populations to the north .   The northern most areas have more home renters with home owners to the south .   Socioeconomics also change dramatically from the north to the south with more families relying on hourly wage employment to the north .   Most of the markets and grocery stores are located in the southern area as well .,Community engagement
493,514,1930,https://districtr.org/COI/32308,coi,JohnGSMap2,"A community of students. UMSL helps to provide food, transportation, monetary aid, and access to electronics for those attempting to further their education.","A community of students. UMSL helps to provide food, transportation, monetary aid, and access to electronics for those attempting to further their education.",JohnMap2,1.0,Saint Louis,"A community of students . UMSL helps to provide food , transportation , monetary aid , and access to electronics for those attempting to further their education .",Community engagement
494,515,1932,https://districtr.org/COI/32315,coi,CW Map1,Oakville community of mostly home-owners that support the Oakville School system within the greater Mehlville School District. These citizens share the main Telegraph corridor caring for the businesses and transportation maintenance.,Oakville community of mostly home-owners and support the Oakville School system within the greater Mehlville School District. These citizens share the main Telegraph corridor caring for the businesses and transportation maintenance.,CW Map1,1.0,St.  Louis,Oakville community of mostly home - owners that support the Oakville School system within the greater Mehlville School District . These citizens share the main Telegraph corridor caring for the businesses and transportation maintenance .,Named neighborhood
495,516,1938,https://districtr.org/COI/32324,coi,CW Map2,"This represents most of South Saint Louis County and the common interests of local businesses, transportation maintenance, public schools, libraries, etc.","This represents most of South Saint Louis County and the common interests of local businesses, transportation maintenance, public schools, libraries, etc. ",CW Map2,1.0,St.  Louis,"This represents most of and the common interests of local businesses , transportation maintenance , public schools , libraries , etc .",Community engagement
496,517,1945,https://districtr.org/COI/32355,coi,#MRCC Hermann Hospital,"The highlighted areas are all part of a community that the closest hospital is in Hermann. For places like Owensville or Canaan at the southern end of Gasconade county, that means people are 30 minutes or more away from the nearest hospital. ",There is only one hospital in Gasconade county. It is the closest hospital to people in the highlighted area and even some beyond.,Hermann Hospital,1.0,Belle,"The highlighted areas are all part of a community that the closest hospital is in . For places like or Canaan at the southern end of , that means people are 30 minutes or more away from the nearest hospital .",Named neighborhood
497,518,1947,https://districtr.org/COI/32357,coi,#Mrcc Rolla Hospital,civilians in the highlighted area that need emergency care generally go to Rolla hospital,People in the highlighted area that need emergency room care generally have to be transported to the Rolla Hospital,Rolla Hospital,1.0,Belle,civilians in the highlighted area that need emergency care generally go to Rolla hospital,Vulnerable populations
498,519,1948,https://districtr.org/COI/32363,coi,"Running to the Walmart, need anything?","Belle, Bland, Surrounding areas highlighted - all of these communities have to travel to Owensville if they want to get to a Walmart so that they can get basics without going to half a dozen different stores for household staples. Lots of cattle farms and row crops with small communities peppered throughout. Mostly owner occupied. lots of generational ownership (multiple century farms)","Belle, Bland, Surrounding areas highlighted - all of these communities have to travel to Owensville if they want to get to a Walmart so that they can get basics without going to half a dozen different stores for household staples. Lots of cattle farms and row crops with small communities peppered throughout. Mostly owner occupied. lots of generational ownership (multiple century farms)","Have to run to the Walmart, need anything?",1.0,,", , Surrounding areas highlighted - all of these communities have to travel to if they want to get to a Walmart so that they can get basics without going to half a dozen different stores for household staples . Lots of cattle farms and row crops with small communities peppered throughout . Mostly owner occupied . lots of generational ownership ( multiple century farms )",Agriculture
499,520,1950,https://districtr.org/COI/32368,coi,HermVegas,The economy of the Hermann area is largely tourist driven. Most of the money comes from outside of the area that is spent in this community at these businesses. Many of the jobs are subsequently service industry related. The highways and amtrak are vital to this area.,The economy of the Hermann area is largely tourist driven. Most of the money comes from outside of the area that is spent in this community at these businesses. Many of the jobs are subsequently service industry related. The highways and amtrak are vital to this area.,HermVegas,1.0,Belle,The economy of the Hermann area is largely tourist driven . Most of the money comes from outside of the area that is spent in this community at these businesses . Many of the jobs are subsequently service industry related . The highways and amtrak are vital to this area .,Named neighborhood
500,521,2611,https://districtr.org/COI/32372,coi,BAyer/ Plant Sci,"Bayer campus and the Danforth Plant Science Center. Many employees live nearby. District is almost evenly split between owners and renters. Residents are concerned about education, and the immigrant families nearby are also concerned about immigration issues. ","Bayer campus and the Danforth Plant Science Center. Many employees live nearby. District is almost evenly split between owners and renters. Residents are concerned about education, and the immigrant families nearby are also concerned about immigration issues. ",Bayer/ Plant Sci Ctr,1.0,,"Bayer campus and the Danforth Plant Science Center . Many employees live nearby . District is almost evenly split between owners and renters . Residents are concerned about education , and the immigrant families nearby are also concerned about immigration issues .",Community engagement
501,522,1952,https://districtr.org/COI/32372,coi,Bayer,"Bayer campus and the Danforth Plant Science Center. Many employees live nearby. District is almost evenly split between owners and renters. Residents are concerned about education, and the immigrant families nearby are also concerned about immigration issues. ","Bayer campus and the Danforth Plant Science Center. Many employees live nearby. District is almost evenly split between owners and renters. Residents are concerned about education, and the immigrant families nearby are also concerned about immigration issues. ",Bayer/ Plant Sci Ctr,1.0,,"Bayer campus and the Danforth Plant Science Center . Many employees live nearby . District is almost evenly split between owners and renters . Residents are concerned about education , and the immigrant families nearby are also concerned about immigration issues .",Community engagement
502,523,1969,https://districtr.org/COI/32461,coi,John's Community,,"I consider my community to be roughly those residents living near Hickman High School and Columbia College.  This area also encompasses some some of the commercial areas of Business Loop.  Shared concerns include access to affordable housing, quality of public schools, and quality of solid waste municipal services.",My Community,1.0,Columbia,,Unknown
503,525,1975,https://districtr.org/COI/32486,coi,West Sikeston,The community needs laundry mats for the area. lack of transportation. lack of food resources(grocery stores). lack of educational resources for the youth. Not a lot of resources for the youth and adults.  No signs for bus routes for students.  ,"The community needs more resources for the children, transportation, tutor programs for youth(after school). mentor programs for the youth.  Population:  86.6 % blacks, 9.9% whites.  Voting:  87.1% blacks, 10 %  whites.",#mojwj West Sikeston,1.0,Sikeston/West end of Sikeston,The community needs laundry mats for the area . lack of transportation . lack of food resources(grocery stores ) . lack of educational resources for the youth . Not a lot of resources for the youth and adults .   No signs for bus routes for students .  ,Vulnerable populations
504,526,1976,https://districtr.org/COI/32486,coi,West End/Sikeston,,"The community needs more resources for the children, transportation, tutor programs for youth(after school). mentor programs for the youth.  Population:  86.6 % blacks, 9.9% whites.  Voting:  87.1% blacks, 10 %  whites.",#mojwj West Sikeston,1.0,Sikeston,,Unknown
505,527,1973,https://districtr.org/COI/32501,coi,"Jalishia, New Madrid Co. Sikeston ","On my community map i wanted to highlight the fact that my community is grouped with a high income class that is not reflective my the reality of my neighborhood. From Southwest St to Apache should not be included in the district it is in. My community need more resources such as a laundry mat, grocery store, car wash, diners. We could use strip for businesses. There is a ton of talent in this community but we have to leave our neighborhood and beg for a position in other peoples establishments.","I live on the westend of sikeston, but under the ""Evaluation"" tab it shows the annual income is 50k-60k and this is not reflective of my community at all. It is more reflective of the East side communities of sikeston which is also highlighted in my district. I feel our community need more low income housing and mulit unit homes consisting of 3br and 4br homes. ","#mojwj Jalishia New Madrid Co. Sikeston, MO",1.0,Sikeston/New Madrid Co.,"On my community map i wanted to highlight the fact that my community is grouped with a high income class that is not reflective my the reality of my neighborhood . From Apache should not be included in the district it is in . My community need more resources such as a laundry mat , grocery store , car wash , diners . We could use strip for businesses . There is a ton of talent in this community but we have to leave our neighborhood and beg for a position in other peoples establishments .",Named neighborhood
506,528,1971,https://districtr.org/COI/32503,coi,LWVSTL - SD15 West & South Cities,"Cities of Des Peres, Ballwin, Valley Park, Fenton, Sunset Hills have more in common with neighboring communities in other districts than they do with Kirkwood. They are not as close to arts, local attractions (eg Magic House, Amtrak) and higher educational facilities, and less interest in their support than the residents of the eastern portion of SD 15. Some common concerns are above ground utilities, leaf collection, aging infrastructure with utility outages, an aging population and a need for affordable housing.  Input for this map was provided by Dorothy Lockard.","Cities of Des Peres, Ballwin, Valley Park, Fenton, Sunset Hills have more in common with neighboring communities in other districts than they do with Kirkwood. They are not as close to arts, local attractions (eg Magic House, Amtrak) and higher educational facilities, and less interest in their support than the residents of the eastern portion of SD 15. Some common concerns are above ground utilities, leaf collection, aging infrastructure with utility outages, an aging population and a need for affordable housing",LWVSTL - SD15 Western side,1.0,,"Cities of Des Peres , , , , have more in common with neighboring communities in other districts than they do with . They are not as close to arts , local attractions ( eg Magic House , Amtrak ) and higher educational facilities , and less interest in their support than the residents of the eastern portion of SD 15 . Some common concerns are above ground utilities , leaf collection , aging infrastructure with utility outages , an aging population and a need for affordable housing .   Input for this map was provided by Dorothy Lockard .",Cities
507,531,1982,https://districtr.org/COI/32519,coi,Northwest Sikeston,The community is not a back area. Right now the area lack transportation. This is the housing authorities area.,The community lacks transportation. It can use flexible transportation that benefits the community,"#mojwj Northwest Sikeston, MO",1.0,Sikeston,The community is not a back area . Right now the area lack transportation . This is the housing authorities area .,Community engagement
508,532,1980,https://districtr.org/COI/32542,coi,LWVSTL - SD15  Point of Sale Cities,"Kirkwood, Des Peres, Ballwin & Fenton are ""Group A"" cities in SD15. Currently, the revenues from a 1% sales tax in St. Louis County are distributed to unincorporated areas of the county as well as municipalities based on a formula. Group A cities retain the revenues generated within the city except for a portion which is shared with Group B cities. Group B cities, which include unincorporated areas of the county, pool their revenues and distributed them generally based on population.  Group A cities have been supportive of recent attempts to phase out the distribution formula so that cities imposing the additional tax retain all the revenues generated within the municipality.","Kirkwood, Des Peres, Ballwin & Fenton are ""Group A"" cities. Currently, the revenues from a 1% sales tax in St. Louis County are distributed to unincorporated areas of the county as well as municipalities based on a formula. Group A cities retain the revenues generated within the city except for a portion which is shared with Group B cities. Group B cities, which include unincorporated areas of the county, pool their revenues and distributed them generally based on population.  Group A cities have been supportive of recent attempts to phase out the distribution formula so that cities imposing the additional tax retain all the revenues generated within the municipality.",LWVSTL - SD15 Group A Point of Sale Cities,1.0,,"Kirkwood , , Ballwin & Fenton are "" Group A "" cities in SD15 . Currently , the revenues from a 1 % sales tax in are distributed to unincorporated areas of the county as well as municipalities based on a formula . Group A cities retain the revenues generated within the city except for a portion which is shared with Group B cities . Group B cities , which include unincorporated areas of the county , pool their revenues and distributed them generally based on population .   Group A cities have been supportive of recent attempts to phase out the distribution formula so that cities imposing the additional tax retain all the revenues generated within the municipality .",Cities
509,533,1981,https://districtr.org/COI/32544,coi,"John R Blvd/ Sikeston, MO",Family oriented neighborhood that needs more safety precautions put in place due to excessive speeding which has resulted in deaths and injuries.,"The neighborhood is family oriented, the information provided under the ""Evaluation"" tab is accurate. I feel that single family homes are needed in this community and income based apartments are needed badly. Speed bumps are needed on John R Blvd, kids play in this community a lot and people speed coming down the heel that has been the results of multiple deaths and injuries. A caution sign would help also.","John R Blvd, Sikeston, MO",1.0,Sikeston/Scott,Family oriented neighborhood that needs more safety precautions put in place due to excessive speeding which has resulted in deaths and injuries .,Named neighborhood
510,534,1983,https://districtr.org/COI/32555,coi,Will Henrickson Map 4 ,Kirksville is a small community in the NorthEast part of the state. ,"This is Kirksville MO, a small farming community, with one of Missouri's most esteemed colleges, Truman State. The population of Kirksville on average is about 17-18 thousand people with roughly 4600 students who flock to the town every fall. The community serves as the hub of North East Missouri mainly because there isn't much out there. Kirksville is surrounded by Micro communities that head to town to shop, sell their goods, and do things such as go to the doctor etc. 
Kirksville could be considered a poster child for rural MO, as it struggles with vast poverty, and is the hub of health care and education for this part of the state. What can be understood as a healthcare desert, is the locale of North East MO, Kirksville does have a hospital and an urgent care but many of the micro towns must come to Kirksville to receive this treatment. ",Kirksville ,1.0,Holts Summit ,is a small community in the part of the state .,Named neighborhood
511,535,2005,https://districtr.org/COI/32628,coi,District Map,"These are the places I frequent. Everything I need is in this bubble, except my job. I do not work in Columbia. ","It's a fairly busy neighborhood, that's growing more and more. They just added a new gas station, liquor store, new apartments and Moser's Grocery is being built right now. ",Merideth,1.0,Columbia,"These are the places I frequent . Everything I need is in this bubble , except my job . I do not work in .",Named neighborhood
512,536,2006,https://districtr.org/COI/32631,coi,Warrenton - SD10 LWVSTL,"This intersection gets a lot of traffic, both east-west truck traffic and people from St. Louis going to the capitol in Jefferson City. A new I-70 exit was recently built near an outlet mall that's on its last legs.  Several gas stations support the tax base of this area.  ","This intersection gets a lot of traffic, both east-west truck traffic and people from St. Louis going to the capitol in Jefferson City. A new I-70 exit was recently built near an outlet mall that's on its last legs.  Several gas stations support the tax base of this area. ",Warrenton - SD10 LWVSTL,1.0,St. Louis,"This intersection gets a lot of traffic , both east - west truck traffic and people from going to the capitol in . A new I-70 exit was recently built near an outlet mall that 's on its last legs .   Several gas stations support the tax base of this area .  ",Economy and Commerce
513,537,2008,https://districtr.org/COI/32635,coi,Kingdom City - SD10 LWVSTL,"This intersection of I-70 and Hwy 54 gets a lot of traffic, both east-west truck traffic and people from St. Louis going to the capitol in Jefferson City.  Several gas stations support the tax base of this area. Agriculture is the primary industry.","This intersection of I-70 and Hwy 54 gets a lot of traffic, both east-west truck traffic and people from St. Louis going to the capitol in Jefferson City.  Several gas stations support the tax base of this area. Agriculture is the primary industry.
",Kingdom City - SD10 LWVSTL,1.0,St. Louis,"This intersection of I-70 and Hwy 54 gets a lot of traffic , both east - west truck traffic and people from going to the capitol in .   Several gas stations support the tax base of this area . Agriculture is the primary industry .",Agriculture
514,538,2010,https://districtr.org/COI/32649,coi,Troy - SD10 LWVSTL,"Residents are concerned about traffic on Hwy 61.  Mercy Hospital does a good job serving area residents. The main industry is still agriculture, but the area is seeing increased development. ", This area is increasingly being developed. Residents are concerned about traffic on Hwy 61.  Mercy Hospital does a good job serving area residents. The main industry is still agriculture.  ,Hawk Point  - SD10 LWVSTL,1.0,St. Louis,"Residents are concerned about traffic on Hwy 61 .   Mercy Hospital does a good job serving area residents . The main industry is still agriculture , but the area is seeing increased development .",Agriculture
515,539,2012,https://districtr.org/COI/32654 ,coi,Troy - SD10 LWVSTL,"Residents are concerned about traffic on Hwy 61 (Avenue of the Saints connecting St. Louis and St. Paul, MN).  Residents are conservative and mask-averse.  Troy is the county seat for Lincoln County. Mercy Hospital Lincoln serves this area. The main industry is agriculture. Some info from the owner of Diamond Cafe in Silex.","Residents are concerned about traffic on Hwy 61 (Avenue of the Saints connecting St. Louis and St. Paul, MN).  Residents are conservative and mask-averse.  Troy is the county seat for Lincoln County. Mercy Hospital Lincoln serves this area. The main industry is  agriculture.  ",Troy - SD10 LWVSTL,1.0,St. Louis,"Residents are concerned about traffic on Hwy 61 ( Avenue of the Saints connecting and , MN ) .   Residents are conservative and mask - averse .   is the county seat for . Mercy Hospital Lincoln serves this area . The main industry is agriculture . Some info from the owner of Diamond Cafe in .",Agriculture
516,540,2015,https://districtr.org/COI/32656,coi,Hayti West Side,Poor drainage unsafe streets pot holes lots overgrown abandoned houses no police help  ,"population
White 57.9%
Black 39.6%

Income
lower 26k-30k

Home Owner
45% ownership
54.5%


",#mojwj west hayti,1.0,Hayti,Poor drainage unsafe streets pot holes lots overgrown abandoned houses no police help  ,Vulnerable populations
517,541,2013,https://districtr.org/COI/32657,coi,Monroe City - SD10 and SD18 - LWVSTL,Monroe City residents currently live in multiple counties and state senate districts. Residents care about transportation and commodity prices.  Residents go to Hannibal for most services ,Monroe City residents currently live in multiple counties and state senate districts. Residents care about transportation and commodity prices.  Residents go to Hannibal for most services ,Monroe City - SD10 and 18 LWVSTL,1.0,St. Louis,residents currently live in multiple counties and state senate districts . Residents care about transportation and commodity prices .   Residents go to for most services,Cost of living
518,542,2017,https://districtr.org/COI/32668,coi,south side Senath,There is a lot of people that are not listed in the map. There are not allowed the rights that we have. They don't have the resources that the people in the direst town has. There is not enough resources for the youth. There is not a lot of jobs. Jobs are very limited.,My communtiy  is a food desert (no grocery store or fresh fruits or vegetables available). The commercial part of town has been in decline my  entire life of 44 years and is riddled with abandoned buildings and  houses much of which I imagine is due to farming requiring fewer and fewer people to cultivate due to advances in the technology and machinery. The majority of the people who graduate leave the area and those like myself must commute to blytheville or paragould just to have sustained employement  to earn a living. There is an extreme shortage of jobs available in town.,#mojwj southside,1.0,Senath,There is a lot of people that are not listed in the map . There are not allowed the rights that we have . They do n't have the resources that the people in the direst town has . There is not enough resources for the youth . There is not a lot of jobs . Jobs are very limited .,Vulnerable populations
519,543,2018,https://districtr.org/COI/32694,coi,Karen Wright Community Map,"Half of the community is an industrial zone.  The other half consists of neighborhoods that are feeders for Parkville South High School.  It includes Riverside, Parkville, and some unincorporated Platte County.","Half of the community is an industrial zone.  The other half consists of neighborhoods that are feeders for Parkville South High School.  It includes Riverside, Parkville, and some unincorporated Platte County.",Riverside,1.0,Kansas City,"Half of the community is an industrial zone .   The other half consists of neighborhoods that are feeders for .   It includes Riverside , Parkville , and some unincorporated .",Named neighborhood
520,544,2019,https://districtr.org/COI/32697,coi,southside Hayti Heights,low income no police officers need resources and funding to build community and streets need own water system so  we dont have to buy water from city of Hayti abandoned buildings over grown lots no community involvement short staffed city hall,"The city boundary map is incorrectly drawn to divide Hayti and Hayti Heights

West side of South Mallory street is Hayti Heights and East side of Mallory is City of Hayti

West Main North side is Hayti and South side is Hayti Heights  
Deed Street West Side id Hayti Heights and East side up to West Main street is City of Hayti

Population

99% blacks
1% whites

Income
12k-15k

Homeownership

Renters 70%
Homeowners 30%

",#mojwjCommunity 1,1.0,Hayti Heights,low income no police officers need resources and funding to build community and streets need own water system so   we do nt have to buy water from city of Hayti abandoned buildings over grown lots no community involvement short staffed city hall,Vulnerable populations
521,545,2020,https://districtr.org/COI/32702,coi,#mojwj Southside,"The school system is great, but that is the only activity that the community have. There is not much of any type of recreational activities for the youth. There is not food stores.  You have to go to the next town over. ","11.54 % black
40% white
45 % hispanic
50% renters
50% home owners",# mojwj Southside,1.0,Senath,"The school system is great , but that is the only activity that the community have . There is not much of any type of recreational activities for the youth . There is not food stores .   You have to go to the next town over .",K-12 Education
522,546,2021,https://districtr.org/COI/32704,coi,Jordan's Map of Independence ,,"Centered on the square and near-by neighborhoods. Mixture of people who have lived here for multiple generations and new people moving in. The Square has been getting some refurbishing with new businesses and that is bringing new people into the area. For those of us who grew up out here, we remember when the majority storefronts out here were empty. It's good to see businesses in the historic buildings so that they are taken care of and not falling into disrepair, but some of them are too pricey for the people who live out here. 

There seems to be an even split of people who work in the area on the Square and up Noland and people who commute into downtown KC or Kansas.  

Since Independence is an older community (compared to other parts of the metro), roads, bridges, and buildings fall into disrepair. 
",Central Independence,1.0,Independence,,Unknown
523,548,2023,https://districtr.org/COI/32711,coi,Carol Adams Community Map,This is the urban part of the Northland compared to the more rural parts further north.  People identify with the school districts they are a part of.  The southern part of the area is more industrial.  There is shopping along 152 and around Vivian Road.,This is the urban part of the Northland compared to the more rural parts further north.  People identify with the school districts they are a part of.,KC Northland Core,1.0,Kansas City,This is the urban part of the Northland compared to the more rural parts further north .   People identify with the school districts they are a part of .   The southern part of the area is more industrial .   There is shopping along 152 and around Vivian Road .,Named neighborhood
524,549,2028,https://districtr.org/COI/32718,coi,Scott Blvd,Scott Blvd,"My community is made up of, mostly, working class people in their thirties and forties. Only one family has small children. My youngest is 13. It doesn't appear that many of us are home very often. We all seem to have more than one job. One of my biggest complaints is the waste management here. We definitely need roll carts. Every trash pick up, there's garbage in the streets and in people's yards because animals get into the bags or whatever. There's a few places you can walk to. There's two liquor stores, a mile apart from each other, in either direction. We also have a new gas station, car wash and one of the said liquor stores. They are rapidly building more apartments in that area, as well. I see people walking in the mornings and evenings. I tend to be out in the mornings, with other dog walkers. We had a garden last year but have been way to busy for that this year. However, the farmer's market is not too far but you've gotta drive there from our neighborhood. The city took out the bus stop in our area, which is unfortunate, especially now that there are more places to go in that neighborhood. It feels like a basic, normal, middleclass neighborhood. We don't go to church and I don't think our neighbors do either. We try to be on rivers and lakes anytime we have a free weekend. We used to grill outside and have friends and family over. We noticed the neighbors doing the same. COVID definitely changed that. We are all vaccinated but we still use caution.  I work in Fulton and have about a 45 minute commute. I think most of the people around me live and work in Columbia. We were pretty close with the neighbors that lived on the other side of our duplex but they just moved and bought a house. It's not a new development. I believe it was probably built sometime in the 80's and has had some renovations. We are renters. I wish we had a fenced in back yard but that's not going to happen until we buy our own home. It kind of feels like everyone living in these duplexes, looks at our housing as temporary, until we find what we want. They're pretty basic but functional. One thing that does bring us all together is our hatred of the trash system. ",Scott Blvd Neighborhood,1.0,Columbia,Scott Blvd,Named neighborhood
525,550,2025,https://districtr.org/COI/32722,coi,Kyle's Mom's Community,,Big thriving community. Lots of upper middle folks. The community has good schools and a college many locals attend. ,Liberty,1.0,Smithville,,Unknown
526,551,2029,https://districtr.org/COI/32726,coi,#mojwj south hayti heights,The map doesn't show the complete area of South Hayti Heights ,"The roads are bad 
No businesses 
Homes are ran down 
Dogs are running wild",#mojwj South Hayti Heights,1.0,Hayti Heights,The map does n't show the complete area of Hayti Heights,Named neighborhood
527,552,2026,https://districtr.org/COI/32728,coi,Kyle's Dad's Community ,,"Good town to grow up in. Has it's own schools. It's a rural community, and most people live on multiple acres of land. People up here like to do a lot of outdoor activities like 4 wheeling, backroad driving, tubing, and boating.

It takes a while for land to be developed for new businesses but more are finally starting to come in to the community.  A Walmart was supposed to be put in for 10 year and a Price Chopper ended up being built there instead. Most businesses are chains and local chains. The grocery store that was locally owned was sold to Constantino's.",Smithville,1.0,Smithville,,Unknown
528,553,2031,https://districtr.org/COI/32732,coi,Bree Bowen Shaw Neighborhood,"Shaw Neighborhood, City of St. Louis, Diverse area, near the Botanical Gardens","- Diverse area with people from all racial, socioeconomic, sexual orientations, ages
- Living by the Botanical Gardens & Tower Grove Park we have a lot of visitors from around the state & even out of state.
- Some of the highest city voter turnout in my neighborhood (Ward 8) and across Tower Grove Park (Ward 15)
- Very Civic minded residents; active in the community. 
- Home values have consistently risen over 20 years
- ",Bree Bowen Shaw Neighborhood,1.0,St. Louis,"Shaw Neighborhood , City of , Diverse area , near the Botanical Gardens",Named neighborhood
529,555,2037,https://districtr.org/COI/32744,coi,Penguin Park Community--North KC,,Diverse group of people of multi-racial backgrounds and cultures and young and old. There is a young community and elderly community who balance each other pretty well. The area is also balanced politically. This area is getting it's rebirth. The homes are built in the 50s and 60s and many homes still have original occupying elders whose kids have grown left the house. New families with elementary aged children are moving in as the older generation ages out and bringing new life to an aging community and revamping the old houses. ,Penguin Park Area--North KC,1.0,Kansas City,,Unknown
530,556,2041,https://districtr.org/COI/32773,coi,Farming Equipment Businesses,Businesses that sell farm equipment,Businesses that sell farm equipments,Farm Equipment Sellers,1.0,BOLIVAR,Businesses that sell farm equipment,Agriculture
531,557,2046,https://districtr.org/COI/32783,coi,Derrick's Map of Northland Community,,"A lot of blue collar workers who make low to mid income and most travel outside of the community to different parts of the metro. Mix of generations who live here, but it is starting to transition to more younger families. The community has gotten busier and more housing is being built, primarily apartments. There is a concern about building more rental housing rather than encouraging home ownership.",Northland,1.0,Clay,,Unknown
532,558,2047,https://districtr.org/COI/32784,coi,Grovespring Area Roads,"This community is all affected by roads around Grovespring that are in need of repair, including side roads and gravel roads.",,Community 1,1.0,"Grovespring, Wright County","This community is all affected by roads around Grovespring that are in need of repair , including side roads and gravel roads .",Infrastructure
533,559,2048,https://districtr.org/COI/32785,coi,South downtown,,"My neighborhood stretches between 44 and 64 and between Tucker and Grand. 
Lafayette Square is in here, with lost of historic houses and many gay people. I live right next to Jefferson, which is a racial divide, and so is Truman Parkway. It's important to me to define the neighborhood as including the Gate and other areas West of Jefferson, and East of Tucker. We need ways to unite this neighborhood. The bus runs down Jefferson, and that's also where the library and most of the stores are, so it draws parts of the neighborhood together. 
Parts of SLU are leaking into the neighborhood, and that's a factor for gentrification. We need to keep the neighborhood affordable.",South downtown,1.0,SAINT LOUIS,,Unknown
534,560,2051,https://districtr.org/COI/32789,coi,After-School Needs,"This community has a lack of after-school activities. It is a low-income, working class area so the parents need free or inexpensive after-school activities and alternative options for parents, especially for children ages 12-17. The lack of options has led to more drug use, bad decisions, and foster care.",,After-School Needs,1.0,"Lebanon, Laclede County","This community has a lack of after - school activities . It is a low - income , working class area so the parents need free or inexpensive after - school activities and alternative options for parents , especially for children ages 12 - 17 . The lack of options has led to more drug use , bad decisions , and foster care .",Vulnerable populations
535,561,2052,https://districtr.org/COI/32790,coi,"Low-income, working class Lebanon",This community around Lebanon doesn't have enough high-wage jobs. That hurts education locally because kids in this community have no local opportunities once they graduate.,,"Poor, working class Lebanon",1.0,"Lebanon, Laclede County",This community around does n't have enough high - wage jobs . That hurts education locally because kids in this community have no local opportunities once they graduate .,Community engagement
536,562,2054,https://districtr.org/COI/32792?portal,coi,Mann Cachement,"This is the neighborhood whose children are zoned to attend Mann Elementary SLPS. It includes immigrants and people born in the US, home owners and renters, students who walk, take the bus and are driven to school. While some families are wealthy, many face housing insecurity and food insecurity. ",,Community 1,1.0,St. Louis,"This is the neighborhood whose children are zoned to attend Mann Elementary SLPS . It includes immigrants and people born in the , home owners and renters , students who walk , take the bus and are driven to school . While some families are wealthy , many face housing insecurity and food insecurity .",Family and Children
537,563,2053,https://districtr.org/COI/32793,coi,Roads Near Maplecrest Elementary,This community is affected by roads near Maplecrest that need repair.,,Community 1,1.0,Lebanon,This community is affected by roads near that need repair .,Infrastructure
538,564,2056,https://districtr.org/COI/32794,coi,Hyde Park,"this is a community centered around Hyde Park, Salisbury Street and Clay Elementary School. It is a diverse community.",The community centers around Hyde Park and Salisbury Street,Hyde Park,1.0,St. Louis,"this is a community centered around , Salisbury Street and Clay Elementary School . It is a diverse community .",Diversity
539,565,2072,https://districtr.org/COI/32795,coi,Lindbergh School District,These folks all live within the Lindbergh School District. The district is the main reason people buy homes and raise families in this area. Ensuring that this group has unified representation is critical to securing the long-term health of the district and the families and children that rely on it. ,These folks all live within the Lindbergh School District. The district is the main reason people buy homes and raise families in this area. Ensuring that this group has unified representation is critical to securing the long-term health of the district and the families and children that rely on it. ,Lindbergh School District,1.0,,These folks all live within the Lindbergh School District . The district is the main reason people buy homes and raise families in this area . Ensuring that this group has unified representation is critical to securing the long - term health of the district and the families and children that rely on it .,Family and Children
540,566,2055,https://districtr.org/COI/32797,coi,Laclede County Affected by Roads,This community in Laclede County is affected by roads in need of repair.,,Community 1,1.0,"Lebanon, Laclede County",This community in is affected by roads in need of repair .,Infrastructure
541,567,2060,https://districtr.org/COI/32798,coi,Tower Grove and Grove Neighborhoods,"Encompasses residential areas and business districts that have seen dramatic growth and investment over past 10-15 years. Residents have shared interest in encouraging continued growth while protecting renters' rights and maintaining the affordability, density and diversity that made these areas thriving and desirable communities.","Encompasses residential areas and business districts that have seen dramatic growth and investment over past 10 years. Residents have shared interest in encouraging continued growth while protecting renters' rights and maintaining the affordability, density and diversity that made these areas thriving and desirable communities.",Tower Grove and Grove Neighborhoods,1.0,Saint Louis,"Encompasses residential areas and business districts that have seen dramatic growth and investment over past 10 - 15 years . Residents have shared interest in encouraging continued growth while protecting renters ' rights and maintaining the affordability , density and diversity that made these areas thriving and desirable communities .",Community engagement
542,568,2058,https://districtr.org/COI/32799,coi,Tower Grove Park Neighbors,This area is comprised of neighbors most likely to frequently visit Tower Grove Park for recreation with their families and to form local social connections. ,"This area is comprised of neighbors adjacent to Tower Grove Park , who are most likely to frequent it for recreation with their families to form social connections. ",Tower Grove Park Neighbors,1.0,St. Louis,This area is comprised of neighbors most likely to frequently visit Tower Grove Park for recreation with their families and to form local social connections .,Named neighborhood
543,569,2059,https://districtr.org/COI/32801,coi,Core Middle/Professional Class ,These are neighborhoods that are core middle class professional live in. Some parts have a large community of children/school aged adolescents. Many of the people that live in this area are young adults that have recently graduated college or are in the early years of their careers. This area is not composed of mainly working class young adults but adults that work in corporate or professional fields. They are also mainly renters since there aren't as many single family homes in this area. There are mainly apartment complexes and other available rentals #mojwj,These are neighborhoods that are core middle class professional live in. Some parts have a large community of children/school aged adolescents. Many of the people that live in this area are young adults that have recently graduated college or are in the early years of their careers. This area is not composed of mainly working class young adults but adults that work in corporate or professional fields. They are also mainly renters since there aren't as many single family homes in this area. There are mainly apartment complexes and other available rentals #mojwj,Core Middle/Professional Class City Neighborhood,1.0,Saint Louis,These are neighborhoods that are core middle class professional live in . Some parts have a large community of children / school aged adolescents . Many of the people that live in this area are young adults that have recently graduated college or are in the early years of their careers . This area is not composed of mainly working class young adults but adults that work in corporate or professional fields . They are also mainly renters since there are n't as many single family homes in this area . There are mainly apartment complexes and other available rentals # mojwj,Family and Children
544,570,2061,https://districtr.org/COI/32803,coi,Jeanette Schoenberg's  Neighborhood,This is the area I see as my neighborhood. Most of the houses are like mine 800 - 100 square feet. ,This is the area that I consider my immediate neighborhood. Most of the houses are like mine. ,My neighborhood,1.0,Saint Louis,This is the area I see as my neighborhood . Most of the houses are like mine 800 - 100 square feet .,Named neighborhood
545,571,2062,https://districtr.org/COI/32805,coi,North City St. Louis,This is North City St. Louis. It has historically been forgotten in the larger city and region. It is made up of strong people trying to renew their neighborhoods.,"This is a community that the city of St. Louis has historically deemed as unimportant or not worth saving. It is made up of  people who are trying to renew their communities.
",North City St. Louis,1.0,St. Louis/ St. Louis City,This is . It has historically been forgotten in the larger city and region . It is made up of strong people trying to renew their neighborhoods .,Named neighborhood
546,572,2063,https://districtr.org/COI/32806,coi,Greater Lebanon Area ,This community has roads that hurt vehicles because of poor maintenance.,,Community 1,1.0,"Lebanon, Laclede County",This community has roads that hurt vehicles because of poor maintenance .,Infrastructure
547,573,2064,https://districtr.org/COI/32808,coi,Affton School District,This is a close representation of the Affton School District. This is where I say I live when anyone ask what part of St Louis. ,This is close to the boundaries of the school district my son attends and I am involved. ,Affton School District,1.0,Saint Louis,This is a close representation of the Affton School District . This is where I say I live when anyone ask what part of .,Named neighborhood
548,574,2065,https://districtr.org/COI/32809,coi,Community Without Enough Jobs SWMO,"Some people in these areas can do manual labor to support their families, but there aren't enough jobs in these areas for people who cannot do manual labor.",,Community 1,1.0,"Lebanon, Laclede County","Some people in these areas can do manual labor to support their families , but there are n't enough jobs in these areas for people who can not do manual labor .",Family and Children
549,575,2067,https://districtr.org/COI/32810,coi,South Central St. Louis County,These communities share a similar cultural and socio-economic fabric. ,,Community 1,1.0,,These communities share a similar cultural and socio - economic fabric .,Culture
550,576,2070,https://districtr.org/COI/32812,coi,STL DSA Space & My Community,,"Within the Delmar Divide, right by some of the expensive living and on the other side parts of the city that has lacked major investment from the city. 

Very diverse area economically. 

Because of Trinity Episcopal Church, whenever STL DSA has meetings in the space, transient and unhoused folks come through for food, shelter, and community.

There is a metrolink station in the Cortex area, but is limited as it only goes East and West. 

Also home to the Neighborhood Security Imitative. Area secured by privately-owned The City's Finest. There is also a lot of public and private surveillance. 

Although a walkable neighborhood, the area does feel exclusive. 

There are immigrant-owned restaurants. 

Large amount of students because of SLU. ",STL DSA Space & My Community,1.0,St. Louis,,Unknown
551,577,2066,https://districtr.org/COI/32813,coi,Southwest St. Louis County,"This is a community of Webster Groves, Kirkwood,  Crestwood and Glendale. We all use the shopping areas around Lindbergh and 44 and our communities have smaller independent businesses as well. Kirkwood and Webster share a sports rivalry. All the cities are along the railway and use the Kirkwood Amtrak station. Each community has a mixture of old historic homes and more recent developments. ","This is a community of Webster Groves, Kirkwood,  Crestwood and Glendale. We all use the shopping areas around Lindbergh and 44 and our communities have smaller independent businesses as well. Kirkwood and Webster share a sports rivalry. All the cities are along the railway and use the Kirkwood Amtrak station. Each community has a mixture of old historic homes and more recent developments. ",SW Stl County,1.0,Saint Louis,"This is a community of Webster Groves , Kirkwood ,   Crestwood and . We all use the shopping areas around and 44 and our communities have smaller independent businesses as well . Kirkwood and Webster share a sports rivalry . All the cities are along the railway and use the station . Each community has a mixture of old historic homes and more recent developments .",Named neighborhood
552,578,2068,https://districtr.org/COI/32815,coi,Diverse Working Class Community,"This community is a diverse community of adults, children, and the elderly. It is also diverse racially and ethnically. Class wise, this community is mainly composed of working class individuals, service workers, and those that work minimum and low wage jobs. Since many inhabitants are working class workers, many are only able to rent opposed to owning property. #mojwj ","This community is a diverse community of adults, children, and the elderly. It is also diverse racially and ethnically. Class wise, this community is mainly composed of working class individuals, service workers, and those that work minimum and low wage jobs. Since many inhabitants are working class workers, many are only able to rent opposed to owning property. #mojwj ",Diverse Working Class Community,1.0,Saint Louis,"This community is a diverse community of adults , children , and the elderly . It is also diverse racially and ethnically . Class wise , this community is mainly composed of working class individuals , service workers , and those that work minimum and low wage jobs . Since many inhabitants are working class workers , many are only able to rent opposed to owning property . # mojwj",Diversity
553,579,2069,https://districtr.org/COI/32816,coi,St. Louis City Neighbors,"This area is comprised of residents within the boundaries of the city of St. Louis, Missouri; the residents of this community collectively utilize and support a school system, public safety, public transportation, city utilities, political/legislative functions, etc. ","This area is comprised of residents within the boundaries of the city of St. Louis, Missouri; the residents of this community collectively utilize and support a school system, public safety, public transportation, city utilities, political/legislative functions, etc. ",St. Louis City Neighbors,1.0,St. Louis,"This area is comprised of residents within the boundaries of the city of , ; the residents of this community collectively utilize and support a school system , public safety , public transportation , city utilities , political / legislative functions , etc .",Community engagement
554,580,2071,https://districtr.org/COI/32817,coi,Affton Community,This is what I think when someone says they live in Affton.,This is what I think of when some one says they live in Affton. ,Affton,1.0,Saint Louis,This is what I think when someone says they live in .,Named neighborhood
555,581,2074,https://districtr.org/COI/32819,coi,St. Louis City,"Residents have shared interests distinct from the surrounding region, including a shared school district, health department, public safety, and housing authority. Compared with surrounding area, residents tend to be younger, are likely to be less wealthy, and are more likely to rent. They also share vital infrastructure including public transit.","Residents have shared interests distinct from the surrounding region, including a shared school district, health department, public safety, and housing authority. Compared with surrounding area, residents tend to be younger, are likely to be less wealthy, and are more likely to rent. They also share vital infrastructure including public transit and utilities.",St. Louis City,1.0,Saint Louis,"Residents have shared interests distinct from the surrounding region , including a shared school district , health department , public safety , and housing authority . Compared with surrounding area , residents tend to be younger , are likely to be less wealthy , and are more likely to rent . They also share vital infrastructure including public transit .",Infrastructure
556,582,2075,https://districtr.org/COI/32822,coi,My Community,"This is where I live, socialize, and shop. It is not where I work. ","This is where I live, socialize, and shop. ",My Community,1.0,Saint Louis,"This is where I live , socialize , and shop . It is not where I work .",Named neighborhood
557,583,2076,https://districtr.org/COI/32823,coi,Community Without Broadband,"This community doesn't have broadband Internet access, and needs more Internet access.",,Community Without Broadband,1.0,"Bismarck, St. Francois County","This community does n't have broadband Internet access , and needs more Internet access .",Community engagement
558,584,2078,https://districtr.org/COI/32825,coi,Low-Income community in Lebanon,This community experiences poverty and has substandard housing for low-income people.,,Lebanon Poverty,1.0,"Bismarck, St. Francois County",This community experiences poverty and has substandard housing for low - income people .,Poverty
559,585,2081,https://districtr.org/COI/32832,coi,Leonard's North KC Map,,"Good neighborhood with friendly people. There is a mix of people who have lived here for 10+ years as well as people who are new to the neighborhood. It's diverse with people of different ages, and racial and ethnic backgrounds. ",North KC,1.0,Clay,,Unknown
560,586,2080,https://districtr.org/COI/32833,coi,Roads with Potholes SWMO,This community has a lot of potholes in the roads. I don't like it because I have to avoid the holes and unpaved areas. It is a safety issue.,,Community 1,1.0,"Lebanon, Laclede County",This community has a lot of potholes in the roads . I do n't like it because I have to avoid the holes and unpaved areas . It is a safety issue .,Infrastructure
561,587,2082,https://districtr.org/COI/32835,coi,South St. Louis Young and Progressive,"This is a map of gentrifying south St. Louis city, young and progressive.","Young, college educated, progressive, gentrifying, LGBTQ, urban, mixed race.  Proximity to farmers markets and dog parks is important.  School choice is a big issue for families.  Rising rents are important, especially for long-time renters.",Young and Progressive South St. Louis,1.0,Saint Louis,"This is a map of gentrifying south city , young and progressive .",Cities
562,588,2086,https://districtr.org/COI/32843,coi,Schools and Roads,This community's schools have more fights than normal. They need nicer teachers.  The roads are very curvy which causes motion sickness for a lot of people.,,Schools and Roads,1.0,"Lebanon, Laclede County",This community 's schools have more fights than normal . They need nicer teachers .   The roads are very curvy which causes motion sickness for a lot of people .,Violence
563,589,2087,https://districtr.org/COI/32847,coi,Greene County-Holland Neighborhood,"A map describing the makeup of the Holland Neighborhood in Springfield, who lives there and what defines the neighborhood's identity","East part of the Holland Neighborhood, bounded on all sides by arterial roads for an obvious boundary. Mostly middle-class, fairly ethnically diverse with a good mix between the young, generally MSU students, people with families, and older retirees. With a main bike and walking trail going through the district, there is heavy pedestrian traffic, people tend to know each other. Mc Daniel Park and South Creek trail along with the bike trails give the neighborhood a definite feel and identity. ",Greene-Holland Neighborhood,1.0,Springfield,"A map describing the makeup of the Holland Neighborhood in , who lives there and what defines the neighborhood 's identity",Named neighborhood
564,590,2091,https://districtr.org/COI/32850,coi,Sarah's neighborhood,"same school district, shared proximity to our park",,Tower Grove South & Surrounding Areas,1.0,St. Louis,"same school district , shared proximity to our park",K-12 Education
565,591,2088,https://districtr.org/COI/32853,coi,Not Enough Internet,"This community has only 1 option for Internet, which leads to high prices.",,Community 1,1.0,"Phillipsburg, Laclede County","This community has only 1 option for Internet , which leads to high prices .",Cost of living
566,593,2094,https://districtr.org/COI/32861,coi,Farming Around Lebanon,"This community is composed of farmers, and need access to feed. They are affected by the prices of grain and corn that they sell back, and the stuff they need to buy back to feed cattle.",,Community 1,1.0,Laclede,"This community is composed of farmers , and need access to feed . They are affected by the prices of grain and corn that they sell back , and the stuff they need to buy back to feed cattle .",Community engagement
567,594,2096,https://districtr.org/COI/32863,coi,Auto Insurance Affected Community,"This community worries about the price of auto insurance.  That is because of the potholes and the poorly maintained gravel roads, and that gravel leaks onto the asphalt and causes 85-90% of wrecks at the end of gravel roads and where there are sharp turns.",,Community 1,1.0,"Sleeper, Laclede County","This community worries about the price of auto insurance .   That is because of the potholes and the poorly maintained gravel roads , and that gravel leaks onto the asphalt and causes 85 - 90 % of wrecks at the end of gravel roads and where there are sharp turns .",Community engagement
568,596,2097,https://districtr.org/COI/32869,coi,Rural Internet Access,"This community needs broadband Internet to expand to families for Internet access for daily life: school, work, phone calls.",,Community 1,1.0,"Evergreen, Laclede County","This community needs broadband Internet to expand to families for Internet access for daily life : school , work , phone calls .",Community engagement
569,597,2101,https://districtr.org/COI/32873,coi,Lebanon Park Needs,Lebanon has a lot of young children without anything to do. The city is taking away all the parks and the kids don't have recreation. There's nothing in the parks that interests the teenagers to help them stay off drugs. They need to do something for the young people.,,Community 1,1.0,"Lebanon, Laclede County",has a lot of young children without anything to do . The city is taking away all the parks and the kids do n't have recreation . There 's nothing in the parks that interests the teenagers to help them stay off drugs . They need to do something for the young people .,Family and Children
570,598,2109,https://districtr.org/COI/32887,coi,Sarah's Map,,"These areas highlight my community of daycare parent get togethers. We frequent parks and nature areas with the kids, and local restaurants and bars for a fun night out.  Unfortunately, there have been changes in daycares due to the financial strain so our outings is what keeps us connected. ",Green Meadows Pre-k Parents,1.0,COLUMBIA,,Unknown
571,599,2114,https://districtr.org/COI/32898,coi,Sunrise Beach/Laurie Map,"This area was grouped together because this community tends to shop, eat, bank and use the same roads to get around. While not completely rural it is the more rural side of the the lake of the Ozarks. There are only a few economic opportunities in this area and it tends to have lower income people living there. Much of the economic opportunity is categorized by tourism in the summer and less opportunity in the winter months. Children typically go to one elementary school and then transfer to Camdenton High School or Versailles. ",This community is larger than I would have made it because of the census blocks. This is a culturally diverse area mixed with low and high income people in this district. This community is categorized by the places they shop and go to school. These people also use the toll road to get to the Osage Beach side of the lake. This is an economic disadvantage for these folks because of the low economic opportunity and must cross the bridge for higher paying jobs and more opportunity. ,Sunrise Beach and Laurie,1.0,Greene but grew up in this area,"This area was grouped together because this community tends to shop , eat , bank and use the same roads to get around . While not completely rural it is the more rural side of the the lake of the . There are only a few economic opportunities in this area and it tends to have lower income people living there . Much of the economic opportunity is categorized by tourism in the summer and less opportunity in the winter months . Children typically go to one elementary school and then transfer to Camdenton High School or Versailles .",Named neighborhood
572,600,2122,https://districtr.org/COI/32931,coi,Limited Pedestrian Sidewalks in Bolivar,"We need more sidewalks for kids' safety, people who use wheelchairs, and getting to different parts of town without always using a car.",often used stopping points for people driving on HWY13,travel stops along HWY13,1.0,BOLIVAR,"We need more sidewalks for kids ' safety , people who use wheelchairs , and getting to different parts of town without always using a car .",Vulnerable populations
573,601,2123,https://districtr.org/COI/32931,coi,https://districtr.org/COI/32931,Sidewalks needed for kids' safety and ADA access for people using wheelchairs,often used stopping points for people driving on HWY13,travel stops along HWY13,1.0,BOLIVAR,Sidewalks needed for kids ' safety and ADA access for people using wheelchairs,Family and Children
574,602,2124,https://districtr.org/COI/32935,coi,Stopping Points for HWY13,People using HWY 13 will stop at these places for food or attractions,People using HWY 13 will stop at these places for food or attractions,Stopping Points for HWY13,1.0,BOLIVAR,People using HWY 13 will stop at these places for food or attractions,Community engagement
575,603,2125,https://districtr.org/COI/32938,coi,Places with Fiber through Windstream,Very few places in Polk county has high speed fiber access.,Very few places in Polk county has high speed fiber access.,Places with Fiber through Windstream,1.0,BOLIVAR,Very few places in Polk county has high speed fiber access .,Technology
576,604,2126,https://districtr.org/COI/32939,coi,Cemeteries,Local cemeteries with housing very close by,Local cemeteries with housing very close by,Cemeteries,1.0,BOLIVAR,Local cemeteries with housing very close by,Named neighborhood
577,605,2128,https://districtr.org/COI/32941,coi,Upper Income Homes,"areas with homes worth more than $500,000","areas with homes worth more than $500,000",Upper Income Homes,1.0,BOLIVAR,"areas with homes worth more than $ 500,000",Named neighborhood
578,606,2131,https://districtr.org/COI/32946,coi,Camdenton mapped area,This community is tightly knit and centered around the School district. ,"These census blocks do not accurately represent this community. Camdenton, the town, is more representative of the community then the large outer area. It is a tight knit community, centered around the high school. The concerns in this community are the newer highways that have been build around the cities.  ",Camdenton,1.0,,This community is tightly knit and centered around the School district .,K-12 Education
579,607,2132,https://districtr.org/COI/32948,coi,Webb City Map,A community that is built around the high school and it children. Sidewalks are a major concern,Webb City is a community based around the schools. there is wide reaching community support around the school district and library even in older populations. There is a VFW and a city stop railroad staffed by volunteers. Sidewalks and road maintenance. Recycling is an issue and it used to be offered by the city. Chamber and Arts district work well together and promote each other. A small theater town.  Lack of rental housing. Share the industrial park with Joplin but it is located in Webb City,Webb City,1.0,Jasper,A community that is built around the high school and it children . Sidewalks are a major concern,Family and Children
580,608,2135,https://districtr.org/COI/32953,coi,"""Mike's Mid-Columbia Map""",Map for MO House district in Columbia.,"This community centers on the University of Missouri campus. Many of its residents are students and/or employees of the university. Infrastructure, higher education funding, and public transit are primary concerns.",Mid-Columbia,1.0,Columbia,Map for MO House district in .,Named neighborhood
581,609,2162,https://districtr.org/COI/33047,coi,south Springfield - senior housing,"These neighborhoods have a high concentration of senior housing, mostly rental units. The Southside Senior Center services this area. Springfield has a high population of senior citizens. The biggest employers in Springfield are the medical industries.  Seniors are concerned about health care issues, prescription drug costs, and access to health care facilities. ","These neighborhoods have a high concentration of senior housing, mostly rental units. The Southside Senior Center services this area. Springfield has a high population of senior citizens. The biggest employers in Springfield are the medical industries.  Seniors are concerned about health care issues, prescription drug costs, and access to health care facilities. ",south central springfield,1.0,Springfield,"These neighborhoods have a high concentration of senior housing , mostly rental units . The Southside Senior Center services this area . has a high population of senior citizens . The biggest employers in are the medical industries .   Seniors are concerned about health care issues , prescription drug costs , and access to health care facilities .",Elderly
582,610,2166,https://districtr.org/COI/33055,coi,Cody's Community,,"- My home neighborhood in the Hill; while the Hill is often associated with upper middle class Italian families, it is much more diverse than that. Specifically, the blocks I live on are working class people of all sorts of backgrounds

- My church community around Trinity Episcopal Church; we sit on the north block of the central west end, less than one block south of Delmar. So we have all sorts of people coming to our church and to our food pantry, where I have a part time job. The pantry serves lot's of different working class and poor families in the area, including my own. There is a clear divide between the concentration of money and private investment in the Central West End, and the neighborhoods just a block away to the north and east, and we see it every day at the pantry.

- Friends and restaurants I frequent on Cherokee St.; we have been going to a few places on Cherokee St. so much that it feel like part of our community, both the bars on the east end and the Mexican restaurants and stores farther west. Similar to me church community in the CWE, cherokee demonstrates a growing divide between the new money coming into the area and the people who have been there a long time. 

- Close friends living in Southwest Garden & Tower Grove South; We spend a lot of time here, as well. ",Cody's Community,1.0,St. Louis,,Unknown
583,611,2175,https://districtr.org/COI/33069,coi,Community Drug & Police Issues,"This community has too much drugs, including meth and heroin. The police need to do more about it. ",,Community Police Issues,1.0,"Kimberling City, Stone County","This community has too much drugs , including and heroin . The police need to do more about it .",Named neighborhood
584,612,2176,https://districtr.org/COI/33079,coi,Water Recreation Community,"This community needs a clean shore line. It's clean but it can always improve. They could use more strict regulations on polluting the water and the shore lines with oil, gas, trash and debris.",,Community 1,1.0,"Kimberling City, Stone County","This community needs a clean shore line . It 's clean but it can always improve . They could use more strict regulations on polluting the water and the shore lines with oil , gas , trash and debris .",Community engagement
585,613,2178,https://districtr.org/COI/33082,coi,Community Illegal Drug Issue,There are little kids that are just becoming teenagers who are getting ahold of fentanyl and little pills. I've seen them all over Reeds Spring.,,Community 1,1.0,"Kimberling City, Stone County",There are little kids that are just becoming teenagers who are getting ahold of fentanyl and little pills . I 've seen them all over .,Family and Children
586,614,2179,https://districtr.org/COI/33084,coi,Lindbergh School District,"Lindbergh School District includes the communities of Crestwood & Sunset Hills and abuts Kirkwood and Webster Groves. Lindbergh Road is the main artery through the area. There has been a lot of political turmoil around the now demolished Crestwood Mall, which used to be a community focal point and source of revenue. Housing values in the Lindbergh School District are very inflated right now. There are a variety of different socio-economic neighborhoods - apartment complexes, single family homes and new, large single family construction. Most of the housing stock is mid 20th Century. ","Lindbergh School District includes the communities of Crestwood & Sunset Hills and abuts Kirkwood and Webster Groves. Lindbergh Road is the main artery through the area. There has been a lot of political turmoil around the now demolished Crestwood Mall, which used to be a community focal point and source of revenue. Housing values in the Lindbergh School District are very inflated right now. There are a variety of different socio-economic neighborhoods - apartment complexes, single family homes and new, large single family construction. Most of the housing stock is mid 20th Century. ",Lindbergh School District,1.0,Crestwood,"Lindbergh School District includes the communities of Crestwood & Sunset Hills and abuts Kirkwood and Webster Groves . Lindbergh Road is the main artery through the area . There has been a lot of political turmoil around the now demolished Crestwood Mall , which used to be a community focal point and source of revenue . Housing values in the Lindbergh School District are very inflated right now . There are a variety of different socio - economic neighborhoods - apartment complexes , single family homes and new , large single family construction . Most of the housing stock is mid 20th Century .",Named neighborhood
587,615,2181,https://districtr.org/COI/33088,coi,"Drug, Homelessness, Poverty Issues","We have over 100 people living behind the Walmart in Branson. About 50% of them are employed in seasonal jobs. They can't make enough to be able to get the deposit and the first month's rent to move into a place. So they're forced to live in a tent. The other people who live there are not employed which means the employed people are also in jeopardy of getting robbed or killed over having a little money. I saw someone walk into a Walgreens and pull out a gun and say ""Give me $20, I need to feed my family."" So people need help so they don't feel like they have to commit crime to survive. The extended stay hotels have people stay there for free in exchange for doing work around the place, but then, especially if it's someone with an addiction, there is a risk to other people there of getting robbed to feed someone's drug habit. This means more people will stay away from Branson if they see or hear about stuff like this happening.",,Community 1,1.0,"Kimberling City, Stone County","We have over 100 people living behind the Walmart in . About 50 % of them are employed in seasonal jobs . They ca n't make enough to be able to get the deposit and the first month 's rent to move into a place . So they 're forced to live in a tent . The other people who live there are not employed which means the employed people are also in jeopardy of getting robbed or killed over having a little money . I saw someone walk into a Walgreens and pull out a gun and say "" Give me $ 20 , I need to feed my family . "" So people need help so they do n't feel like they have to commit crime to survive . The extended stay hotels have people stay there for free in exchange for doing work around the place , but then , especially if it 's someone with an addiction , there is a risk to other people there of getting robbed to feed someone 's drug habit . This means more people will stay away from if they see or hear about stuff like this happening .",Vulnerable populations
588,616,2182,https://districtr.org/COI/33095,coi,Crestwood,"Crestwood has 12,000 residents and is surrounded by larger municipalities like Webster Groves and Kirkwood and tiny ones like Marlborough and Grantwood Village. All of Crestwood is in the Lindbergh School District. The median household income is $54,000.00. It is definitely a town in transition as many senior citizens are selling, moving or dying. There are many young families with children. ","Crestwood has 12,000 residents and is surrounded by larger municipalities like Webster Groves and Kirkwood and tiny ones like Marlborough and Grantwood Village. All of Crestwood is in the Lindbergh School District. The median household income is $54,000.00. It is definitely a town in transition as many senior citizens are selling, moving or dying. There are many young families with children. ",Crestwood,1.0,Crestwood,"Crestwood has 12,000 residents and is surrounded by larger municipalities like Webster Groves and Kirkwood and tiny ones like and . All of Crestwood is in the Lindbergh School District . The median household income is $ 54,000.00 . It is definitely a town in transition as many senior citizens are selling , moving or dying . There are many young families with children .",Family and Children
589,617,2183,https://districtr.org/COI/33096,coi,Rockwood School District,"The district is comprised of voters ranging from wealthy (Wildwood) to upper middle-class (Chesterfield and Ballwin) to middle-class  and lower middle-class (Eureka and Fenton). Of course, elements of all four categories are found throughout the district.","The district is comprised of voters ranging from wealthy (Wildwood) to upper middle-class (Chesterfield and Ballwin) to middle-class  and lower middle-class (Eureka and Fenton). Of course, elements of all four categories are found throughout the district.",Community 1 Rockwood School District,1.0,St. Louis/Jefferson counties,"The district is comprised of voters ranging from wealthy ( Wildwood ) to upper middle - class ( and ) to middle - class   and lower middle - class ( Eureka and Fenton ) . Of course , elements of all four categories are found throughout the district .",Named neighborhood
590,618,2184,https://districtr.org/COI/33105,coi,Stone & Taney Counties,"This commnity needs a better pay rate, better traffic control, more money for schools, better pay for police. Most people whop live in Stoney County work in Taney County.",,Community 1,1.0,Branson West,"This commnity needs a better pay rate , better traffic control , more money for schools , better pay for police . Most people whop live in work in .",Policing
591,620,2186,https://districtr.org/COI/33108,coi,West-Central Columbia,This is my community map for West-Central Columbia.  ,"Mix of owner-occupied and rental housing (in both houses and apartment complexes).  Concerns are access to healthy food (grocery stores and farmer's markets), parks, and walkable / bike-able neighborhoods.  Many residents live, work, and play within this neighborhood during a typical week.  ",West-Central Columbia,1.0,Columbia,This is my community map for .  ,Named neighborhood
592,621,2187,https://districtr.org/COI/33109,coi,Kirkwood School District,"The Kirkwood School District encompasses the municipalities of Kirkwood, Des Peres, Oakland and Glendale. It is currently split between two Senate Districts - SD 15 and SD 1. Housing is much sought after. Smaller homes are often bought and demolished to build new, bigger homes on the lots. Generally affluent, but with differences of income. Some extremely wealthy pockets and some more modest homes. There are two middle schools, which bisect the district. The district is mostly to the east of 270. Neighboring communities are Crestwood, Frontenac and Warson Woods. ","The Kirkwood School District encompasses the municipalities of Kirkwood, Des Peres, Oakland and Glendale. It is currently split between two Senate Districts - SD 15 and SD 1. Housing is much sought after. Smaller homes are often bought and demolished to build new, bigger homes on the lots. Generally affluent, but with differences of income. Some extremely wealthy pockets and some more modest homes. There are two middle schools, which bisect the district. The district is mostly to the east of 270. Neighboring communities are Crestwood, Frontenac and Warson Woods. ",Kirkwood School District,1.0,Crestwood,"The Kirkwood School District encompasses the municipalities of , , and . It is currently split between two Senate Districts - SD 15 and SD 1 . Housing is much sought after . Smaller homes are often bought and demolished to build new , bigger homes on the lots . Generally affluent , but with differences of income . Some extremely wealthy pockets and some more modest homes . There are two middle schools , which bisect the district . The district is mostly to the east of 270 . Neighboring communities are , Frontenac and Warson Woods .",K-12 Education
593,622,2194,https://districtr.org/COI/33114,coi,#mojwj   South Hayti ,only have one police officer in the community. when you call the police if you do actually get a response its a late response.  no activities for kids . lack of jobs . lack of employment activities. there is no compensation for water leaks ,"white people 55.29%
Black people 41.6%
hispanic 1,1% 
asian 0.3%
native 0.3%

socioeconomic data (2018)
60% homeowners
40% renters ",#mojwj     South Hayti ,1.0,pemiscot,only have one police officer in the community . when you call the police if you do actually get a response its a late response .   no activities for kids . lack of jobs . lack of employment activities . there is no compensation for water leaks,Family and Children
594,623,2195,https://districtr.org/COI/33117,coi,Miriam's Map,,"There are residential areas closer to the city limits of Columbia, some of which are within the city boundaries. Farther out are larger tracts of farmland. Most of the area is served by the Columbia Public School system. There is no public transit that extends to this area.",NE Outside Columbia,1.0,Boone County,,Unknown
595,624,2191,https://districtr.org/COI/33118,coi,West Broadway before Stadium,,"Location of this area is actually the first residential community south of Rt 70 at exit 124
Older neighborhood, houses maintained, neighborhood associations active, lots of families and retirees who raised their families here.
Civic minded. Aware of  each other. Needs and zoning changes updated regularly ",W Broadway before Stadium,1.0,Columbia,,Unknown
596,625,2198,https://districtr.org/COI/33125,coi,#mojwj South Hayti Heights,there are no police in hayti heights. roads are needing repaired bad here in hayti heights. yards need to be cut and up kept no community activities. no activities for children  no businesses ,"because they have combined two townships together we cannot determine the population for Hayti heights.
it is inaccurate  because its combining Hayti and Hayti height.",#mojwj South Hayri Heights,1.0,Hayti Heights,there are no police in hayti heights . roads are needing repaired bad here in hayti heights . yards need to be cut and up kept no community activities . no activities for children   no businesses,Infrastructure
597,626,2202,https://districtr.org/COI/33137,coi,north hayti heights country  road,mojwj   Hayti Heights is combined with the City  boundary of Hayti.  The population count for Hayti Heights is inaccurate.  Hayti Heights and Hayti have the same zip code.   Two different town ships. ,"lack of animal control.  overgrown lots.  population in accurate/hatyi and hayti heights combined on boundry map,  ",mojwj   north  hayti heights county road,1.0,hayti heights,mojwj    Hayti Heights is combined with the City   boundary of Hayti .   The population count for is inaccurate .   Hayti Heights and Hayti have the same zip code .    Two different town ships .,Named neighborhood
598,627,2200,https://districtr.org/COI/33138,coi,mojwj S,needs cleaned over grown lots every where and we need to tear down some of these abandoned buildings,Hayti Heights population number is not accurate most of the population is is African american not white,#mojwj,1.0,hayti heihgts,needs cleaned over grown lots every where and we need to tear down some of these abandoned buildings,Environment
599,628,2205,https://districtr.org/COI/33142,coi,#mojwj #south hayti heights,roads are soo bad we need to fix them instead of putting gravel in the holes and the ots are terrible we need help fro other communities to keep this clean no eating places at all no gas stations nothing,abandoned most infidelity the population is wrong and the map is wrong alot of the streets thats on the map is not rights ash street is not a part of the heights,#mojwj South Heights,1.0,hayti heights,roads are soo bad we need to fix them instead of putting gravel in the holes and the ots are terrible we need help fro other communities to keep this clean no eating places at all no gas stations nothing,Infrastructure
600,629,2207,https://districtr.org/COI/33145,coi,#mojwj    South  Hayti ,we need schools we need businesses we need daycare we need roads fixed,small village with nothing to do  the population is mostly black ,#mojwj,1.0,hayti heights,we need schools we need businesses we need daycare we need roads fixed,Infrastructure
601,630,2210,https://districtr.org/COI/33146,coi,Anna's Columbia Map ,,"The Benton-Stephens neighborhood, where I live. There are plenty of grad students, people of color, and young people. Close to a nice park and downtown Columbia. ",My neighborhood,1.0,Columbia,,Unknown
602,631,2219,https://districtr.org/COI/33148,coi,mojwj Hayti Heights North side   ,My community lack all of the conveniences that a community should have.   No local shopping available.   No public transportation.  ,"Need Road and Street repair.   day care programs for children, more businesses to provide jobs.  No shopping mall.   Drive to Cape to shop. 
.    ",mojwj  North side hayti heights,1.0,Hayti Heights ,My community lack all of the conveniences that a community should have .    No local shopping available .    No public transportation .  ,Named neighborhood
603,632,2213,https://districtr.org/COI/33149,coi,david's columbia map,"area around benton stephens in columbia, mo", working class families and MU students,Community 1,1.0,"columbia, boone","area around benton stephens in , mo",Named neighborhood
604,633,2216,https://districtr.org/COI/33150,coi,#mojwj #hayti heights #north,"Trees can be cut down, so we can see down he road , people should be inforced to pay their property taxes so that the city hall doeesnt struggle so much this is why we need a police officer ",not much to do here also needs attention on the map its incorrect and the population is incorrect,#mojwj  North heights,1.0,hayti heights ,"Trees can be cut down , so we can see down he road , people should be inforced to pay their property taxes so that the city hall doeesnt struggle so much this is why we need a police officer",Policing
605,634,2224,https://districtr.org/COI/33162,coi,Grocery Workers in St. Louis Area,"Common concerns are public transportation, highways. There is a great diversity among grocery workers; some are college students, some work 2 or 3 jobs. All are concerned about affordable healthcare and public health during COVID, fulltime employment opportunities, a living wage (which is at least $23.00 hour in this region), reliable/affordable/accessible childcare.","Common concerns are public transportation, highways. There is a great diversity among grocery workers; some are college students, some work 2 or 3 jobs. All are concerned about affordable healthcare and public health during COVID, fulltime employment opportunities, a living wage (which is at least $23.00 hour in this region), reliable/affordable/accessible childcare. ",Grocery Workers in the St. Louis Metro Area,1.0,green park,"Common concerns are public transportation , highways . There is a great diversity among grocery workers ; some are college students , some work 2 or 3 jobs . All are concerned about affordable healthcare and public health during COVID , fulltime employment opportunities , a living wage ( which is at least $ 23.00 hour in this region ) , reliable / affordable / accessible childcare .",Diversity
606,635,2227,https://districtr.org/COI/33164,coi,Green Park/South County,"Green Park is in the Lindbergh School District, which is a draw for many families with kids. Mostly single family homes. There are many businesses on Lindbergh Blvd. further north in Affton. Green Park has its own industrial park and is very self-sufficient. ","Green Park is in the Lindbergh School District, which is a draw for many families with kids. Mostly single family homes. There are many businesses on Lindbergh Blvd. further north in Affton. Green Park has its own industrial park and is very self-sufficient. ",Green Park/South County,1.0,green park,"is in the Lindbergh School District , which is a draw for many families with kids . Mostly single family homes . There are many businesses on Lindbergh Blvd . further north in . has its own industrial park and is very self - sufficient .",Family and Children
607,636,2232,https://districtr.org/COI/33172,coi,Matthew's Gladstone Map,,"Gladstone is an older community but is starting to change as original residents age out. The area is mainly blue collar/working class. It is a community situated within higher income areas and, particularly to the north, there are wealthier areas that can be kind of uppity. ",Gladstone,1.0,"Gladstone, MO",,Unknown
608,637,2288,https://districtr.org/COI/33321,coi,Protestant Farmland,Mostly cattle pastureland,This cattle pasture land. Homes are spread miles apart. Must go to Iberia or Osage Beach for groceries. Most if not all residents are Evangelical Christians.,Protestant Farmland,1.0,Eldon,Mostly cattle pastureland,Agriculture
609,638,2290,https://districtr.org/COI/33324,coi,Rocktown,Second most populated town in Miller county.,"Small community. Mostly Baptist. Majority of the population works at LB Manufacturing. Others commute to the Lake of the Ozarks, Jefferson City or Ft Leonard Wood for work.  Closest hospital is 45 minute drive. One police officer for the area. Armed teachers in school. Response time from county deputies can be as long as 45 minutes. Was the site of a Civil war battle. Confederate troops defending the town ran out of ammunition and loaded rifles with rocks. Many of the same families live in the area.",Rocktown,1.0,Eldon,Second most populated town in .,Community engagement
610,639,2291,https://districtr.org/COI/33326,coi,Cargill Land,Self sufficient farmland. Multiple CAFOs,Several large hog and Turkey CAFOs. Also a lot of cattle farms. Mostly Baptist communities. Big hunting communities here as well.,Cargill land,1.0,Eldon,Self sufficient farmland . Multiple CAFOs,Diversity
611,640,2292,https://districtr.org/COI/33329,coi,Dutchtown,Catholic Farm Communities,Majority Catholic populations. Cattle farms are dominate most of the area. Most commute to Jefferson City for work and shopping. Can buy beer at ballfields. Well kept towns. Higher wage earners than most of Miller county.  Friday night activities include fighting the Protestants to the south.,Dutchtown,1.0,Eldon,Catholic Farm Communities,Agriculture
612,641,2348,https://districtr.org/COI/33401,coi,Northeast Springfield Area,"This area is primarily a rural area  with  a small portion within city limits of Springfield.  Pleasant View Elementary School, a  public school in the Springfield School District  is located in Senate District 20 while the majority of Springfield public schools are in Senate District 30.  ","This area is primarily a rural area  with  a small portion within city limits of Springfield.  Pleasant View Elementary School, a  public school in the Springfield School District  is located in Senate District 20 while the majority of Springfield public schools are in Senate District 30.  ",Northeast Springfield Area,1.0,Springfield,"This area is primarily a rural area   with   a small portion within city limits of .   Pleasant View Elementary School , a   public school in the Springfield School District   is located in Senate District 20 while the majority of public schools are in Senate District 30 .  ",K-12 Education
613,642,2366,https://districtr.org/COI/33422,coi,Tower Grove Park and its neighbors,I think of my immediate neighborhood as the people whose primary community space is Tower Grove Park.,"Plato famously described the Greeks as frogs around a pond. My neighborhood can be apt described as the people gathered about Tower Grove Park. It functions as our community common space, especially during good weather.",Frogs around a park,1.0,Saint Louis,I think of my immediate neighborhood as the people whose primary community space is Tower Grove Park .,Community engagement
614,643,2367,https://districtr.org/COI/33425,coi,South City,"Saint Louis can be (IMO) roughly divided into a few large areas. Downtown, South City, The Central Corridor, and North City. This is South City.","Saint Louis can be (IMO) roughly divided into a few large areas. Downtown, South City, The Central Corridor, and North City. This is South City.",South City,1.0,Saint Louis,"can be ( IMO ) roughly divided into a few large areas . Downtown , , , and . This is .",Named neighborhood
615,644,2406,https://districtr.org/COI/33580,coi,Center City Neighborhood--KC,,"Center City is small neighborhood with a character that is unique to the other neighborhoods around it--both physically and demographically. It is multi-racial and has some very low-income folks in the neighborhood. Houses here are smaller than in the Hyde and Squire Park areas. It has less tree lined streets, more vacant lots, and has not gotten the same level of investment as other areas surrounding it. 

Without the same investment and organizational structure, it's more difficult for the Center City neighborhood to sustain projects in the area like community gardens and orchards. 

People in this community need access to resources, and the community does need investment. However, as the city is developing, this neighborhood is changing, and people here are being displaced. Real estate developers are coming into the area to buy up properties in a good location, and residents here need protections from being priced out of their neighborhood. 

*Northern boundary actually ends at Linwood Blvd",Center City,1.0,Kansas City,,Unknown
616,646,2410,https://districtr.org/COI/33652,coi,Mary Lou's Community,,"This community consists of elderly folks and young families. The community is transition as original residents are moving out or passing away, and more young families are moving in.

The biggest issue that needs to be addressed in this community is public safety. ",Gregory Ridge,1.0,Kansas City,,Unknown
617,649,2418,https://districtr.org/COI/33689,coi,mercy - kellie,med  amt edu and income,med  amt edu and income,mercy - kellie,1.0,Springfield,med   amt edu and income,University
618,650,2419,https://districtr.org/COI/33692,coi,university heights kellie,more edu/income,more edu/income,university heights kellie,1.0,Springfield,more edu / income,University
619,651,2420,https://districtr.org/COI/33694,coi,Greater Mountain View Region,"This area encompasses the Greater Mountain View area, where most folks in the region shop, live, go to church, and work. This is a ",,Community 1,1.0,St. Louis,"This area encompasses area , where most folks in the region shop , live , go to church , and work . This is a",Named neighborhood
620,652,2421,https://districtr.org/COI/33695,coi,Downtown Mountain Grove,"This area encompasses the downtown Mountain Grove area, where most of the economic hub of the county lies. Folks travel into Mtn Grove to shop or socialize. This is also the home of the central WalMart where folks shop.",,Community 1,1.0,St. Louis,"This area encompasses the downtown area , where most of the economic hub of the county lies . Folks travel into Mtn Grove to shop or socialize . This is also the home of the central WalMart where folks shop .",Economy and Commerce
621,653,2422,https://districtr.org/COI/33697,coi,conservation region,"This are includes the conservation area between West Plains, Mountain View, and Mountain Grove. This area is a source of tourism and economic activity for the region.",,Community 1,1.0,St. Louis,"This are includes the conservation area between , , and . This area is a source of tourism and economic activity for the region .",Environment
622,654,2423,https://districtr.org/COI/33700,coi,Greater Scott City Region,This area represents the greater Scott City region which is an area bound by common shared interests and economics. Most folks in this region travel into Cape and are therefore similar in their economic situation and rely on the continued economic success of Cape. ,,Community 1,1.0,St. Louis,This area represents the greater region which is an area bound by common shared interests and economics . Most folks in this region travel into and are therefore similar in their economic situation and rely on the continued economic success of .,Economy and Commerce
623,655,2424,https://districtr.org/COI/33702,coi,Downtown Cape and SEMO region,"This area encompasses the downtown Cape / Main Street area, as well as the SEMO campus. This is an area where most of the students live and is the home of most of the local businesses/restaurants. ",,Community 1,1.0,St. Louis,"This area encompasses the downtown Cape / Main Street area , as well as the SEMO campus . This is an area where most of the students live and is the home of most of the local businesses / restaurants .",Community engagement
624,656,2425,https://districtr.org/COI/33707,coi,Bollinger County Seat,"This area encompasses Marble Hill, which is the county seat of Bollinger and the larger region in the county. This is where most of the industry is for the county and folks frequently travel into this area for shopping and socializing.",,Community 1,1.0,St. Louis,"This area encompasses Marble Hill , which is the county seat of Bollinger and the larger region in the county . This is where most of the industry is for the county and folks frequently travel into this area for shopping and socializing .",Economy and Commerce
625,657,2426,https://districtr.org/COI/33711,coi,Jackson Missouri,"This area encompasses some of the ""suburbs"" area outside of the main Cape Girardeau downtown. Folks who work in Cape Girardeau will often live in Jackson and commute between the two.  It is often seen as an outskirt of Cape.",,Community 1,1.0,St. Louis,"This area encompasses some of the "" suburbs "" area outside of the main downtown . Folks who work in will often live in and commute between the two .   It is often seen as an outskirt of .",Suburbs
626,658,2427,https://districtr.org/COI/33735,coi,Blue Springs / Surrounding Area Economy ,"This is the general area where folks in Blue Springs do grocery shopping, go to school, etc. This includes most business centers, strip malls, etc. that folks in this area frequently visit. ","This is the general area where folks in Blue Springs do grocery shopping, go to school, etc. This includes most business centers, strip malls, etc. that folks in this area frequently visit. ",Blue Springs / Surrounding Area Economy ,1.0,Jackson,"This is the general area where folks in do grocery shopping , go to school , etc . This includes most business centers , strip malls , etc . that folks in this area frequently visit .",Named neighborhood
627,660,2428,https://districtr.org/COI/33748,coi,Colleen's Map of Squier Park,,"East of Troost (dividing line). This is a community in transition with primarily a mix of African American and Caucasian folks mostly. The area is experiencing an increase in property values with some housing going up about 2x in value. 

There is an active neighborhood association that reflects the diversity of the community. They led projects to build a playground and community gardens. The whole community is invested in making Squier Park a fun and safe neighborhood for everyone. A lot of ownership in Squier Park, so homes are taken care of. 

There are important services here like the programs at De La Salle High School which helps teens learn skills that can help them succeed in trade and vocational careers. ",Squier Park Neighborhood,1.0,Kansas City,,Unknown
628,661,2433,https://districtr.org/COI/33883,coi,Jane's St. Jo Map,,"St. Jo has gone through major ideological transition. This community used to be primarily blue dog democrats but now is primarily Trump supporters, even amongst union members. We have a great number of elderly folks who are fearful of change and of immigrants. 

There are pockets of progressives and dems, including our church which has become a home to members of the LGBTQ+ community and active progressive groups in the area. What has been disheartening about watching the transformation of this community to Trumpist beliefs is the difficulty it's created for us to work together through community challenges and conflicts together--not the least of which is the spread of COVID in our community. Members of the progressive community are afraid to speak up at times because tensions are high and our realities are so incongruent with one another. ",St Joseph,1.0,St. Joseph,,Unknown
629,662,2455,https://districtr.org/COI/33908,coi,Nick's Map of the 49/63 coalition,,"This area is diverse racially and also age-wise. Being so close to two of KC's universities, we have a lot of students mixed in with long-time residents of the neighborhood. This area is comprised of multiple neighborhoods who work together in a coalition (ex: running a tool share program). Something people in this community share in common are progressive values and prioritizing human rights (i.e. supporting Black Lives Matter movement and LGBTQ rights). A concern of the neighborhood is that developers are buying up properties that are going up for sale which could lead to residents of this community getting priced out.  ",49/63 coalition,1.0,Kansas City,,Unknown
630,663,2469,https://districtr.org/COI/33921,coi,Dave's Parkville/Park Hill Community,,"This area is very conservative, but I get along with my neighbors even as a short-haired hippie (progressive). The area primarily has older adults, who comprise probably 70% of the community, but has some young adults too. The majority of the community's housing is older, but the area is seeing changes mainly with the construction of new buildings.  This area is a suburb and expansion of KC, and has seen a lot of growth. ",Park Hill/Parkville,1.0,Kansas City,,Unknown
631,664,2503,https://districtr.org/COI/33950,coi,St Francis  Hospital,People from these counties are served by St Francis Hospital,,Community 1,1.0,,People from these counties are served by St Francis Hospital,Diversity
632,665,2504,https://districtr.org/COI/33951,coi,P&G,People in these counties work for P&G,,Community 1,1.0,,People in these counties work for P&G,Diversity
633,666,2505,https://districtr.org/COI/33953,coi,cape regional airport ,People in these counties mainly use Cape Regional Airport for travel,,Community 1,1.0,,People in these counties mainly use for travel,Recreation and Tourism
634,668,2507,https://districtr.org/COI/33959,coi,Airport South,"Working class and higher proportion of renters. Many people who work at the airport, hotels, and hospitality jobs. They want public transit. ","Working class and higher proportion of renters. Many people who work at the airport, hotels, and hospitality jobs. They want public transit. ",Airport South,1.0,,"Working class and higher proportion of renters . Many people who work at the airport , hotels , and hospitality jobs . They want public transit .",Vulnerable populations
635,669,2508,https://districtr.org/COI/34015,coi,Rock Hill/ Ladue South,"Almost all homeowners, largely white and affluent. Contains Tilles Park which is a popular gathering spot. Majority of this is the southern part of Ladue Schools. Concerned about education and taxes. ","Almost all homeowners, largely white and affluent. Contains Tilles Park which is a popular gathering spot. Majority of this is the southern part of Ladue Schools. Concerned about education and taxes. ","Rock Hill to 64, 61",1.0,,"Almost all homeowners , largely white and affluent . Contains Tilles Park which is a popular gathering spot . Majority of this is the southern part of Ladue Schools . Concerned about education and taxes .",Named neighborhood
636,670,2509,https://districtr.org/COI/34038,coi,Steven's Tenants Community,,"Over half of Kansas City are tenants and yet we get little representation in city government and often, the city prioritizes the interests of private developers over us and on our dime. Tenants across the city are experiencing rent increases while many landlords refuse to make repairs and do basic upkeep. Kansas City tenants are a powerful force to be reckoned with. When we started organizing around the housing issues that are pricing our communities out and/or forcing people into substandard or unsafe housing, we won a Tenants Bill of Rights, protected people from eviction, and supported tenant unions across the city. ",Kansas City Tenants,1.0,,,Unknown
637,671,2510,https://districtr.org/COI/34047,coi,Randy's St. Jo/Easton Map,,"North Boundary--US 36 South--US 169

St. Joseph is a community with people who like to stick to themselves and who often have political views that can be incongruent with aspects of their lived experience. They say they don't want government intervention (anti-welfare sentiments) but they also will rely on government assistance when it comes to them. This ""leave me alone attitude, me and my family will be fine on our own"" contributes to the high COVID cases and low vaccine rates that are endangering this community. 

The area has changed a lot in the time I've lived here. We once had strong union representation with 4 union packing houses. Most often the city relied on union construction contracts. Then, when the packing houses began to close, the wealth in the community declined and more contracts started to go to non-union contractors. This economic dive to the bottom coincided with the ideological changes in the community. 

St. Joseph was once a confederate stronghold and, though we are long past the Civil War era, racism continues to be passed down from generation to generation and it prevents this area from thriving in the ways that it could. ",Easton/St. Joseph,1.0,Easton,,Unknown
638,672,2511,https://districtr.org/COI/34052,coi,"Easy to travel, St. Joe","I appreciate this community as being walkable in the downtown area for my work life balance. From downtown being a good center of things it's easy to travel along Franklin to get to grocery stores, the highway and to see my mother.","I appreciate this community as being walkable in the downtown area for my work life balance. From downtown being a good center of things it's easy to travel along Franklin to get to grocery stores, the highway and to see my mother.","Easy to get around, St. Joe",1.0,St. Joseph,"I appreciate this community as being walkable in the downtown area for my work life balance . From downtown being a good center of things it 's easy to travel along Franklin to get to grocery stores , the highway and to see my mother .",Community engagement
639,673,2512,https://districtr.org/COI/34059,coi,S Butler 1,,,Community 1,1.0,Springfield,,Unknown
640,674,2519,https://districtr.org/COI/34063,coi,S Butler 5,,This area has an increasing number of people living in older homes who don't have the means or income to fix up their places or to maintain them.  Some of the homeowners are at risk for losing their homes they have spent their whole life paying for.  They are sometimes able to access resources but they are limited many times to the area of the city and they have no means to put any money into it and the resources are not enough.  aging housing stock,S Butler 4,1.0,Springfield,,Unknown
641,675,2513,https://districtr.org/COI/34063,coi,S Butler 2,,This area has an increasing number of people living in older homes who don't have the means or income to fix up their places or to maintain them.  Some of the homeowners are at risk for losing their homes they have spent their whole life paying for.  They are sometimes able to access resources but they are limited many times to the area of the city and they have no means to put any money into it and the resources are not enough.  aging housing stock,S Butler 4,1.0,Springfield,,Unknown
642,676,2515,https://districtr.org/COI/34063,coi,S Butler 4,,This area has an increasing number of people living in older homes who don't have the means or income to fix up their places or to maintain them.  Some of the homeowners are at risk for losing their homes they have spent their whole life paying for.  They are sometimes able to access resources but they are limited many times to the area of the city and they have no means to put any money into it and the resources are not enough.  aging housing stock,S Butler 4,1.0,Springfield,,Unknown
643,677,2514,https://districtr.org/COI/34063,coi,S Butler 3,,This area has an increasing number of people living in older homes who don't have the means or income to fix up their places or to maintain them.  Some of the homeowners are at risk for losing their homes they have spent their whole life paying for.  They are sometimes able to access resources but they are limited many times to the area of the city and they have no means to put any money into it and the resources are not enough.  aging housing stock,S Butler 4,1.0,Springfield,,Unknown
644,678,2518,https://districtr.org/COI/34073,coi,St. Joe Community Theatre ,Having a local theater where I can participate amongst friends and family located both near a highway and the major downtown area keeps me especially connected. I'm really able to keep myself involved with a number of folks around shared hobbies based on this area. ,Having a local theater where I can participate amongst friends and family located both near a highway and the major downtown area keeps me especially connected. I'm really able to keep myself involved with a number of folks around shared hobbies based on this area. ,Missouri Theater in St. Joe,1.0,St. Joseph,Having a local theater where I can participate amongst friends and family located both near a highway and the major downtown area keeps me especially connected . I 'm really able to keep myself involved with a number of folks around shared hobbies based on this area .,Community engagement
645,679,2520,https://districtr.org/COI/34077,coi,New to St. Joe,I moved here recently and am trying to settle in. Being able to work from home and living near both the highway and downtown is allowing me to settle in. I enjoy my place in town being able to travel to KC pretty well and be in a comfortable neighborhood. ,I moved here recently and am trying to settle in. Being able to work from home and living near both the highway and downtown is allowing me to settle in. I enjoy my place in town being able to travel to KC pretty well and be in a comfortable neighborhood. ,New to St. Joe,1.0,St. Joseph,I moved here recently and am trying to settle in . Being able to work from home and living near both the highway and downtown is allowing me to settle in . I enjoy my place in town being able to travel to KC pretty well and be in a comfortable neighborhood .,Named neighborhood
646,680,2521,https://districtr.org/COI/34081,coi,Housing Springfield,"Many living in the city of Springfield are not able to find decent, affordable and universal design housing where it wouldn't matter if they had a disability or limited mobility.  This is contributing to a homelessness issue and unsafe conditions for many.",Outer parts of Springfield are lacking bus service and public transportation or sidewalks and pedestrian paths that allow for people without cars to get to jobs and goods and services.,Lack of Public Access,1.0,Springfield,"Many living in the city of are not able to find decent , affordable and universal design housing where it would n't matter if they had a disability or limited mobility .   This is contributing to a homelessness issue and unsafe conditions for many .",Vulnerable populations
647,681,2522,https://districtr.org/COI/34082,coi,Setting old roots in St. Joe,I've moved back recently and really appreciate the ability to live near a central area in town and be a short drive away from my parents. My neighborhood has been very welcoming and I've had a chance to remodel my home to settle in. I see this as a place where I can build a family and community. ,I've moved back recently and really appreciate the ability to live near a central area in town and be a short drive away from my parents. My neighborhood has been very welcoming and I've had a chance to remodel my home to settle in. I see this as a place where I can build a family and community. ,St. Joe hometown,1.0,St. Joseph,I 've moved back recently and really appreciate the ability to live near a central area in town and be a short drive away from my parents . My neighborhood has been very welcoming and I 've had a chance to remodel my home to settle in . I see this as a place where I can build a family and community .,Community engagement
648,682,2523,https://districtr.org/COI/34084,coi,Public Access,,Some areas on the outskirts of Springfield are lacking access to public transportation and pedestrian walkways.  This makes it unsafe and difficult for people to access employment and goods and services.  ,Public Access,1.0,Springfield,,Unknown
649,683,2524,https://districtr.org/COI/34086,coi,Seniors and those with disabilities,,This area has a high concentration of seniors and those with disabilities.  These individuals are in need of supports and services to allow them to live independently.  Some of forced to live in nursing homes due to lack of access to what they need.  This area also involves youth with disabilities and parents who are struggling to find supports so that their children can transition into the community to either go to school or find a job and live on their own.  ,Seniors and those with disabilites,1.0,Springfield,,Unknown
650,684,2526,https://districtr.org/COI/34087,coi,South Springfield,"While my family will go to center Springfield and downtown on occasion, we spend more of our time in south Springfield. South-side-ish Springfield, this includes our home, our retail area with both franchises, chain, and small businesses, outdoor space and parks with green space and community emphasis on outdoor activities such as bike trails, running trails, and includes access to our hospitals - it feels like a good combination of suburban/urban.","South-side-ish Springfield, this includes our home, our retail area with both franchises, chain, and small businesses, outdoor space and parks with green space and community emphasis on outdoor activities such as bike trails, running trails, and includes access to our hospitals - it feels like a good combination of suburban/urban.",South-ish Springfield,1.0,Springfield - Greene,"While my family will go to center and downtown on occasion , we spend more of our time in south . South - side - ish , this includes our home , our retail area with both franchises , chain , and small businesses , outdoor space and parks with green space and community emphasis on outdoor activities such as bike trails , running trails , and includes access to our hospitals - it feels like a good combination of suburban / urban .",Community engagement
651,685,2525,https://districtr.org/COI/34089,coi,St. Joe Retirement community ,"It's very important for me to be settled where I am. Travel is difficult and relying on my family to transport or come to my aid god forbid is very important. This a very common set of issues in my community especially, remaining in our comfortable living but connected to more of the core of St. Joe for shopping and leisure. ","It's very important for me to be settled where I am. Travel is difficult and relying on my family to transport or come to my aid god forbid is very important. This a very common set of issues in my community especially, remaining in our comfortable living but connected to more of the core of St. Joe for shopping and leisure. ",Connected retirement community,1.0,St. Joseph,"It 's very important for me to be settled where I am . Travel is difficult and relying on my family to transport or come to my aid god forbid is very important . This a very common set of issues in my community especially , remaining in our comfortable living but connected to more of the core of for shopping and leisure .",Community engagement
652,686,2527,https://districtr.org/COI/34092,coi,Creve Coeur ,"THe rough boundaries of Creve Couer municipality. 3/4th home owners, average income is $100k+. This is the municipality with the most Jewish residents as identified by a 2014 report. Residents are concerned with schools.","THe rough boundaries of Creve Couer municipality. 3/4th home owners, average income is $100k+. This is the municipality with the most Jewish residents as identified by a 2014 report. ",Creve Coeur,1.0,,"THe rough boundaries of Creve Couer municipality . 3/4th home owners , average income is $ 100k+ . This is the municipality with the most Jewish residents as identified by a 2014 report . Residents are concerned with schools .",Diversity
653,687,2529,https://districtr.org/COI/34098,coi,Maryland Heights,"Maryland Heights is a largely middle class community which is about 1/3 renters. Residents tend to work in the sciences, at the casino, or in Westport Plaza or across the bridge in St. Charles. This is the community where most of the Filipino Americans in St. Louis live. Residents are concerned about housing costs, schools, and infrastructure. ","Maryland Heights is a largely middle class community which is about 1/3 renters. Residents tend to work in the sciences, at the casino, or in Wesport Plaza or across the bridge in St. Charles. This is the community where most of the Filipino Americans in St. Louis live. Residents are concerned about housing costs, schools, and infrastructure. ",Maryland Heights ,1.0,,"is a largely middle class community which is about 1/3 renters . Residents tend to work in the sciences , at the casino , or in Westport Plaza or across the bridge in . This is the community where most of the Filipino Americans in live . Residents are concerned about housing costs , schools , and infrastructure .",Cost of living
654,688,2532,https://districtr.org/COI/34101,coi,Northland/Briarcliff,,"I am involved in both the Northland and Kansas City communities (south of the river). The Northland is a suburban area and is comprised of smaller townships. People tend to think in terms of  ""what is happening in our neighborhood? how can we improve our neighborhood?"" and can at times cling to an identify separate from Kansas City. 

This area is becoming more populated and getting lots of development and additional services added to the area. Some parts of the Northland are also becoming more diverse which can create community tensions as the area is more conservative and not always welcoming to diversity.
",Northland/Briarcliff,1.0,Kansas City,,Unknown
655,689,2530,https://districtr.org/COI/34104,coi,Diane's Map of the Black Community KC,,"This is part of Kansas City is home to me in more than one sense of the word--this area has a community with a culture I connect to. The people here look like me and share the same values. 

Things in my community haven't changed much over the close to 60 years I've lived here and yet have. The area between Troost and Hwy 435 is historically where Black people in Kansas City were confined to due to segregationist housing policies. Still today, Kansas City is racially divided and the East Side is the largest and most central Black community in the city. However, when Black people were allowed to move south of 27th street, our community experienced a dispersement as Black people were lured into the suburbs (and away from themselves) by promises of better schools and safer communities. 

This area has a long legacy of community leaders and we need the city, county, and state governments to start listening to us. Back when I worked for the city planning department, there was an initiative for neighborhoods to make their own neighborhood plans and submit those to the city. While white, affluent communities got what they asked for, Black and poor communities were brushed off. As a result, neighborhoods on the East Side have largely had to get what we need and want for ourselves (And we have! Drive down 51st St and you'll find speed bumps that the community organized to put in after 20 years of asking the city). ",Kansas City--Black Community ,1.0,Kansas City,,Unknown
656,690,2531,https://districtr.org/COI/34105,coi,Suburban immigrant enclave,A heavily immigrant and Asian American area with key ethnic grocery stores and restaurants that are ethnic hubs. Includes the Islamic Center. Concerned about traffic and education. ,A heavily immigrant and Asian American area with key ethnic grocery stores and restaurants that are ethnic hubs. Includes the Islamic Center. Concerned about traffic and education. ,Suburban immigrant enclave,1.0,,A heavily immigrant and Asian American area with key ethnic grocery stores and restaurants that are ethnic hubs . Includes the Islamic Center . Concerned about traffic and education .,Diversity
657,691,2538,https://districtr.org/COI/34172,coi,Jahni's Central Springfield,"An economically diverse community of primarily renters, living in the heart of Springfiel","An economically diverse community of primarily renters, living in the heart of Springfiel",Jahni's Central Springfield,1.0,Springfield,"An economically diverse community of primarily renters , living in the heart of Springfiel",Diversity
658,692,2543,https://districtr.org/COI/34235,coi,Parkway Schools,"3/4 Homeowners, rough boundary of Parkway Schools. about 1/11 residents are Asian American. Concerned about schools and taxes. ","3/4 Homeowners, rough boundary of Parkway Schools. about 1/11 residents are Asian American. Concerned about schools and taxes. ",Parkway Schools,1.0,,"3/4 Homeowners , rough boundary of Parkway Schools . about 1/11 residents are Asian American . Concerned about schools and taxes .",Diversity
659,693,2544,https://districtr.org/COI/34264,coi,Lindsey's SD 17 Commuter Map ,,Live in a new subdivision of young families and commute to independence for co-parenting and work as a nurse in KC and Independence. ,Liberty Commuter ,1.0,Liberty/Clay,,Unknown
660,694,2545,https://districtr.org/COI/34265,coi,Ryan's Community in Liberty,,Live in a new subdivision in a northern part of Liberty. I work from home so my community is small and includes the school my child attends and the trails we enjoy hiking,Liberty Hiker,1.0,Liberty/Clay,,Unknown
661,695,2549,https://districtr.org/COI/34338,coi,David's community map,"People who interact in work, play, and shopping.  Common areas of transportation.","People to live, shop, and work in the area, including restaurants, food stores, and hospitals.",Westport east to 71 highway,1.0,Kansas City,"People who interact in work , play , and shopping .   Common areas of transportation .",Community engagement
662,696,2548,https://districtr.org/COI/34339,coi,Christian County Rural Community,"Christian County is very religious, very Christian, and rural. It is heavily affected by issues that are important to rural areas. It includes the municipalities of Ozark and Nixa.",,Community 1,1.0,Greene County,"is very religious , very Christian , and rural . It is heavily affected by issues that are important to rural areas . It includes the municipalities of and .",Religion
663,697,2551,https://districtr.org/COI/34342,coi,Midtown Kansas City ,Area map of Midtown KC area that I live but includes an expanded area with a description of persons and the quality of living situation offered. ,"Mixture of income, race and age. With lack of equity as far as housing, education, health, economic and jobs availability and wages. Quite a fluctuation in quality of life and sustainability. ",Midtown,1.0,Kansas City,Area map of area that I live but includes an expanded area with a description of persons and the quality of living situation offered .,Named neighborhood
664,698,2552,https://districtr.org/COI/34355,coi,Seymore Farming Community,"Very rural, farming community",,Community 1,1.0,Springfield,"Very rural , farming community",Agriculture
665,699,2550,https://districtr.org/COI/34356,coi,Ozark School District,Rural conservative school district,,Community 1,1.0,Springfield,Rural conservative school district,K-12 Education
666,700,2553,https://districtr.org/COI/34357,coi,Fair Grove R-X School District,"Very small, on a major highway, people stop there for gas. It's a rural farming community: pigs, cows, and low-income. Small population, low density.",,Community 1,1.0,St. Louis County,"Very small , on a major highway , people stop there for gas . It 's a rural farming community : pigs , cows , and low - income . Small population , low density .",Agriculture
667,701,2554,https://districtr.org/COI/34358,coi,West Plaza Neighborhood in Kansas City,,"
eclectic  people and homes  -  developers are buying bungalows and building large contemporary houses  -  there are not many families with children  -  Kansas City Public School District",West Plaza Neighborhood Kansas CityCommunity 1,1.0,Kansas City,,Unknown
668,702,2555,https://districtr.org/COI/34360,coi,Walnut Grove R-5 School District,"Very rural, farming community with crops (rather than livestock). Affected by crop issues. Small, low-density population.",,Community 1,1.0,St. Louis County,"Very rural , farming community with crops ( rather than livestock ) . Affected by crop issues . Small , low - density population .",Agriculture
669,703,2557,https://districtr.org/COI/34361,coi,"Mansfield rural community, farming, ","Mansfield rural community, farming",,Community 1,1.0,Springfield,"Mansfield rural community , farming",Agriculture
670,704,2556,https://districtr.org/COI/34362,coi,Crane Missouri School District,Rural impoverished school district,,Community 1,1.0,Springfield,Rural impoverished school district,Poverty
671,705,2558,https://districtr.org/COI/34363,coi,Willard R-II School District,"The Willard district is a very popular, very successful district. It's a suburb of Springfield. They care a lot about high school sports.",,Community 1,1.0,"University City, St. Louis County","The Willard district is a very popular , very successful district . It 's a suburb of . They care a lot about high school sports .",Suburbs
672,706,2559,https://districtr.org/COI/34364,coi,"Marionville rural farming, low income ","Rural farming community, low income",,Community 1,1.0,Springfield,"Rural farming community , low income",Poverty
673,707,2560,https://districtr.org/COI/34365,coi,Ash Grove R-IV School District,"Extremely tiny, very rural, low-income community.",,Community 1,1.0,"University City, St. Louis County","Extremely tiny , very rural , low - income community .",Poverty
674,708,2562,https://districtr.org/COI/34368,coi,Ava rural community ,Rural community with an elderly vulnerable population,,Community 1,1.0,Springfield,Rural community with an elderly vulnerable population,Vulnerable populations
675,709,2561,https://districtr.org/COI/34369,coi,Strafford School District,"Strafford is small, right on the outskirts of Springfield, on I-44. The highway breaks the town in two pieces. Big farming community, rural, low-income. Yes it's next to Springfield, but still tiny. Lots of truck stops. So transportation and agricultural policies play a significant role here. Some people live at the truck stops, so there is some homelessness issue as well.",,Community 1,1.0,"Springfield, Greene County","Strafford is small , right on the outskirts of , on I-44 . The highway breaks the town in two pieces . Big farming community , rural , low - income . Yes it 's next to , but still tiny . Lots of truck stops . So transportation and agricultural policies play a significant role here . Some people live at the truck stops , so there is some homelessness issue as well .",Vulnerable populations
676,710,2563,https://districtr.org/COI/34371,coi,Sparta rural community,"Sparta is a very small rural community, low income, poverty",,Community 1,1.0,Springfield,"is a very small rural community , low income , poverty",Poverty
677,711,2564,https://districtr.org/COI/34374,coi,Hartville farming community,Hartville farming community is low income and very rural,,Community 1,1.0,Springfield,Hartville farming community is low income and very rural,Agriculture
678,712,2566,https://districtr.org/COI/34376,coi,Mountain View rural community,"Mountain View rural community with low population, low income",,Community 1,1.0,Springfield,"rural community with low population , low income",Poverty
679,713,2567,https://districtr.org/COI/34381,coi,Highlandville  rural small community,"Highlandville has a very small population, low income",,Community 1,1.0,Springfield,"Highlandville has a very small population , low income",Named neighborhood
680,714,2568,https://districtr.org/COI/34384,coi,Lack of Broadband McDonald County,The rate of broadband internet access is very low in McDonald County. It is also low-income.,,Community 1,1.0,University City,The rate of broadband internet access is very low in . It is also low - income .,Technology
681,715,2569,https://districtr.org/COI/34386,coi,Clever rural farming community,Clever is a rural farming community working to increase overall wages within the community to help improve unemployment rate,,Community 1,1.0,Springfield,Clever is a rural farming community working to increase overall wages within the community to help improve unemployment rate,Agriculture
682,716,2570,https://districtr.org/COI/34388,coi,Barry County Unemployment,Barry County residents have a low workforce participation rate and a relatively low rate of having health insurance.,,Community 1,1.0,University City,residents have a low workforce participation rate and a relatively low rate of having health insurance .,Vulnerable populations
683,717,2571,https://districtr.org/COI/34391,coi,Chadwick is a rural community,"Chadwick is a very rural community surrounded by the Mark Twain National Forest, low population, low income",,Community 1,1.0,Springfield,"Chadwick is a very rural community surrounded by the Mark Twain National Forest , low population , low income",Poverty
684,718,2572,https://districtr.org/COI/34393,coi,Kimberly City community,"Kimberly City is a small community on the shores of Table Rock Lake, noted for tourism. Concerns include need for higher wages and decrease in water fee revenue. ",,Community 1,1.0,Springfield,"is a small community on the shores of Table Rock Lake , noted for tourism . Concerns include need for higher wages and decrease in water fee revenue .",Cost of living
685,719,2573,https://districtr.org/COI/34394,coi,Lawrence County Uninsured,"Lawrence County has a high rate of people who lack health insurance, and a low rate of people with bachelor's degrees.",,Community 1,1.0,University City,"has a high rate of people who lack health insurance , and a low rate of people with bachelor 's degrees .",Vulnerable populations
686,720,2574,https://districtr.org/COI/34397,coi,Reeds Springs Community,"Reeds Springs is a very small community which is very invested in their education program, higher wages ",,Community 1,1.0,Springfield,"Reeds Springs is a very small community which is very invested in their education program , higher wages",Community engagement
687,721,2575,https://districtr.org/COI/34401,coi,Hollister and internet issues,Hollister is a small community with unreliable internet  convenience.,,Community 1,1.0,Springfield,Hollister is a small community with unreliable internet   convenience .,Named neighborhood
688,722,2576,https://districtr.org/COI/34403,coi,Forsyth Housing and employment,Forsyth struggles with employment which affects the housing industry in the area,,Community 1,1.0,Springfield,Forsyth struggles with employment which affects the housing industry in the area,Named neighborhood
689,723,2577,https://districtr.org/COI/34404,coi,Liberty Union Community,This my Union Community ,"This is my Union Community, the places we work, shop, and gather. This is a working family community that needs representation that fights for their rights. ",Liberty Union Community ,1.0,Pleasant Valley,This my Union Community,Named neighborhood
690,724,2578,https://districtr.org/COI/34406,coi,Merriam Woods  Employment opportunities,Merriam Woods is a small community which lacks employment opportunities ultimately affecting continued growth.,,Community 1,1.0,Springfield,Merriam Woods is a small community which lacks employment opportunities ultimately affecting continued growth .,Named neighborhood
691,725,2580,https://districtr.org/COI/34431,coi,Sparta MO School District,"Extremely rural, poverty, vulnerable to poor educational opportunities",,Community 1,1.0,Springfield,"Extremely rural , poverty , vulnerable to poor educational opportunities",Vulnerable populations
692,726,2581,https://districtr.org/COI/34436,coi,"Marionville, MO School District","Extremely rural, poverty stricken, conservative, vulnerable population to illness and misinformation",,Community 1,1.0,Springfield,"Extremely rural , poverty stricken , conservative , vulnerable population to illness and misinformation",Vulnerable populations
693,727,2582,https://districtr.org/COI/34441,coi,Clever MO School District,"very rural, conservative, lack of opportunities, unemployment, poverty, lack of funding for education",,Community 1,1.0,Springfield,"very rural , conservative , lack of opportunities , unemployment , poverty , lack of funding for education",Poverty
694,728,2583,https://districtr.org/COI/34443,coi,"NW Springfield, MO","industrial, airport, rural",,Community 1,1.0,Springfield,"industrial , airport , rural",Diversity
695,729,2584,https://districtr.org/COI/34444,coi,"Chadwick, MO School District","rural, lack of funding for education, national forest, poverty, conservative",,Community 1,1.0,Springfield,"rural , lack of funding for education , national forest , poverty , conservative",Poverty
696,730,2585,https://districtr.org/COI/34445,coi,"Ash Grove, MO School District","very rural, poor, lack of funding for education, very small town and school system",,Community 1,1.0,Springfield,"very rural , poor , lack of funding for education , very small town and school system",Vulnerable populations
697,731,2586,https://districtr.org/COI/34447,coi,"Battlefield, MO School District","small town America, rural, poverty, lack of diversity, lack of funding for education",,Community 1,1.0,Springfield,"small town , rural , poverty , lack of diversity , lack of funding for education",Poverty
698,732,2587,https://districtr.org/COI/34449,coi,Taney County Missouri,"rural, national forest, environmental concerns and interests, tourism, travel, road conditions",,Community 1,1.0,Springfield,"rural , national forest , environmental concerns and interests , tourism , travel , road conditions",Environment
699,733,2588,https://districtr.org/COI/34450,coi,"Branson, MO","tourism, travel, amusement park, lake activity, resorts, environmental concerns, crime, homelessness",,Community 1,1.0,Springfield,"tourism , travel , amusement park , lake activity , resorts , environmental concerns , crime , homelessness",Recreation and Tourism
700,734,2589,https://districtr.org/COI/34473,coi,Lambert's,"Very popular restaurant, especially large crowds from tour buses going to and from Branson.","Very popular restaurant, especially large crowds from tour buses going to and from Branson.",Lambert's,1.0,BOLIVAR,"Very popular restaurant , especially large crowds from tour buses going to and from .",Diversity
701,735,2590,https://districtr.org/COI/34475,coi,Fantastic Caverns,Popular Tourist sport near Springfield,Popular Tourist sport near Springfield,Fantastic Caverns,1.0,BOLIVAR,Popular Tourist sport near,Recreation and Tourism
702,736,2591,https://districtr.org/COI/34477,coi,New Amazon Distribution Center,New Amazon Distribution Center,New Amazon Distribution Center,New Amazon Distribution Center,1.0,,New Amazon Distribution Center,Diversity
703,737,2592,https://districtr.org/COI/34483,coi,National Park near Springfield,Wilson's Creek National Battlefield is one of the few National Parks in the area,One of the few National Park in the area,National Park near Springfield,1.0,,Wilson 's Creek National Battlefield is one of the few National Parks in the area,Environment
704,738,2593,https://districtr.org/COI/34484,coi,New Upper Income Homes,New Upper Income Homes being built in this area,New Upper Income Homes being built in this area,New Upper Income Homes,1.0,,New Upper Income Homes being built in this area,Cost of living
705,739,2594,https://districtr.org/COI/34485,coi,Suburban Commuters,Suburban cities where people will commute to Springfield for work,Suburban cities where people will commute to Springfield for work,Suburban Commuters,1.0,,Suburban cities where people will commute to for work,Suburbs
706,740,2595,https://districtr.org/COI/34489,coi,Renters around Fort Leonard Wood,This area has a lot of renters who are more transitory and affected by military funding and issues.,,Community 1,1.0,University City,This area has a lot of renters who are more transitory and affected by military funding and issues .,Vulnerable populations
707,741,2596,https://districtr.org/COI/34491,coi,Tourism Industry,Major area of employment for people working in the tourism and service industry,Major area of employment for people working in the tourism and service industry,Tourism Industry,1.0,,Major area of employment for people working in the tourism and service industry,Recreation and Tourism
708,742,2597,https://districtr.org/COI/34492,coi,Camdenton School District,"The Camdenton School District is middle class, includes a lot of homeowners.",,Community 1,1.0,,"The Camdenton School District is middle class , includes a lot of homeowners .",Named neighborhood
709,743,2598,https://districtr.org/COI/34493,coi,Small regional airport,Branson Airport is an option to connect to regional hubs and other smaller cities.  Employs from local community.,Branson Airport is an option to connect to regional hubs and other smaller cities.  Employs from local community.,Small regional airport,1.0,,Branson Airport is an option to connect to regional hubs and other smaller cities .   Employs from local community .,Community engagement
710,744,2600,https://districtr.org/COI/34494,coi,Working Class Crawford County,"Working class, relatively high unemployment.",,Community 1,1.0,,"Working class , relatively high unemployment .",Vulnerable populations
711,745,2599,https://districtr.org/COI/34496,coi,Wedding Venues,Many wedding venues and lodging sites are due to their beautiful sceneries.  Workers live close by.,Many wedding venues and lodging sites are due to their beautiful sceneries.,Wedding Venues,1.0,,Many wedding venues and lodging sites are due to their beautiful sceneries .   Workers live close by .,Environment
712,746,2601,https://districtr.org/COI/34497,coi,Major Boating Areas,"Popular Boat Launching areas, especially busy on weekends and holidays","Popular Boat Launching areas, especially busy on weekends and holidays",Major Boating Areas,1.0,,"Popular Boat Launching areas , especially busy on weekends and holidays",Community engagement
713,747,2602,https://districtr.org/COI/34498,coi,Lake of the Ozarks Community,"This community is affected by waterway policies, property taxes, and safety regulations.",,Community 1,1.0,,"This community is affected by waterway policies , property taxes , and safety regulations .",Cost of living
714,748,2603,https://districtr.org/COI/34499,coi,Shopping Area,"Small Local Shops and Outlets, employs a lot of local people","Small Local Shops and Outlets, employs a lot of local people",Shopping Area,1.0,,"Small Local Shops and Outlets , employs a lot of local people",Economy and Commerce
715,749,2604,https://districtr.org/COI/34501,coi,Dent County Unemployment & Disability,Dent County is affected by high unemployment and disability.,,Community 1,1.0,,is affected by high unemployment and disability .,Vulnerable populations
716,750,2605,https://districtr.org/COI/34502,coi,Convention Center,Major Employment source due to many conventions being hosted here due to it's central location in Missouri,Major Employment source due to many conventions being hosted here due to it's central location in Missouri,Convention Center,1.0,,Major Employment source due to many conventions being hosted here due to it 's central location in,Named neighborhood
717,751,2606,https://districtr.org/COI/34504,coi,Ft. Leonard Wood Garrison,This military base contributes a lot economically to the local area; especially in terms of employment and housing.,This military base contributes a lot economically to the local area; especially in terms of employment and housing.,Ft. Leonard Wood Garrison,1.0,,This military base contributes a lot economically to the local area ; especially in terms of employment and housing .,Economy and Commerce
718,752,2608,https://districtr.org/COI/34509,coi,St. James tourism/wineries,"The St. James community is greatly affected by tourism, especially related to its wineries.",,Community 1,1.0,,"The community is greatly affected by tourism , especially related to its wineries .",Recreation and Tourism
719,753,2609,https://districtr.org/COI/34510,coi,Newburg Area/School District,"This community has been affected by a lot of arsons in the last few years, so they are affected by fire department policies, insurance, and criminal issues.",,Community 1,1.0,,"This community has been affected by a lot of arsons in the last few years , so they are affected by fire department policies , insurance , and criminal issues .",Named neighborhood
720,754,2610,https://districtr.org/COI/34514,coi,Salem Utility Issues,The Salem community has experienced higher utility rates recently and there are many people in the community who owe a lot of back pay on their utilities otherwise they will face shutoffs.,,Community 1,1.0,,The community has experienced higher utility rates recently and there are many people in the community who owe a lot of back pay on their utilities otherwise they will face shutoffs .,Community engagement
721,756,2613,https://districtr.org/COI/34530,coi,Fo Guang Shan Buddhist community,"Chinese Buddhist community center and temple. Hosts health clinics, social gatherings. Attendees live from various parts of the region. ","Chinese Buddhist community center and temple. Hosts health clinics, social gatherings. Attendees live from various parts of the region. ",Fo Guang Shan Buddhist ,1.0,,"Chinese Buddhist community center and temple . Hosts health clinics , social gatherings . Attendees live from various parts of the region .",Religion
722,757,2617,https://districtr.org/COI/34678,coi,"Jackson, MO Area","These people will go to Jackson for shopping, entertainment, and restaurants. Pocohantas and Fruitland areas got absorbed into Jackson, so they have Jackson addresses. There is speculation going around that Oak Ridge School district will get dissolved into Jackson because they are getting smaller and smaller. ","These people will go to Jackson for shopping, entertainment, and restaurants. Pocohantas and Fruitland areas got absorbed into Jackson, so they have Jackson addresses. There is speculation going around that Oak Ridge School district will get dissolved into Jackson because they are getting smaller and smaller. ",Greater Jackson Area,1.0,Jackson,"These people will go to Jackson for shopping , entertainment , and restaurants . and areas got absorbed into , so they have Jackson addresses . There is speculation going around that Oak Ridge School district will get dissolved into Jackson because they are getting smaller and smaller .",Named neighborhood
723,758,2618,https://districtr.org/COI/34680,coi,Rural Southern Cape County,These people live in small towns in Cape County but will go to Cape for their groceries. ,These people live in small towns in Cape County but will go to Cape for their groceries. ,Rural Southern Cape County,1.0,Jackson,These people live in small towns in but will go to for their groceries .,Suburbs
724,760,2620,https://districtr.org/COI/34687,coi,Northern Cape Girardeau,"This is the Northern part of Cape Girardeau, which is also the area that is not as diverse, prodomentaly homeowners, and more middle class/upper class than the other parts of Cape. The infrastructure on this side of town is not too bad, and the businesses here are more expensive. The area in the middle is nicknamed ""Apartment Land"" and it does not fit into the demographics around it. Culturally, that census block mirrors the Downtown Cape map. ","This is the Northern part of Cape Girardeau, which is also the area that is not as diverse, prodomentaly homeowners, and more middle class/upper class than the other parts of Cape. The infrastructure on this side of town is not too bad, and the businesses here are more expensive. The area in the middle is nicknamed ""Apartment Land"" and it does not fit into the demographics around it. Culturally, that census block mirrors the Downtown Cape map. ",Northern Cape Girardeau ,1.0,Jackson,"This is the Northern part of , which is also the area that is not as diverse , homeowners , and more middle class / upper class than the other parts of . The infrastructure on this side of town is not too bad , and the businesses here are more expensive . The area in the middle is nicknamed "" Apartment Land "" and it does not fit into the demographics around it . Culturally , that census block mirrors the Downtown Cape map .",Named neighborhood
725,761,2629,https://districtr.org/COI/34943,coi,Greater Maryville,"This is the area that will likely go to Maryville for shopping, entertainment, food, and community events and consider themselves to be part of the Maryville community. ","This is the area that will likely go to Maryville for shopping, entertainment, food, and community events. ",Greater Maryville,1.0,Maryville ,"This is the area that will likely go to for shopping , entertainment , food , and community events and consider themselves to be part of the community .",Community engagement
726,762,2631,https://districtr.org/COI/34962,coi,Greater Savannah Area,"The people in these areas are likely to go to St Joe for groceries and shopping. I-29 goes straight through these counties and is near the urban clusters of Mound City, Oregon, and Savannah, so the people will jump on the highway to go grocery shopping.  The people in Union Star will jump on 169 to get to St Joe. The people in Mound City will likely go to Savannah for small-town entertainment. ","The people in these areas are likely to go to St Joe for groceries and shopping. I-29 goes straight through these counties and is near the urban clusters of Mound City, Oregon, and Savannah, so the people will jump on the highway to go grocery shopping.  The people in Union Star will jump on 169 to get to St Joe. The people in Mound City will likely go to Savannah for small-town entertainment. ",Greater Savannah Area,1.0,Maryville ,"The people in these areas are likely to go to St Joe for groceries and shopping . I-29 goes straight through these counties and is near the urban clusters of , , and Savannah , so the people will jump on the highway to go grocery shopping .   The people in Union Star will jump on 169 to get to . The people in will likely go to for small - town entertainment .",Community engagement
727,763,2579,,written,Corn Belt Plains with river flooding,this area was severely affected by river flooding several times in last few decades and shares that common interest,,,,Kansas City,this area was severely affected by river flooding several times in last few decades and shares that common interest,Named neighborhood
728,764,2528,,written,Springfield - Rebekah,"This map includes part of Springfield's robust library system and other places we consider part of our community - including the Farmer's Market, Nathanael Greene Park and other green space, and housing that is primarily older Springfieldians as well - retirees and those who helped shape Springfield decades ago through small businesses, their medical practices, and other businesses and staples that are unique to Springfield and our community. Also included in this is the Veterans Cemetery.",,,,Springfield,"This map includes part of 's robust library system and other places we consider part of our community - including the Farmer 's Market , Nathanael Greene Park and other green space , and housing that is primarily older Springfieldians as well - retirees and those who helped shape decades ago through small businesses , their medical practices , and other businesses and staples that are unique to and our community . Also included in this is the Veterans Cemetery .",Elderly
729,765,2193,,written,https://districtr.org/COI/33117,This community is a mixture of suburban and rural. A small portion is within the city limits of Columbia. Residents for the most part either work in Columbia or are retired. There is no public transit to this area.,,,,COLUMBIA,This community is a mixture of suburban and rural . A small portion is within the city limits of Columbia . Residents for the most part either work in or are retired . There is no public transit to this area .,Suburbs
730,766,2027,,written,Scott Blvd,"I don't love where I live but we have all the basic things; gas station, liquor store, gym and a bank, all within about a mile and a half distance. I would rather live on about fifteen acres somewhere and my neighbors would be chickens. And... we'd have roll carts.",,,,Columbia,"I do n't love where I live but we have all the basic things ; gas station , liquor store , gym and a bank , all within about a mile and a half distance . I would rather live on about fifteen acres somewhere and my neighbors would be chickens . And ... we 'd have roll carts .",Named neighborhood
731,767,1872,,written,"Cherry and Oak Grove, Springfield MO","This is an interesting neighborhood of 65802. It differs quite significantly from other areas included in the zip code. It tends to appear more 'middle class' than other areas. I have always found it a bit interesting the diversity of those included in the zip. Overall, according to mapping, the needs seem to be quite similar economically to other neighborhoods, such as those on the north side of town. Racial demographics however are different.  ",,,,SPRINGFIELD,"This is an interesting neighborhood of 65802 . It differs quite significantly from other areas included in the zip code . It tends to appear more ' middle class ' than other areas . I have always found it a bit interesting the diversity of those included in the zip . Overall , according to mapping , the needs seem to be quite similar economically to other neighborhoods , such as those on the north side of town . Racial demographics however are different .  ",Named neighborhood
732,768,1770,,written,"West edge of WGSD - SD 15-1, LWVSTL",This sliver of Webster Groves and Glendale is oddly split. The western tract is in SD15 with the other two tracts in SD1. These Glendale and  Webster Groves residents are in HD90 that is mostly Kirkwood (arch rival in high school sports) instead of HD91. All three tracts are in the Webster Groves School District which is more innovative and supportive of teaching critical race theory than neighboring Kirkwood.   Some white parents are concerned that their kids are now assigned to the Givens Elementary School in Rock Hill instead of Bristol. The Algonquin Golf Club is expensive with members sharing the same recreational interests. Hundreds recently attended a concert in Larson Park by a 350-year old oak tree.,,,,Webster Groves,This sliver of Webster Groves and Glendale is oddly split . The western tract is in SD15 with the other two tracts in SD1 . These Glendale and   Webster Groves residents are in HD90 that is mostly Kirkwood ( arch rival in high school sports ) instead of HD91 . All three tracts are in the Webster Groves School District which is more innovative and supportive of teaching critical race theory than neighboring .    Some white parents are concerned that their kids are now assigned to the Givens Elementary School in Rock Hill instead of Bristol . The Algonquin Golf Club is expensive with members sharing the same recreational interests . Hundreds recently attended a concert in Larson Park by a 350 - year old oak tree .,K-12 Education
733,769,1686,,written,HALO Foundation Neighborhood,The HALO Foundation is an organization that Jeff City can be very proud of. It provides transitional living and life skills classes for young women (some of whom are parenting) who are otherwise homeless or housing insecure. This non profit would benefit from more bus services in the area. The surrounding woods provides privacy and peace for the residents and staff. There are walking trails in the woods and quiet roads for biking. ,,,,Jefferson City,The HALO Foundation is an organization that can be very proud of . It provides transitional living and life skills classes for young women ( some of whom are parenting ) who are otherwise homeless or housing insecure . This non profit would benefit from more bus services in the area . The surrounding woods provides privacy and peace for the residents and staff . There are walking trails in the woods and quiet roads for biking .,Vulnerable populations
734,770,1608,,written,CT--Doing My Business,"Places I drive to church, doctors, see friends, shop, and go out to eat. ",,,,Webster Groves,"Places I drive to church , doctors , see friends , shop , and go out to eat .",Community engagement
735,771,1597,,written,Garment District - Kansas City ,"This district houses a lot of Kansas City's downtown community as well as tourist who come in. The majority of this district is residential live in median and high rise apartments. This district also falls under the downtown CID and has bumblebees roaming the streets as well. Common interests of this district would be development, residential living, and access to affordable housing. ",,,,Kansas City/Jackson County ,"This district houses a lot of downtown community as well as tourist who come in . The majority of this district is residential live in median and high rise apartments . This district also falls under the downtown CID and has bumblebees roaming the streets as well . Common interests of this district would be development , residential living , and access to affordable housing .",Community engagement
736,772,1483,,written,Jefferson City,"Jefferson City is very much a driving city and it can be difficult for folks without cars to get around. In the last ten years or so, many more networks of sidewalks and bike lanes have been added which is very helpful. The community could benefit from more. Many residents of J.C. are employed by state and county government. Work commutes between Columbia and Jefferson City are common and the population of Ashland is growing.  Traffic into J.C. via the Jefferson City Bridge (over the Missouri River) is prone to backing up in the mornings due to mist, flat tires, or other issues. This community has dealt with flooding through the years.  Greenspace is accessible. It is a short drive to farmland outside of the city. Lincoln University has an important place in the community. The Missouri River is an important component of Jefferson City's identity and layout.  J.C. benefits from tourism to the Capitol Building, historical buildings, and Lewis and Clark attractions. Over 2/3 of Jefferson City residents are white. Many residents of Holts Summit and other nearby towns commute to Jefferson City for work and/or school.",,,,Jefferson City,"is very much a driving city and it can be difficult for folks without cars to get around . In the last ten years or so , many more networks of sidewalks and bike lanes have been added which is very helpful . The community could benefit from more . Many residents of are employed by state and county government . Work commutes between and are common and the population of is growing .   Traffic into via the Jefferson City Bridge ( over ) is prone to backing up in the mornings due to mist , flat tires , or other issues . This community has dealt with flooding through the years .   Greenspace is accessible . It is a short drive to farmland outside of the city . Lincoln University has an important place in the community . The Missouri River is an important component of identity and layout .   benefits from tourism to the Capitol Building , historical buildings , and Lewis and Clark attractions . Over 2/3 of residents are white . Many residents of Holts Summit and other nearby towns commute to for work and/or school .",University
737,773,1481,,written,Jefferson City with Notes,"Jefferson City is very much a driving city and it can be difficult for folks without cars to get around. In the last ten years or so, many more networks of sidewalks and bike lanes have been added which is very helpful. The community could benefit from more. Many residents of J.C. are employed by state and county government. Work commutes between Columbia and Jefferson City are common and the population of Ashland is growing.  Traffic into J.C. via the Jefferson City Bridge (over the Missouri River) is prone to backing up in the mornings due to mist, flat tires, or other issues. This community has dealt with flooding through the years.  Greenspace is accessible. It is a short drive to farmland outside of the city. Lincoln University has an important place in the community. The Missouri River is an important component of Jefferson City's identity and layout.  J.C. benefits from tourism to the Capitol Building, historical buildings, and Lewis and Clark attractions. Over 2/3 of Jefferson City residents are white. Many residents of Holts Summit and other nearby towns commute to Jefferson City for work and/or school.",,,,Jefferson City,"is very much a driving city and it can be difficult for folks without cars to get around . In the last ten years or so , many more networks of sidewalks and bike lanes have been added which is very helpful . The community could benefit from more . Many residents of are employed by state and county government . Work commutes between and are common and the population of is growing .   Traffic into via the Jefferson City Bridge ( over ) is prone to backing up in the mornings due to mist , flat tires , or other issues . This community has dealt with flooding through the years .   Greenspace is accessible . It is a short drive to farmland outside of the city . Lincoln University has an important place in the community . The Missouri River is an important component of identity and layout .   benefits from tourism to the Capitol Building , historical buildings , and Lewis and Clark attractions . Over 2/3 of residents are white . Many residents of Holts Summit and other nearby towns commute to for work and/or school .",University
738,774,1464,,written,South County Map,"Bounded by the City of St. Louis to the North, Jefferson Barracks and the Mississippi River to the East, Mercy Hospital South to the west, most residents recognize South County Mall as a common landmark. South County includes people from diverse incomes and backgrounds, several school districts and many different religious institutions and schools, including Roman Catholic, Lutheran and Muslim. ",,,,Mehlville,"Bounded by to the North , Jefferson Barracks and to the , Mercy Hospital South to the west , most residents recognize as a common landmark . includes people from diverse incomes and backgrounds , several school districts and many different religious institutions and schools , including Roman Catholic , and Muslim .",Religion
739,775,1405,,written,Deb's South Springfield Map,Lots of subdivisions and retail. Universities and hospitals. Mostly caucasion. Religious and rural.,,,,Springfield,Lots of subdivisions and retail . Universities and hospitals . Mostly caucasion . Religious and rural .,Community engagement
740,776,1323,,written,St. Louis Public School District Funding,"Families with children in the City of St. Louis deal with an ever shrinking pot of money for public schools. TIFs and other incentives to businesses take property taxes out of the tax base, which negatively impacts public school funding. St. Louis Public Schools and publicly-funded charter schools often compete for students, money and staff. This leads to a disjointed education system and pits families and school systems against one another for limited resources, while many in the MO Legislature want to dismantle public school systems all together.",,,,Saint Louis,"Families with children in deal with an ever shrinking pot of money for public schools . TIFs and other incentives to businesses take property taxes out of the tax base , which negatively impacts public school funding . St. Louis Public Schools and publicly - funded charter schools often compete for students , money and staff . This leads to a disjointed education system and pits families and school systems against one another for limited resources , while many in the MO Legislature want to dismantle public school systems all together .",Family and Children
741,777,1259,,written,Drew's Maps of SE Columbia and of Grads,There are two maps here. One is of where a lot of graduate students live in town and one is of the Southeastern section of town that tends to visit the same parks.,,,,Columbia,There are two maps here . One is of where a lot of graduate students live in town and one is of the section of town that tends to visit the same parks .,Environment
742,778,1184,,written,Verona Hills by C Thompson,"Verona Hills in south Kansas City has an active Home Owners Association dedicated to maintaining this neighborhood as a safe, beautiful, and enjoyable place to live.  This quiet, residential neighborhood has a significant number of older adults who regularly walk around the neighborhood. Migliazzo Lake is a major asset for all residents, predominantly homeowners (67%). The population is (1918 data) 88.5% white,  5.3% black, 2.5% Hispanic, 2.2% Asia, and remaining% 2+ races. This area has 1500 voters. The median income is $100-125K.  The HOA promotes supporting older residents: https://www.veronahills.org/files/Neighbors-Helping-Neighbors.pdf (especially monitoring for Covid-19 concerns).  HOA meetings focus on the infrastructure of this and surrounding neighborhoods and supporting nearby businesses & cultural amenities (e.g., the Regnier Family Wonderscope Children's Museum of Kansas City is the only fully accessible museum providing educational experiences for young children.)  A large population of homeless people live nearby and VH neighbors try to provide resources for their survival year round, though hope for more permanent solutions to the problems of homelessness.  ",,,,Kansas City,"Verona Hills in south has an active Home Owners Association dedicated to maintaining this neighborhood as a safe , beautiful , and enjoyable place to live .   This quiet , residential neighborhood has a significant number of older adults who regularly walk around the neighborhood . Migliazzo Lake is a major asset for all residents , predominantly homeowners ( 67 % ) . The population is ( 1918 data ) 88.5 % white ,   5.3 % black , 2.5 % Hispanic , 2.2 % , and remaining% 2 + races . This area has 1500 voters . The median income is $ 100 - 125K.   The HOA promotes supporting older residents : https://www.veronahills.org/files/Neighbors-Helping-Neighbors.pdf ( especially monitoring for Covid-19 concerns ) .   HOA meetings focus on the infrastructure of this and surrounding neighborhoods and supporting nearby businesses & cultural amenities ( e.g. , the Regnier Family Wonderscope Children 's Museum of Kansas City is the only fully accessible museum providing educational experiences for young children . )   A large population of homeless people live nearby and VH neighbors try to provide resources for their survival year round , though hope for more permanent solutions to the problems of homelessness .  ",Community engagement
743,779,234,,written,Seminole-Holland Neighborhood Area,One of 34 Neighborhood service areas in as defined by the Springfield Vision 2020 process.  ,,,,Springfield/Greene,One of 34 Neighborhood service areas in as defined by the Springfield Vision 2020 process .  ,Named neighborhood
744,780,219,,written,Good Samaritan care clinic,"Since Missouri Republicans failed to implement the Medicaid Expansion approved by Missouri voters and by 37 states, many poor Missouri residents continue to rely on free healthcare clinics for the limited services they can provide.  There are only 3 clinics that show up in our area, located in West Plains, Salem, and Mountain View.  This map shows the geographic area of people who would travel to Mountain View Good Samaritan Care Clinic due to location.",,,,WillowSprings,"Since Republicans failed to implement the Medicaid Expansion approved by voters and by 37 states , many poor residents continue to rely on free healthcare clinics for the limited services they can provide .   There are only 3 clinics that show up in our area , located in , , and .   This map shows the geographic area of people who would travel to Mountain View Good Samaritan Care Clinic due to location .",Poverty
745,781,149,,written,Metro St. Louis - 7 Counties,LWV of Metro St. Louis covers this 7-county region,,,,St. Louis,LWV of Metro St. Louis covers this 7 - county region,Diversity
746,782,125,,written,"North St. Louis County, North St louis, ",Too many children are getting killed,,,,Florissant,Too many children are getting killed,Family and Children
747,5,158-1,https://districtr.org/COI/17223,coi,West County AAPIs,High density of Asian Americans,,West County AAPI ,3.0,Webster Groves,High density of Asian Americans,Diversity
748,5,158-2,https://districtr.org/COI/17223,coi,West County AAPIs,High density of Asian Americans,,Community 2,3.0,Webster Groves,High density of Asian Americans,Diversity
749,5,158-3,https://districtr.org/COI/17223,coi,West County AAPIs,High density of Asian Americans,,Community 3,3.0,Webster Groves,High density of Asian Americans,Diversity
750,39,74-1,https://districtr.org/COI/25130,coi,Blue Hills Kansas City MO,"Blue Hills, its surrounding neighborhoods and the Prospect Corridor.   Historically and currently still redlined collection of home abrupted by 71 highway, causing poor respiratory and general health outcomes.  Underserved and underinvested.","Blue Hills, its surrounding neighborhoods and the Prospect Corridor.   Historically and currently still redlined collection of home abrupted by 71 highway, causing poor respiratory and general health outcomes.  Underserved and underinvested.",Blue Hills Kansas City MO,2.0,Jackson,", its surrounding neighborhoods and the Prospect Corridor .    Historically and currently still redlined collection of home abrupted by 71 highway , causing poor respiratory and general health outcomes .   Underserved and underinvested .",Vulnerable populations
751,39,74-2,https://districtr.org/COI/25130,coi,Blue Hills Kansas City MO,"Blue Hills, its surrounding neighborhoods and the Prospect Corridor.   Historically and currently still redlined collection of home abrupted by 71 highway, causing poor respiratory and general health outcomes.  Underserved and underinvested.",,Community 2,2.0,Jackson,", its surrounding neighborhoods and the Prospect Corridor .    Historically and currently still redlined collection of home abrupted by 71 highway , causing poor respiratory and general health outcomes .   Underserved and underinvested .",Vulnerable populations
752,42,112-1,https://districtr.org/COI/25644,coi,North Springfield-Robberson & Weller,"Zone 2 Springfield; Robberson & Weller neighborhoods; a large number of renters, majority senior/elderly; Robberson Community School and Weller Elementary; Old Pepperdine School turned into O'Reilly Center for Hope; low-income; lack of affordable & safe housing; issues with vacant housing & unsafe housing; Pathways United Methodist Church provides resources to unsheltered; Safe to Sleep shelter for women; Robberson Community School is the only community school in Springfield; O'Reilly Center for Hope opened in 2020 and provides resources to unsheltered, at-risk housing, minoritized, under-resourced. ","Zone 2 Springfield; Robberson & Weller neighborhoods; a large number of renters, majority senior/elderly; Robberson Community School and Weller Elementary; Old Pepperdine School turned into O'Reilly Center for Hope; low-income; lack of affordable & safe housing; issues with vacant housing & unsafe housing; Pathways United Methodist Church provides resources to unsheltered; Safe to Sleep shelter for women; Robberson Community School is the only community school in Springfield; O'Reilly Center for Hope opened in 2020 and provides resources to unsheltered, at-risk housing, minoritized, under-resourced. ",North Springfield-Robberson & Weller Neighborhoods,2.0,Springfield,"Zone 2 ; Robberson & Weller neighborhoods ; a large number of renters , majority senior / elderly ; Robberson Community School and Weller Elementary ; Old Pepperdine School turned into O'Reilly Center for Hope ; low - income ; lack of affordable & safe housing ; issues with vacant housing & unsafe housing ; Pathways United Methodist Church provides resources to unsheltered ; Safe to Sleep shelter for women ; Robberson Community School is the only community school in ; O'Reilly Center for Hope opened in 2020 and provides resources to unsheltered , at - risk housing , minoritized , under - resourced .",Elderly
753,42,112-2,https://districtr.org/COI/25644,coi,North Springfield-Robberson & Weller,"Zone 2 Springfield; Robberson & Weller neighborhoods; a large number of renters, majority senior/elderly; Robberson Community School and Weller Elementary; Old Pepperdine School turned into O'Reilly Center for Hope; low-income; lack of affordable & safe housing; issues with vacant housing & unsafe housing; Pathways United Methodist Church provides resources to unsheltered; Safe to Sleep shelter for women; Robberson Community School is the only community school in Springfield; O'Reilly Center for Hope opened in 2020 and provides resources to unsheltered, at-risk housing, minoritized, under-resourced. ",,Community 2,2.0,Springfield,"Zone 2 ; Robberson & Weller neighborhoods ; a large number of renters , majority senior / elderly ; Robberson Community School and Weller Elementary ; Old Pepperdine School turned into O'Reilly Center for Hope ; low - income ; lack of affordable & safe housing ; issues with vacant housing & unsafe housing ; Pathways United Methodist Church provides resources to unsheltered ; Safe to Sleep shelter for women ; Robberson Community School is the only community school in ; O'Reilly Center for Hope opened in 2020 and provides resources to unsheltered , at - risk housing , minoritized , under - resourced .",Elderly
754,62,225-1,https://districtr.org/COI/26674,coi,South Central Missouri,,Highlights generally older houses and properties.,Lower Income Residences in West Plains,10.0,West Plains,,Unknown
755,62,225-2,https://districtr.org/COI/26674,coi,South Central Missouri,,Newer houses and buildings,Higher Income Residences,10.0,West Plains,,Unknown
756,62,225-3,https://districtr.org/COI/26674,coi,South Central Missouri,,This area contains the most retail shopping.,Main Retail Area,10.0,West Plains,,Unknown
757,62,225-4,https://districtr.org/COI/26674,coi,South Central Missouri,,This is rural areas and land owners that are directly affected by the city of West Plains.,Outer West Plains and Influenced by West Plains,10.0,West Plains,,Unknown
758,62,225-5,https://districtr.org/COI/26674,coi,South Central Missouri,,"Low Income, Low jobs, land owners",Thayer/Kosh Area,10.0,West Plains,,Unknown
759,62,225-6,https://districtr.org/COI/26674,coi,South Central Missouri,,"Willow Springs and surrounding area, independent from other towns influence",Willow Springs Area,10.0,West Plains,,Unknown
760,62,225-7,https://districtr.org/COI/26674,coi,South Central Missouri,,These two communties are dependent on each other.,Moutain View/Birch Tree Area,10.0,West Plains,,Unknown
761,62,225-8,https://districtr.org/COI/26674,coi,South Central Missouri,,"Sparsely populated, large land owners-private and federal.",The Sticks,10.0,West Plains,,Unknown
762,62,225-9,https://districtr.org/COI/26674,coi,South Central Missouri,,,Community 9,10.0,West Plains,,Unknown
763,62,225-10,https://districtr.org/COI/26674,coi,South Central Missouri,,Small sized city with potential for growth.,Town of Thayer,10.0,West Plains,,Unknown
764,126,1424-1, https://districtr.org/COI/29833,coi,LWVSTL - SD10 I-70 Corridor,"Area surrounding the I-70 corridor in Warren, Montgomery & Callaway Counties",Area surrounding the I-70 corridor,Warren County I-70,3.0,,"Area surrounding the I-70 corridor in , Montgomery & Callaway Counties",Diversity
765,126,1424-2, https://districtr.org/COI/29833,coi,LWVSTL - SD10 I-70 Corridor,"Area surrounding the I-70 corridor in Warren, Montgomery & Callaway Counties",Area surrounding the I-70 corridor,Montgomery County I-70,3.0,,"Area surrounding the I-70 corridor in , Montgomery & Callaway Counties",Diversity
766,126,1424-3, https://districtr.org/COI/29833,coi,LWVSTL - SD10 I-70 Corridor,"Area surrounding the I-70 corridor in Warren, Montgomery & Callaway Counties",Area surrounding the I-70 corridor,Callaway County I-70,3.0,,"Area surrounding the I-70 corridor in , Montgomery & Callaway Counties",Diversity
767,196,1403-1,https://districtr.org/COI/30254,coi,Dianna's Lees Summit andCounty Lake Plan,This is a community in Lees Summit MO of mostly single unit housing located near two county lakes along with some farmland.   Our main housing neighborhood access road is very busy and in need of repair. ,,Community 1,2.0,Not Hispanic or Latino,This is a community in Lees Summit MO of mostly single unit housing located near two county lakes along with some farmland .    Our main housing neighborhood access road is very busy and in need of repair .,Named neighborhood
768,196,1403-2,https://districtr.org/COI/30254,coi,Dianna's Lees Summit andCounty Lake Plan,This is a community in Lees Summit MO of mostly single unit housing located near two county lakes along with some farmland.   Our main housing neighborhood access road is very busy and in need of repair. ,"This community includes two county park lakes.  Due to the freeway traffic overflow and traffic to the lakes, our roads are in serious need of repair.  ",Community 2,2.0,Not Hispanic or Latino,This is a community in Lees Summit MO of mostly single unit housing located near two county lakes along with some farmland .    Our main housing neighborhood access road is very busy and in need of repair .,Named neighborhood
769,210,1414-1,https://districtr.org/COI/30274,coi,NE Springfield,NE Springfield,,Community 7,2.0,Springfield Greene,,Unknown
770,210,1414-2,https://districtr.org/COI/30274,coi,NE Springfield,NE Springfield,,Community 2,2.0,Springfield Greene,,Unknown
771,211,1411-1,https://districtr.org/COI/30274,coi,SW Springfield,SW Springfield,,Community 7,2.0,Springfield Greene,,Unknown
772,211,1411-2,https://districtr.org/COI/30274,coi,SW Springfield,SW Springfield,,Community 2,2.0,Springfield Greene,,Unknown
773,297,1525-1,https://districtr.org/COI/30766,coi,Central Columbia,"This map details the center of Columbia that includes Downtown, Columbia College, Mizzou, the North Arts Village District, Benton-Stephens, etc.. There's a hefty population mix of students as well as Columbia residents so there are also a healthy mix of concerns both student-related (undergrad and grad) as well as residential (public schools, garbage collection. etc.)","Central-North Columbia includes the areas surrounding Downtown up to the Business Loop which also includes the North Arts Village District. The closer to Downtown, the more you see undergraduate student housing though there are still residential neighborhoods.

Concerns can vary from accessibility of schools to housing affordability and renters rights.",Central-North Columbia,2.0,Columbia,"This map details the center of that includes , Columbia College , Mizzou , the North Arts Village District , Benton - Stephens , etc .. There 's a hefty population mix of students as well as Columbia residents so there are also a healthy mix of concerns both student - related ( undergrad and grad ) as well as residential ( public schools , garbage collection . etc . )",University
774,297,1525-2,https://districtr.org/COI/30766,coi,Central Columbia,"This map details the center of Columbia that includes Downtown, Columbia College, Mizzou, the North Arts Village District, Benton-Stephens, etc.. There's a hefty population mix of students as well as Columbia residents so there are also a healthy mix of concerns both student-related (undergrad and grad) as well as residential (public schools, garbage collection. etc.)","This is the heart of Downtown Columbia that extends into the flagship campus. Concerns in this area are also going to be related to campus concerns such as student housing affordability, university employee rights, as well as issues prioritized by downtown businesses, renters, and employees.",Downtown-Mizzou,2.0,Columbia,"This map details the center of that includes , Columbia College , Mizzou , the North Arts Village District , Benton - Stephens , etc .. There 's a hefty population mix of students as well as Columbia residents so there are also a healthy mix of concerns both student - related ( undergrad and grad ) as well as residential ( public schools , garbage collection . etc . )",University
775,409,1747-1,https://districtr.org/COI/31552,coi,Communities without police stations,"Communities without police stations nearby. The St. Charles County Police Department provides service to unincorporated St. Charles County and works closely with local municipal police to monitor the county’s eight patrol zones. The division also provides contract patrols in the cities of Augusta, Weldon Springs Heights, St. Paul, Flint Hill, Portage De Sioux, New Melle, and West Alton. Additionally, a full-time officer is dedicated to patrol services in the municipalities of Dardenne Praire and Weldon Spring.","Communities with police stations nearby. The St. Charles County Police Department provides service to unincorporated St. Charles County and works closely with local municipal police to monitor the county’s eight patrol zones. The division also provides contract patrols in the cities of Augusta, Weldon Springs Heights, St. Paul, Flint Hill, Portage De Sioux, New Melle, and West Alton. Additionally, a full-time officer is dedicated to patrol services in the municipalities of Dardenne Praire and Weldon Spring.",St Charles County Law Enforcement Agencies,2.0,O'Fallon,"Communities without police stations nearby . The St. Charles County Police Department provides service to unincorporated and works closely with local municipal police to monitor the county ’s eight patrol zones . The division also provides contract patrols in the cities of , , , Flint Hill , Portage De Sioux , , and . Additionally , a full - time officer is dedicated to patrol services in the municipalities of Dardenne Praire and Weldon Spring .",Cities
776,409,1747-2,https://districtr.org/COI/31552,coi,Communities without police stations,"Communities without police stations nearby. The St. Charles County Police Department provides service to unincorporated St. Charles County and works closely with local municipal police to monitor the county’s eight patrol zones. The division also provides contract patrols in the cities of Augusta, Weldon Springs Heights, St. Paul, Flint Hill, Portage De Sioux, New Melle, and West Alton. Additionally, a full-time officer is dedicated to patrol services in the municipalities of Dardenne Praire and Weldon Spring.","Communities without police stations nearby. The St. Charles County Police Department provides service to unincorporated St. Charles County and works closely with local municipal police to monitor the county’s eight patrol zones. The division also provides contract patrols in the cities of Augusta, Weldon Springs Heights, St. Paul, Flint Hill, Portage De Sioux, New Melle, and West Alton. Additionally, a full-time officer is dedicated to patrol services in the municipalities of Dardenne Praire and Weldon Spring.",Communities without police stations nearby,2.0,O'Fallon,"Communities without police stations nearby . The St. Charles County Police Department provides service to unincorporated and works closely with local municipal police to monitor the county ’s eight patrol zones . The division also provides contract patrols in the cities of , , , Flint Hill , Portage De Sioux , , and . Additionally , a full - time officer is dedicated to patrol services in the municipalities of Dardenne Praire and Weldon Spring .",Cities
777,410,1749-1,https://districtr.org/COI/31553,coi,Communities without easy access to Pharm,Communities without easy access to Pharmacies,Communities with easy access to Pharmacies,LWV SD02 SD23 Pharmacies,2.0,O'Fallon,Communities without easy access to Pharmacies,Vulnerable populations
778,410,1749-2,https://districtr.org/COI/31553,coi,Communities without easy access to Pharm,Communities without easy access to Pharmacies,Communities without easy access to Pharmacies,Communities without easy access to Pharmacies,2.0,O'Fallon,Communities without easy access to Pharmacies,Vulnerable populations
779,411,1750-1,https://districtr.org/COI/31554,coi,Communities without easy access to Med,Communities without easy access to Medical Facilities,Communities with easy access to Medical Facilities,LWV SD02 SD23 St Charles County Medical Facilitiesand Medical Facilities,2.0,O'Fallon,Communities without easy access to Medical Facilities,Vulnerable populations
780,411,1750-2,https://districtr.org/COI/31554,coi,Communities without easy access to Med,Communities without easy access to Medical Facilities,Communities without easy access to Medical Facilities,Communities without easy access to Medical Facilities,2.0,O'Fallon,Communities without easy access to Medical Facilities,Vulnerable populations
781,412,1751-1,https://districtr.org/COI/31555,coi,Communities without easy access to Groc,Communities without easy access to Grocery Stores,Communities with easy access to Grocery Stores,LWV SD02 SD23 Grocery stores,2.0,O'Fallon,Communities without easy access to Grocery Stores,Vulnerable populations
782,412,1751-2,https://districtr.org/COI/31555,coi,Communities without easy access to Groc,Communities without easy access to Grocery Stores,Communities without easy access to Grocery Stores,Communities without easy access to Grocery Stores,2.0,O'Fallon,Communities without easy access to Grocery Stores,Vulnerable populations
783,413,1752-1,https://districtr.org/COI/31556,coi,Communities not served by sanitary sewer,Communities not served by sanitary sewer,Communities served by sanitary sewer,LWV SD02 SD23 served by sanitary sewer,2.0,O'Fallon,Communities not served by sanitary sewer,Community engagement
784,413,1752-2,https://districtr.org/COI/31556,coi,Communities not served by sanitary sewer,Communities not served by sanitary sewer,Communities not served by sanitary sewer,Communities not served by sanitary sewer,2.0,O'Fallon,Communities not served by sanitary sewer,Community engagement
785,414,1753-1,https://districtr.org/COI/31557,coi,Communities without easy access to Parks,Communities without easy access to Public Parks,Communities with easy access to Public Parks,LWV SD02 SD23 Public Park Access,2.0,O'Fallon,Communities without easy access to Public Parks,Vulnerable populations
786,414,1753-2,https://districtr.org/COI/31557,coi,Communities without easy access to Parks,Communities without easy access to Public Parks,Communities without easy access to Public Parks,Communities without easy access to Public Parks,2.0,O'Fallon,Communities without easy access to Public Parks,Vulnerable populations
787,415,1756-1,https://districtr.org/COI/31559,coi,Communities w/out easy access to childca,Communities without easy access to childcare facilities,Communities with easy access to childcare facilities,LWV SD02 SD23 childcare facilities,2.0,O'Fallon,Communities without easy access to childcare facilities,Vulnerable populations
788,415,1756-2,https://districtr.org/COI/31559,coi,Communities w/out easy access to childca,Communities without easy access to childcare facilities,Communities with easy access to childcare facilities,Communities without easy access to childcare facilities,2.0,O'Fallon,Communities without easy access to childcare facilities,Vulnerable populations
789,416,1757-1,https://districtr.org/COI/31560,coi,Without easy access to polling places,Communities without easy access to polling places,Communities with easy access to polling places,LWV SD02 SD23 polling places,2.0,O'Fallon,Communities without easy access to polling places,Vulnerable populations
790,416,1757-2,https://districtr.org/COI/31560,coi,Without easy access to polling places,Communities without easy access to polling places,Communities without easy access to polling places,Communities without easy access to polling places,2.0,O'Fallon,Communities without easy access to polling places,Vulnerable populations
791,431,1783-1,https://districtr.org/COI/31739,coi,Courtney's Gracemor- Randolph map,,,Gracemore - Randolph ,2.0,Kansas City,,Unknown
792,431,1783-2,https://districtr.org/COI/31739,coi,Courtney's Gracemor- Randolph map,,,Community 2,2.0,Kansas City,,Unknown
793,461,1834-1,https://districtr.org/COI/31900,coi,Healthcare Access (Fitzgibbon/Saline),"With the recent closure of Pinnacle Health in Boonville, Fitzgibbon Hospital in Marshall, MO became one of the only full-service surgical hospitals in Mid-Missouri. Fitzgibbon routinely treats patients from 7 surrounding counties. Fitzgibbon has one of the only cancer treatment centers, ambulatory care units and active OB/GYN beds for pregnant women in mid-Missouri. Residents living in north Pettis county--particularly those closest to Marshall Junction (I-70 and 65) frequent Fitzgibbon over Bothwell. With the closure of Booneville's hospital, patients from Cooper and Howard Counties now frequent Fitzgibbon more regularly--Fitzgibbon even has a clinic in Fayette. North of Marshall, there are far fewer options, which attracts patients from Chariton and Carroll Counties.  The difficulty for patients living within the green zone is the 20-50 miles some of them must travel to reach their nearest hospital. Poor infrastructure, such as bad roads and bridges limits their ability to reach the hospital. Many seniors live in the most remote rural areas and are not able to make routine visits to the doctor--and when an ambulance is called it can take half an hour or more for it or a firetruck to arrive. Moreover, the lack of internet makes rural telehealth visits nearly impossible. ",,Fitzgibbon Hospital,3.0,Marshall,"With the recent closure of Pinnacle Health in , Fitzgibbon Hospital in , became one of the only full - service surgical hospitals in . Fitzgibbon routinely treats patients from 7 surrounding counties . Fitzgibbon has one of the only cancer treatment centers , ambulatory care units and active OB / GYN beds for pregnant women in mid - . Residents living in north Pettis county -- particularly those closest to Marshall Junction ( I-70 and 65 ) frequent Fitzgibbon over Bothwell . With the closure of Booneville 's hospital , patients from Cooper and Howard Counties now frequent Fitzgibbon more regularly -- Fitzgibbon even has a clinic in . North of Marshall , there are far fewer options , which attracts patients from Chariton and Carroll Counties .   The difficulty for patients living within is the 20 - 50 miles some of them must travel to reach their nearest hospital . Poor infrastructure , such as bad roads and bridges limits their ability to reach the hospital . Many seniors live in the most remote rural areas and are not able to make routine visits to the doctor -- and when an ambulance is called it can take half an hour or more for it or a firetruck to arrive . Moreover , the lack of internet makes rural telehealth visits nearly impossible .",Elderly
794,461,1834-2,https://districtr.org/COI/31900,coi,Healthcare Access (Fitzgibbon/Saline),"With the recent closure of Pinnacle Health in Boonville, Fitzgibbon Hospital in Marshall, MO became one of the only full-service surgical hospitals in Mid-Missouri. Fitzgibbon routinely treats patients from 7 surrounding counties. Fitzgibbon has one of the only cancer treatment centers, ambulatory care units and active OB/GYN beds for pregnant women in mid-Missouri. Residents living in north Pettis county--particularly those closest to Marshall Junction (I-70 and 65) frequent Fitzgibbon over Bothwell. With the closure of Booneville's hospital, patients from Cooper and Howard Counties now frequent Fitzgibbon more regularly--Fitzgibbon even has a clinic in Fayette. North of Marshall, there are far fewer options, which attracts patients from Chariton and Carroll Counties.  The difficulty for patients living within the green zone is the 20-50 miles some of them must travel to reach their nearest hospital. Poor infrastructure, such as bad roads and bridges limits their ability to reach the hospital. Many seniors live in the most remote rural areas and are not able to make routine visits to the doctor--and when an ambulance is called it can take half an hour or more for it or a firetruck to arrive. Moreover, the lack of internet makes rural telehealth visits nearly impossible. ",,Marshall,3.0,Marshall,"With the recent closure of Pinnacle Health in , Fitzgibbon Hospital in , became one of the only full - service surgical hospitals in . Fitzgibbon routinely treats patients from 7 surrounding counties . Fitzgibbon has one of the only cancer treatment centers , ambulatory care units and active OB / GYN beds for pregnant women in mid - . Residents living in north Pettis county -- particularly those closest to Marshall Junction ( I-70 and 65 ) frequent Fitzgibbon over Bothwell . With the closure of Booneville 's hospital , patients from Cooper and Howard Counties now frequent Fitzgibbon more regularly -- Fitzgibbon even has a clinic in . North of Marshall , there are far fewer options , which attracts patients from Chariton and Carroll Counties .   The difficulty for patients living within is the 20 - 50 miles some of them must travel to reach their nearest hospital . Poor infrastructure , such as bad roads and bridges limits their ability to reach the hospital . Many seniors live in the most remote rural areas and are not able to make routine visits to the doctor -- and when an ambulance is called it can take half an hour or more for it or a firetruck to arrive . Moreover , the lack of internet makes rural telehealth visits nearly impossible .",Elderly
795,461,1834-3,https://districtr.org/COI/31900,coi,Healthcare Access (Fitzgibbon/Saline),"With the recent closure of Pinnacle Health in Boonville, Fitzgibbon Hospital in Marshall, MO became one of the only full-service surgical hospitals in Mid-Missouri. Fitzgibbon routinely treats patients from 7 surrounding counties. Fitzgibbon has one of the only cancer treatment centers, ambulatory care units and active OB/GYN beds for pregnant women in mid-Missouri. Residents living in north Pettis county--particularly those closest to Marshall Junction (I-70 and 65) frequent Fitzgibbon over Bothwell. With the closure of Booneville's hospital, patients from Cooper and Howard Counties now frequent Fitzgibbon more regularly--Fitzgibbon even has a clinic in Fayette. North of Marshall, there are far fewer options, which attracts patients from Chariton and Carroll Counties.  The difficulty for patients living within the green zone is the 20-50 miles some of them must travel to reach their nearest hospital. Poor infrastructure, such as bad roads and bridges limits their ability to reach the hospital. Many seniors live in the most remote rural areas and are not able to make routine visits to the doctor--and when an ambulance is called it can take half an hour or more for it or a firetruck to arrive. Moreover, the lack of internet makes rural telehealth visits nearly impossible. ","With the recent closure of Pinnacle Health in Boonville, Fitzgibbon Hospital in Marshall, MO became one of the only full-service surgical hospitals in Mid-Missouri. Fitzgibbon routinely treats patients from 7 surrounding counties. Fitzgibbon has one of the only cancer treatment centers, ambulatory care units and active OB/GYN beds for pregnant women in mid-Missouri. Residents living in north Pettis county--particularly those closest to Marshall Junction (I-70 and 65) frequent Fitzgibbon over Bothwell. With the closure of Booneville's hospital, patients from Cooper and Howard Counties now frequent Fitzgibbon more regularly--Fitzgibbon even has a clinic in Fayette. North of Marshall, there are far fewer options, which attracts patients from Chariton and Carroll Counties.

The difficulty for patients living within the green zone is the 20-50 miles some of them must travel to reach their nearest hospital. Poor infrastructure, such as bad roads and bridges limits their ability to reach the hospital. Many seniors live in the most remote rural areas and are not able to make routine visits to the doctor--and when an ambulance is called it can take half an hour or more for it or a firetruck to arrive. Moreover, the lack of internet makes rural telehealth visits nearly impossible. ",Surrounding Communities Reliant on Fitzgibbon,3.0,Marshall,"With the recent closure of Pinnacle Health in , Fitzgibbon Hospital in , became one of the only full - service surgical hospitals in . Fitzgibbon routinely treats patients from 7 surrounding counties . Fitzgibbon has one of the only cancer treatment centers , ambulatory care units and active OB / GYN beds for pregnant women in mid - . Residents living in north Pettis county -- particularly those closest to Marshall Junction ( I-70 and 65 ) frequent Fitzgibbon over Bothwell . With the closure of Booneville 's hospital , patients from Cooper and Howard Counties now frequent Fitzgibbon more regularly -- Fitzgibbon even has a clinic in . North of Marshall , there are far fewer options , which attracts patients from Chariton and Carroll Counties .   The difficulty for patients living within is the 20 - 50 miles some of them must travel to reach their nearest hospital . Poor infrastructure , such as bad roads and bridges limits their ability to reach the hospital . Many seniors live in the most remote rural areas and are not able to make routine visits to the doctor -- and when an ambulance is called it can take half an hour or more for it or a firetruck to arrive . Moreover , the lack of internet makes rural telehealth visits nearly impossible .",Elderly
796,463,1837-1,https://districtr.org/COI/31904,coi,Saline County,"Saline County has three distinct kinds of communities.   The first is Marshall itself (blue). This rural-burb has become the epicenter of Saline County not just as the county seat, but also as the population hub. With the closure of rural post offices, disastrous flooding, bankrupt mom and pop grocery stores, and the closure of smaller schools, the population of Saline County has been forced to migrate toward Marshall. This has left Marshall with limited quality house, minimal high-paying jobs, and a struggling educational system.  The second type of community (green) are those towns like Slater, Sweet Springs, Malta Bend, Arrow Rock that are struggling to survive. These are towns that without state intervention will no longer exist in 20-30 years because businesses will not be able to sustain themselves, especially with increased population and job loss.   The third type of community (yellow) are the remote rural areas. These are mostly generational family farms--many of which are routinely flooded out, especially in north Saline County where the MO River ruins fields, towns, bridges, and roads all the same. Southern Saline is routinely flooded out because of the Blackwater River, Salt Fork, and the Lamine. These are communities where small towns once existed, but became ghost towns when the post office was removed. The residents in these areas lack access to nearby healthcare in most instances, reliable grocery stories, Internet, and funding to address those issues.",,Marshall (Ruralburb),3.0,Marshall,"has three distinct kinds of communities .    The first is Marshall itself ( blue ) . This rural - burb has become the epicenter of not just as the county seat , but also as the population hub . With the closure of rural post offices , disastrous flooding , bankrupt mom and pop grocery stores , and the closure of smaller schools , the population of has been forced to migrate toward Marshall . This has left Marshall with limited quality house , minimal high - paying jobs , and a struggling educational system .   The second type of community ( green ) are those towns like Slater , Sweet Springs , Malta Bend , that are struggling to survive . These are towns that without state intervention will no longer exist in 20 - 30 years because businesses will not be able to sustain themselves , especially with increased population and job loss .    The third type of community ( yellow ) are the remote rural areas . These are mostly generational family farms -- many of which are routinely flooded out , especially in north where the ruins fields , towns , bridges , and roads all the same . Southern Saline is routinely flooded out because of , , and the Lamine . These are communities where small towns once existed , but became ghost towns when the post office was removed . The residents in these areas lack access to nearby healthcare in most instances , reliable grocery stories , Internet , and funding to address those issues .",Vulnerable populations
797,463,1837-2,https://districtr.org/COI/31904,coi,Saline County,"Saline County has three distinct kinds of communities.   The first is Marshall itself (blue). This rural-burb has become the epicenter of Saline County not just as the county seat, but also as the population hub. With the closure of rural post offices, disastrous flooding, bankrupt mom and pop grocery stores, and the closure of smaller schools, the population of Saline County has been forced to migrate toward Marshall. This has left Marshall with limited quality house, minimal high-paying jobs, and a struggling educational system.  The second type of community (green) are those towns like Slater, Sweet Springs, Malta Bend, Arrow Rock that are struggling to survive. These are towns that without state intervention will no longer exist in 20-30 years because businesses will not be able to sustain themselves, especially with increased population and job loss.   The third type of community (yellow) are the remote rural areas. These are mostly generational family farms--many of which are routinely flooded out, especially in north Saline County where the MO River ruins fields, towns, bridges, and roads all the same. Southern Saline is routinely flooded out because of the Blackwater River, Salt Fork, and the Lamine. These are communities where small towns once existed, but became ghost towns when the post office was removed. The residents in these areas lack access to nearby healthcare in most instances, reliable grocery stories, Internet, and funding to address those issues.",,Remote Rural Areas,3.0,Marshall,"has three distinct kinds of communities .    The first is Marshall itself ( blue ) . This rural - burb has become the epicenter of not just as the county seat , but also as the population hub . With the closure of rural post offices , disastrous flooding , bankrupt mom and pop grocery stores , and the closure of smaller schools , the population of has been forced to migrate toward Marshall . This has left Marshall with limited quality house , minimal high - paying jobs , and a struggling educational system .   The second type of community ( green ) are those towns like Slater , Sweet Springs , Malta Bend , that are struggling to survive . These are towns that without state intervention will no longer exist in 20 - 30 years because businesses will not be able to sustain themselves , especially with increased population and job loss .    The third type of community ( yellow ) are the remote rural areas . These are mostly generational family farms -- many of which are routinely flooded out , especially in north where the ruins fields , towns , bridges , and roads all the same . Southern Saline is routinely flooded out because of , , and the Lamine . These are communities where small towns once existed , but became ghost towns when the post office was removed . The residents in these areas lack access to nearby healthcare in most instances , reliable grocery stories , Internet , and funding to address those issues .",Vulnerable populations
798,463,1837-3,https://districtr.org/COI/31904,coi,Saline County,"Saline County has three distinct kinds of communities.   The first is Marshall itself (blue). This rural-burb has become the epicenter of Saline County not just as the county seat, but also as the population hub. With the closure of rural post offices, disastrous flooding, bankrupt mom and pop grocery stores, and the closure of smaller schools, the population of Saline County has been forced to migrate toward Marshall. This has left Marshall with limited quality house, minimal high-paying jobs, and a struggling educational system.  The second type of community (green) are those towns like Slater, Sweet Springs, Malta Bend, Arrow Rock that are struggling to survive. These are towns that without state intervention will no longer exist in 20-30 years because businesses will not be able to sustain themselves, especially with increased population and job loss.   The third type of community (yellow) are the remote rural areas. These are mostly generational family farms--many of which are routinely flooded out, especially in north Saline County where the MO River ruins fields, towns, bridges, and roads all the same. Southern Saline is routinely flooded out because of the Blackwater River, Salt Fork, and the Lamine. These are communities where small towns once existed, but became ghost towns when the post office was removed. The residents in these areas lack access to nearby healthcare in most instances, reliable grocery stories, Internet, and funding to address those issues.","Saline County has three distinct kinds of communities. 

The first is Marshall itself (blue). This rural-burb has become the epicenter of Saline County not just as the county seat, but also as the population hub. With the closure of rural post offices, disastrous flooding, bankrupt mom and pop grocery stores, and the closure of smaller schools, the population of Saline County has been forced to migrate toward Marshall. This has left Marshall with limited quality house, minimal high-paying jobs, and a struggling educational system.

The second type of community (green) are those towns like Slater, Sweet Springs, Malta Bend, Arrow Rock that are struggling to survive. These are towns that without state intervention will no longer exist in 20-30 years because businesses will not be able to sustain themselves, especially with increased population and job loss. 

The third type of community (yellow) are the remote rural areas. These are mostly generational family farms--many of which are routinely flooded out, especially in north Saline County where the MO River ruins fields, towns, bridges, and roads all the same. Southern Saline is routinely flooded out because of the Blackwater River, Salt Fork, and the Lamine. These are communities where small towns once existed, but became ghost towns when the post office was removed. The residents in these areas lack access to nearby healthcare in most instances, reliable grocery stories, Internet, and funding to address those issues.",Rural Towns,3.0,Marshall,"has three distinct kinds of communities .    The first is Marshall itself ( blue ) . This rural - burb has become the epicenter of not just as the county seat , but also as the population hub . With the closure of rural post offices , disastrous flooding , bankrupt mom and pop grocery stores , and the closure of smaller schools , the population of has been forced to migrate toward Marshall . This has left Marshall with limited quality house , minimal high - paying jobs , and a struggling educational system .   The second type of community ( green ) are those towns like Slater , Sweet Springs , Malta Bend , that are struggling to survive . These are towns that without state intervention will no longer exist in 20 - 30 years because businesses will not be able to sustain themselves , especially with increased population and job loss .    The third type of community ( yellow ) are the remote rural areas . These are mostly generational family farms -- many of which are routinely flooded out , especially in north where the ruins fields , towns , bridges , and roads all the same . Southern Saline is routinely flooded out because of , , and the Lamine . These are communities where small towns once existed , but became ghost towns when the post office was removed . The residents in these areas lack access to nearby healthcare in most instances , reliable grocery stories , Internet , and funding to address those issues .",Vulnerable populations
799,501,1914-1,https://districtr.org/COI/32238,coi,Letty's Brookside Map,,"People in the Brookside community tend to stay here. Some families have been here for two or three generations, people buy their parents homes to stay in the area or if people move, they tend to move close by. 
Sidewalks are in disrepair in this area and repairs don't happen very quickly here. Brookside shopping area has resisted franchises to keep local business and have a hometown feel to the area.
",Brookside KC,2.0,Jackson,,Unknown
800,501,1914-2,https://districtr.org/COI/32238,coi,Letty's Brookside Map,,,Community 2,2.0,Jackson,,Unknown
801,524,1968-1,https://districtr.org/COI/32466,coi,"NW Livingston, Chillicothe, Trenton ","Several maps covering NW Livingston, Poosey Conservation Area, Gallatin, Jamesport, Trenton and Chillicothe","I live in Jackson Township in northwestern Livingston County.
This area is comprised of mainly of farmiong families in single family dwellings.

Deteriorating blacktop roads such as highways A, U, W and Y.

Bad internet service is another issue of concern. Major gaps in access especially along Hwy A.

Phone service needs improvement as well.
",NW Livingston County/Jackson Township,5.0,,"Several maps covering NW Livingston , Poosey Conservation Area , Gallatin , Jamesport , and Chillicothe",Diversity
802,524,1968-2,https://districtr.org/COI/32466,coi,"NW Livingston, Chillicothe, Trenton ","Several maps covering NW Livingston, Poosey Conservation Area, Gallatin, Jamesport, Trenton and Chillicothe","The Poosey Conservation Area is an area where my family hikes, where I do photography.
We also participate in the Poosey Tour regularly.
People from all over the state visit Poosey to fish, hike, camp, swim and many other recreational activities.
There was recently a grave threat posed to the area from a large hog CAFO that was attempting to build a facility within 2 miles of the conservation area. This attempt was turned back by community pushback and organizing.
Protecting this destination conservation area should be a top priority into the future",Poosey Conservation Area,5.0,,"Several maps covering NW Livingston , Poosey Conservation Area , Gallatin , Jamesport , and Chillicothe",Diversity
803,524,1968-3,https://districtr.org/COI/32466,coi,"NW Livingston, Chillicothe, Trenton ","Several maps covering NW Livingston, Poosey Conservation Area, Gallatin, Jamesport, Trenton and Chillicothe","I receive my basic healthcare from Hedrick Medical Center in Chillicothe.

Hedrick does a great job meeting the needs of the community to  the degree that a small community hospital is capable of.

There is also a public health center in Chillicothe that provides flu/COVID shots, blood draws, WIC services and other services provided to the public including low income citizens.",Healthcare,5.0,,"Several maps covering NW Livingston , Poosey Conservation Area , Gallatin , Jamesport , and Chillicothe",Diversity
804,524,1968-4,https://districtr.org/COI/32466,coi,"NW Livingston, Chillicothe, Trenton ","Several maps covering NW Livingston, Poosey Conservation Area, Gallatin, Jamesport, Trenton and Chillicothe","We do the majority of our grocery shopping in Chillicothe.
We also dine out and have social functions in Chillicothe.
The vocational technical school should be expanded. The demand for training for trades is rapidly increasing.
This could be a great area of opportunity to build a skilled workforce and the good jobs that would follow would boost the local economy.
We also buy personal vehicles and farm supplies in Chillicothe

",Shopping and Leisure,5.0,,"Several maps covering NW Livingston , Poosey Conservation Area , Gallatin , Jamesport , and Chillicothe",Diversity
805,524,1968-5,https://districtr.org/COI/32466,coi,"NW Livingston, Chillicothe, Trenton ","Several maps covering NW Livingston, Poosey Conservation Area, Gallatin, Jamesport, Trenton and Chillicothe","I purchase large farm equipment and get repairs at the Gallatin Truck and Tractor.

I also purchase farm fuel and supplies.

Jamesport is a Amish and Mennonite community where we buy some produce and hire some construction workers.

We also dine out and grocery shop on occasion.

I buy farm supplies and cattle feed in Trenton.

We also dine out and do some grocery shopping in Trenton.",Farm Equipment and Repair,5.0,,"Several maps covering NW Livingston , Poosey Conservation Area , Gallatin , Jamesport , and Chillicothe",Diversity
806,529,1977-1,https://districtr.org/COI/32515,coi,#mojwj Tiara East New Madrid County,"My community map is New Madrid County on the East end in Sikeston, MO. It is accurate for the most part but not as reflective of the lower income community in my area. Funding may not be divided as equally as it should be.","My community districting is very vast in my area. It reflects the community I live in but what about those like myself who are not in the same income bracket as others in my community. It reaches to those higher end communities with the better housing and higher mortgages.

So when funding hits our community, who will actually benefit from it?
","#mojwj Tiara  East New Madrid County, Sikeston, MO",2.0,Sikeston/New Madrid,"My community map is on in , . It is accurate for the most part but not as reflective of the lower income community in my area . Funding may not be divided as equally as it should be .",Community engagement
807,529,1977-2,https://districtr.org/COI/32515,coi,#mojwj Tiara East New Madrid County,"My community map is New Madrid County on the East end in Sikeston, MO. It is accurate for the most part but not as reflective of the lower income community in my area. Funding may not be divided as equally as it should be.",,Community 2,2.0,Sikeston/New Madrid,"My community map is on in , . It is accurate for the most part but not as reflective of the lower income community in my area . Funding may not be divided as equally as it should be .",Community engagement
808,530,1978-1,https://districtr.org/COI/32518,coi,Will Henrickson Map 3,"I drew Jefferson City, based on the community layouts. ","Jefferson City being the capitol of the state is a population center for central Missouri. In a community surround by small farming towns, Jefferson City is the closest thing to a metropolis, only next to Columbia, in this region. 

The city is now divided into the east and west in, based on a new school district and a second hospital being built, both within the last ten years. ",Jefferson City Proper ,3.0,Holts Summit ,"I drew , based on the community layouts .",Community engagement
809,530,1978-2,https://districtr.org/COI/32518,coi,Will Henrickson Map 3,"I drew Jefferson City, based on the community layouts. ","The Yellow portions of the city can be considered old Jefferson City. The East side of town includes the historic down town and state capitol. This side of town is older, and is expanding less currently. 
",Community 2,3.0,Holts Summit ,"I drew , based on the community layouts .",Community engagement
810,530,1978-3,https://districtr.org/COI/32518,coi,Will Henrickson Map 3,"I drew Jefferson City, based on the community layouts. ","The green side of town can be considered the West end of town and the developing side of the city. In the last 5 years Jefferson City built a second high school that is expanding every year and is drawing in new attendees and residents to the area. 

As well new businesses typically fill in this part of the city so the new economic center has become the West side of Jefferson City. ",Community 3,3.0,Holts Summit ,"I drew , based on the community layouts .",Community engagement
811,547,2022-1,https://districtr.org/COI/32705,coi,#MOJWJ Heathers Caruth Map,The yellow is other rule area we consider our neighbors the green is the nearest town and Senath it has a gas station and where our children go to school these are my neighbors and my community. My community seems to be in six diff distritcts I did not include Hornerville City or the county area of the Rives community and it should be also included. ,I live in a very small township right out side of Senath MO. The township is called Caruth I consider the two smallest and closest towns in the Area Senath and Hornersville both my area. My township has a Kennett address but our kids go to school at Senath so Senath is my community. ,#MOJWJ Heathers Caruth Rule Map,3.0,Kennett,The yellow is other rule area we consider our neighbors the green is the nearest town and it has a gas station and where our children go to school these are my neighbors and my community . My community seems to be in six diff distritcts I did not include or of the Rives community and it should be also included .,Named neighborhood
812,547,2022-2,https://districtr.org/COI/32705,coi,#MOJWJ Heathers Caruth Map,The yellow is other rule area we consider our neighbors the green is the nearest town and Senath it has a gas station and where our children go to school these are my neighbors and my community. My community seems to be in six diff distritcts I did not include Hornerville City or the county area of the Rives community and it should be also included. ,This is a diff area than mine but all the kids go to school with our children i still consider these people my neighbors.,District 2,3.0,Kennett,The yellow is other rule area we consider our neighbors the green is the nearest town and it has a gas station and where our children go to school these are my neighbors and my community . My community seems to be in six diff distritcts I did not include or of the Rives community and it should be also included .,Named neighborhood
813,547,2022-3,https://districtr.org/COI/32705,coi,#MOJWJ Heathers Caruth Map,The yellow is other rule area we consider our neighbors the green is the nearest town and Senath it has a gas station and where our children go to school these are my neighbors and my community. My community seems to be in six diff distritcts I did not include Hornerville City or the county area of the Rives community and it should be also included. ,This is the nearest town with a gas staion and where the kids go to school there is no grocrie store but this is my community and my town.,Senath,3.0,Kennett,The yellow is other rule area we consider our neighbors the green is the nearest town and it has a gas station and where our children go to school these are my neighbors and my community . My community seems to be in six diff distritcts I did not include or of the Rives community and it should be also included .,Named neighborhood
814,554,2032-1,https://districtr.org/COI/32737,coi,Fayette/ North Columbia,This map has Fayette and parts of Columbia,"I grew up and lived in Fayette for 30 years. I visit there frequently as my brother and sister still live there and occasionally dine out there.

I grew up on a farm just outside Fayette in Howard County and lived there about 20 years.

That area is comprised mostly of farm families in single family dwelling.

Common interests include road and sidewalk improvements and improved cell phone service.

They also need improved trash and recycling pickup.

Dogs running loose is a big neighborhood issue",Fayette,3.0,,This map has Fayette and parts of Columbia,Named neighborhood
815,554,2032-2,https://districtr.org/COI/32737,coi,Fayette/ North Columbia,This map has Fayette and parts of Columbia,"This is my current residence. 

This is a blue collar working class neighborhood.

Crime is a common concern mainly stealing from yards and porches.

Traffic issues on Blue Ridge Rd. from cars driving way too fast for the neighborhood.",North Columbia,3.0,,This map has Fayette and parts of Columbia,Named neighborhood
816,554,2032-3,https://districtr.org/COI/32737,coi,Fayette/ North Columbia,This map has Fayette and parts of Columbia,"I do most of my shopping, dining out and get my healthcare in parts of Columbia.
I also do business such as large purchases and repairs.

More stores and restaurants are needed in North Columbia.",Shopping/Healthcare/Leisure,3.0,,This map has Fayette and parts of Columbia,Named neighborhood
817,592,2092-1,https://districtr.org/COI/32855,coi,Northern Springfield community maps,"This map characterizes two communities. Map one (blue) describes the northern side of Springfield City which tends to be lower income, house more renters than owners and need more community development. Map two (yellow) describes the northern suburbs of Springfield which tend to have more home ownership and is more likely to commute further to work as there are less employment opportunities just outside of Springfield. ",This community tends to be lower income. This area also houses a majority of our minority communities. This area of Springfield is in need of community development and upgraded infrastructure. There is less economic opportunity here and needs business development to bolster the community. ,North Side of Springfield ,3.0,Greene,"This map characterizes two communities . Map one ( blue ) describes the northern side of which tends to be lower income , house more renters than owners and need more community development . Map two ( yellow ) describes the northern suburbs of which tend to have more home ownership and is more likely to commute further to work as there are less employment opportunities just outside of .",Community engagement
818,592,2092-2,https://districtr.org/COI/32855,coi,Northern Springfield community maps,"This map characterizes two communities. Map one (blue) describes the northern side of Springfield City which tends to be lower income, house more renters than owners and need more community development. Map two (yellow) describes the northern suburbs of Springfield which tend to have more home ownership and is more likely to commute further to work as there are less employment opportunities just outside of Springfield. ",This community is more suburban than communities south of I-44. This community works within Springfield but tends to be mostly home owners and higher income renters. ,Northern Springfield suburb,3.0,Greene,"This map characterizes two communities . Map one ( blue ) describes the northern side of which tends to be lower income , house more renters than owners and need more community development . Map two ( yellow ) describes the northern suburbs of which tend to have more home ownership and is more likely to commute further to work as there are less employment opportunities just outside of .",Community engagement
819,592,2092-3,https://districtr.org/COI/32855,coi,Northern Springfield community maps,"This map characterizes two communities. Map one (blue) describes the northern side of Springfield City which tends to be lower income, house more renters than owners and need more community development. Map two (yellow) describes the northern suburbs of Springfield which tend to have more home ownership and is more likely to commute further to work as there are less employment opportunities just outside of Springfield. ",This area of Greene county is more rural ,District 3,3.0,Greene,"This map characterizes two communities . Map one ( blue ) describes the northern side of which tends to be lower income , house more renters than owners and need more community development . Map two ( yellow ) describes the northern suburbs of which tend to have more home ownership and is more likely to commute further to work as there are less employment opportunities just outside of .",Community engagement
820,595,2099-1,https://districtr.org/COI/32868,coi,"Howard County, MO","Shows main cities, farming","Largest city in Howard Co, few business but home to Central Methodist University, the largest employer.  Mix of ages, increased rental property due to University.  Some areas deteriorating.  Major grocery store in Co. Residents work out of county. ","Fayette, MO",4.0,Howard Co,"Shows main cities , farming",Agriculture
821,595,2099-2,https://districtr.org/COI/32868,coi,"Howard County, MO","Shows main cities, farming",Second largest city in Howard Co.  More cohesive in alike residents.  Public as well as parochial school.  Very oriented to surrounding farm land.  ,"Glasgow, MO",4.0,Howard Co,"Shows main cities , farming",Agriculture
822,595,2099-3,https://districtr.org/COI/32868,coi,"Howard County, MO","Shows main cities, farming","Very few businesses, older population, resources across river in Boonville.","New Franklin, MO area",4.0,Howard Co,"Shows main cities , farming",Agriculture
823,595,2099-4,https://districtr.org/COI/32868,coi,"Howard County, MO","Shows main cities, farming","The majority of Howard Co is farmland, with cities of Fayette, Glasgow, New Franklin and Armstrong.  All cities lacking in local businesses, and having infrastructure problems.  Increasing residents employed out of county, shopping out of county, except the farming community. Less people bonding for good of communities. Strong public/parochial schools in each, plus Central Methodist University in Fayette.  Some manufacturing in Glasgow.  ",Farmland in Howard Co,4.0,Howard Co,"Shows main cities , farming",Agriculture
824,619,2185-1,https://districtr.org/COI/33106,coi,"columbia, mo from a grad student's persp","i describe 3 parts of town: student (blue), low income (yellow, high income (green).",this is where i live & work. nearly exclusively students at mizzou.,Community 1,3.0,columbia,"i describe 3 parts of town : student ( blue ) , low income ( yellow , high income ( green ) .",Named neighborhood
825,619,2185-2,https://districtr.org/COI/33106,coi,"columbia, mo from a grad student's persp","i describe 3 parts of town: student (blue), low income (yellow, high income (green).","this is where i regularly spend time. the community tends to be lower income, downtown urban residents with whom i share very little in common.",Community 2,3.0,columbia,"i describe 3 parts of town : student ( blue ) , low income ( yellow , high income ( green ) .",Named neighborhood
826,619,2185-3,https://districtr.org/COI/33106,coi,"columbia, mo from a grad student's persp","i describe 3 parts of town: student (blue), low income (yellow, high income (green).",these are wealthier neighborhoods. faculty tend to live here. higher income.,Community 3,3.0,columbia,"i describe 3 parts of town : student ( blue ) , low income ( yellow , high income ( green ) .",Named neighborhood
827,645,2409-1,https://districtr.org/COI/33639,coi,Katie's Map of Raytown,,"Raytown is a working class and racially mixed community. Some issues the community needs to have addressed are poorly maintained roads, lack of sidewalks, and lack of street lights that affect the walkability and traffic safety in the community. Additionally, the lack of inclusion in the school district is a big issue. The leadership of the school districts and Raytown's city council is almost all white. The curriculum seems to be stuck in the 1970s (when Raytown was founded and was a mostly white community). The school district and it's curriculum need to evolve with the times and reflect the current day community. Teachers also need to be paid better and given more resources to support them and their students. ",Raytown,2.0,Raytown,,Unknown
828,645,2409-2,https://districtr.org/COI/33639,coi,Katie's Map of Raytown,,,Community 2,2.0,Raytown,,Unknown
829,647,2411-1,https://districtr.org/COI/33655,coi,Four Communities in Missouri,"I grew up in the City of St. Louis, worked as the editor of a newspaper in northeast Missouri, and went to school in Columbia, where I serve as a member of an advisory board for the city's bus system. I have family who live elsewhere in the state. This map represents my understanding of how the economic and community institutions of the parts of the state with which I am most familiar work.","Cole and Boone County (as well as the City of Columbia and Jefferson City) form a single economic and cultural community. Many people commute from one community to the other, and the cities stand out from neighboring parts of the state because of their concentration of jobs in healthcare, government and education. Transportation facilities, like the City of Columbia's airport in Ashland and the Amtrak station in Jefferson City, are shared by both communities.",Mid-Missouri,5.0,Columbia,"I grew up in , worked as the editor of a newspaper in northeast , and went to school in , where I serve as a member of an advisory board for the city 's bus system . I have family who live elsewhere in the state . This map represents my understanding of how the economic and community institutions of the parts of the state with which I am most familiar work .",Community engagement
830,647,2411-2,https://districtr.org/COI/33655,coi,Four Communities in Missouri,"I grew up in the City of St. Louis, worked as the editor of a newspaper in northeast Missouri, and went to school in Columbia, where I serve as a member of an advisory board for the city's bus system. I have family who live elsewhere in the state. This map represents my understanding of how the economic and community institutions of the parts of the state with which I am most familiar work.","St. Louis and its surrounding counties share institutions, cultural events, and economic engines. People commute for work, school and recreation within this area, further knitting it together.",Greater St. Louis,5.0,Columbia,"I grew up in , worked as the editor of a newspaper in northeast , and went to school in , where I serve as a member of an advisory board for the city 's bus system . I have family who live elsewhere in the state . This map represents my understanding of how the economic and community institutions of the parts of the state with which I am most familiar work .",Community engagement
831,647,2411-3,https://districtr.org/COI/33655,coi,Four Communities in Missouri,"I grew up in the City of St. Louis, worked as the editor of a newspaper in northeast Missouri, and went to school in Columbia, where I serve as a member of an advisory board for the city's bus system. I have family who live elsewhere in the state. This map represents my understanding of how the economic and community institutions of the parts of the state with which I am most familiar work.","Towns like Bowling Green, Eolia, Clarksville and Lousiana rely on larger communities in Lincoln County for employment and shopping needs. Rivertowns like Elsberry and Winsfield are quite similar to Clarksville or Louisiana, and share a concern about flooding along the Mississippi. Some institutions (Pike-Lincoln Technical Institute) serve the whole area.",Pike-Lincoln,5.0,Columbia,"I grew up in , worked as the editor of a newspaper in northeast , and went to school in , where I serve as a member of an advisory board for the city 's bus system . I have family who live elsewhere in the state . This map represents my understanding of how the economic and community institutions of the parts of the state with which I am most familiar work .",Community engagement
832,647,2411-4,https://districtr.org/COI/33655,coi,Four Communities in Missouri,"I grew up in the City of St. Louis, worked as the editor of a newspaper in northeast Missouri, and went to school in Columbia, where I serve as a member of an advisory board for the city's bus system. I have family who live elsewhere in the state. This map represents my understanding of how the economic and community institutions of the parts of the state with which I am most familiar work.","The component parts of the Kansas City metropolitan area share cultural and economic interests. These counties represent the Missouri part of the Kansas City Area Transportation Authority, representing a recognition on the ground that they have an interest in cooperation and joint economic development.",Greater Kansas City,5.0,Columbia,"I grew up in , worked as the editor of a newspaper in northeast , and went to school in , where I serve as a member of an advisory board for the city 's bus system . I have family who live elsewhere in the state . This map represents my understanding of how the economic and community institutions of the parts of the state with which I am most familiar work .",Community engagement
833,647,2411-5,https://districtr.org/COI/33655,coi,Four Communities in Missouri,"I grew up in the City of St. Louis, worked as the editor of a newspaper in northeast Missouri, and went to school in Columbia, where I serve as a member of an advisory board for the city's bus system. I have family who live elsewhere in the state. This map represents my understanding of how the economic and community institutions of the parts of the state with which I am most familiar work.","The neighborhoods around Tower Grove Park share histories, shopping districts and regular cultural festivals.",Greater Shaw,5.0,Columbia,"I grew up in , worked as the editor of a newspaper in northeast , and went to school in , where I serve as a member of an advisory board for the city 's bus system . I have family who live elsewhere in the state . This map represents my understanding of how the economic and community institutions of the parts of the state with which I am most familiar work .",Community engagement
834,648,2417-1,https://districtr.org/COI/33672,coi,Armstrong/Slater/Fayette,"These maps cover Fayette, Armstrong and Slater","I live just outside of Armstrong in an area where farmers mainly live in single family dwellings.

Areas of shared concerns in our community are bad internet.

The roads need big improvement as well.

Lack of shopping and stores is a problem",Armstrong,3.0,,"These maps cover Fayette , Armstrong and Slater",Named neighborhood
835,648,2417-2,https://districtr.org/COI/33672,coi,Armstrong/Slater/Fayette,"These maps cover Fayette, Armstrong and Slater","I used to teach in the Slater School District. 

Lack of funding for the schools and teachers is a big problem in the district.

A high number of students are from families with low incomes. All kids up through junior high get free breakfast and lunch.

Slater has a good sports program and good education for a town this size.

Students who live outside the city limits of Slater can attend Marshall schools if they choose.",Slater,3.0,,"These maps cover Fayette , Armstrong and Slater",Named neighborhood
836,648,2417-3,https://districtr.org/COI/33672,coi,Armstrong/Slater/Fayette,"These maps cover Fayette, Armstrong and Slater","I shop and do much of my business in Fayette.

There is lack of shopping opportunities in Fayette. Basically only one grocery store and a Dollar General.

I also shop in Boonville.

I get my ongoing healthcare in Fayette and specialists in Columbia.

The Fayette square needs some additional businesses to spur the local economy.

There are some good restaurants in Fayette.

The Fayette school has a terrific band.",Fayette,3.0,,"These maps cover Fayette , Armstrong and Slater",Named neighborhood
837,659,2429-1,https://districtr.org/COI/33742,coi,Jermaine's KC Map,,"This part of KC is a very low-income community and majority minority. There is much less investment from the city in this area and you can see it in how it starkly contrasts with other parts of the city. Other neighborhoods have nice parks and nice streets (even in the winter) while our parks and roads are not maintained. And our school district is really struggling. While our schools close down here, the city puts money towards building apartments that are pricing people out of the community. People here struggle high rent and landlords who refuse to make repairs and upkeep their properties. ",Kansas City,2.0,,,Unknown
838,659,2429-2,https://districtr.org/COI/33742,coi,Jermaine's KC Map,,"Potosi--Working in Law enforcement throughout this area, I was met with a lot of racism as a Black officer. There is a prison in the area and the Black community grew as people moved closer to visit their incarcerated family members. However, they then moved out of the area because the racism is so bad. The KKK is still active in this area and it is a hard place for minorities and LGBTQ folks to live. ",Potosi,2.0,,,Unknown
839,667,2506-1,https://districtr.org/COI/33957,coi,Airport West,"concerned about lack of hospitals, kids' education, middle class families. About 1/3 renters. A significant  population are concerned about pollution. ",concerned about hospital and school ,West airport,3.0,,"concerned about lack of hospitals , kids ' education , middle class families . About 1/3 renters . A significant   population are concerned about pollution .",Family and Children
840,667,2506-2,https://districtr.org/COI/33957,coi,Airport West,"concerned about lack of hospitals, kids' education, middle class families. About 1/3 renters. A significant  population are concerned about pollution. ",,Community 2,3.0,,"concerned about lack of hospitals , kids ' education , middle class families . About 1/3 renters . A significant   population are concerned about pollution .",Family and Children
841,667,2506-3,https://districtr.org/COI/33957,coi,Airport West,"concerned about lack of hospitals, kids' education, middle class families. About 1/3 renters. A significant  population are concerned about pollution. ",,Community 3,3.0,,"concerned about lack of hospitals , kids ' education , middle class families . About 1/3 renters . A significant   population are concerned about pollution .",Family and Children
842,755,2612-1,https://districtr.org/COI/34527,coi,Modern Chinese Language School ,"Predominantly Chinese Americans, first gen from mainland China. Kids are largely in Ladue, Parkway, or Clayton school districts. Parents are concerned about education. ","Predominantly Chinese Americans, first gen from mainland China. Kids are largely in Ladue, Parkway, or Clayton school districts. Parents are concerned about education. ",People who attend Modern Chinese School,3.0,,"Predominantly Chinese Americans , first gen from mainland . Kids are largely in , or Clayton school districts . Parents are concerned about education .",Family and Children
843,755,2612-2,https://districtr.org/COI/34527,coi,Modern Chinese Language School ,"Predominantly Chinese Americans, first gen from mainland China. Kids are largely in Ladue, Parkway, or Clayton school districts. Parents are concerned about education. ",,Community 2,3.0,,"Predominantly Chinese Americans , first gen from mainland . Kids are largely in , or Clayton school districts . Parents are concerned about education .",Family and Children
844,755,2612-3,https://districtr.org/COI/34527,coi,Modern Chinese Language School ,"Predominantly Chinese Americans, first gen from mainland China. Kids are largely in Ladue, Parkway, or Clayton school districts. Parents are concerned about education. ",,Community 3,3.0,,"Predominantly Chinese Americans , first gen from mainland . Kids are largely in , or Clayton school districts . Parents are concerned about education .",Family and Children
845,759,2619-1,https://districtr.org/COI/34685,coi,Downtown Cape Girardeau Area,"This is the Southern/Eastern part of Cape Girardeau, which is also the area that is more diverse, prodomentaly renter properties, and poorer than the other parts of Cape. The infrastructure in this area is in decline. The people in this area likely care about the alarming levels of poverty, poor school facilities, and infrastructure. ","This is the Southern/Eastern part of Cape Girardeau, which is also the area that is more diverse, prodomentaly renter properties, and poorer than the other parts of Cape. The infrastructure in this area is in decline. The people in this area likely care about the alarming levels of poverty, poor school facilities, and infrastructure. ",Downtown Cape Girardeau Area ,3.0,Jackson,"This is the Southern / Eastern part of , which is also the area that is more diverse , renter properties , and poorer than the other parts of . The infrastructure in this area is in decline . The people in this area likely care about the alarming levels of poverty , poor school facilities , and infrastructure .",Infrastructure
846,759,2619-2,https://districtr.org/COI/34685,coi,Downtown Cape Girardeau Area,"This is the Southern/Eastern part of Cape Girardeau, which is also the area that is more diverse, prodomentaly renter properties, and poorer than the other parts of Cape. The infrastructure in this area is in decline. The people in this area likely care about the alarming levels of poverty, poor school facilities, and infrastructure. ",,Community 2,3.0,Jackson,"This is the Southern / Eastern part of , which is also the area that is more diverse , renter properties , and poorer than the other parts of . The infrastructure in this area is in decline . The people in this area likely care about the alarming levels of poverty , poor school facilities , and infrastructure .",Infrastructure
847,759,2619-3,https://districtr.org/COI/34685,coi,Downtown Cape Girardeau Area,"This is the Southern/Eastern part of Cape Girardeau, which is also the area that is more diverse, prodomentaly renter properties, and poorer than the other parts of Cape. The infrastructure in this area is in decline. The people in this area likely care about the alarming levels of poverty, poor school facilities, and infrastructure. ",,Community 3,3.0,Jackson,"This is the Southern / Eastern part of , which is also the area that is more diverse , renter properties , and poorer than the other parts of . The infrastructure in this area is in decline . The people in this area likely care about the alarming levels of poverty , poor school facilities , and infrastructure .",Infrastructure
